:020000040800F2
:1000000078AA0020950200082D8F00085976000874
:10001000898E0008710900085DEA000800000000F0
:1000200000000000000000000000000061A70008C0
:10003000F51700080000000091950008D9B40008E9
:10004000AF020008AF020008AF020008AF020008CC
:10005000AF020008AF020008A1190008AF020008B3
:10006000AF020008A9190008B1190008AF02000882
:10007000F9120008AF020008AF020008AF02000842
:10008000AF020008AF020008AF020008AF0200088C
:1000900075090008AF020008AF020008B91900088E
:1000A000AF020008AF020008AF020008AF0200086C
:1000B000C9B50008D5B50008AF020008AF020008B6
:1000C000AF020008AF020008AF020008AF0200084C
:1000D000AF02000845BB0008AF02000809BD0008D8
:1000E000AF020008AF020008AF020008AF0200082C
:1000F000AF020008AF020008AF020008AF0200081C
:10010000AF020008AF020008AF020008AF0200080B
:10011000AF020008AF020008AF020008AF020008FB
:10012000AF0200080513000811130008C5170008E6
:10013000AF020008AF020008AF020008AF020008DB
:1001400081090008AF020008AF02000849920008C8
:10015000D1170008DD170008E917000805BF0008DF
:10016000AF020008AF020008AF020008AF020008AB
:10017000AF020008AF020008AF0200080000000054
:10018000AF020008AF02000800F002F800F072F8B9
:1001900014A696E8000CB244B344DA4501D100F04D
:1001A00069F8BAE80F000FA696E83000A5EB040541
:1001B00004EB0607AAEB0704A7F101074FEA1515A0
:1001C0004FEA3414A4F10104AC4201D300F052F818
:1001D00013F0010F18BFFB1A43F0010300F001F800
:1001E000DBE718475C6801007C6801000A444FF0B7
:1001F000000C10F8013B13F0070408BF10F8014B86
:100200001D1108BF10F8015B641E05D010F8016BCA
:10021000641E01F8016BF9D113F0080F1EBF10F82E
:10022000014BAD1C0C1B09D16D1E58BF01F801CB51
:10023000FAD505E014F8016B01F8016B6D1EF9D5D4
:100240009142D6D37047000070470000002300247D
:1002500000250026103A28BF78C1FBD8520728BFD6
:1002600030C148BF0B6070471FB515F000FD1FBDC2
:1002700010B510BD00F083F91146FFF7F5FF10F03F
:10028000A7FA00F0A1F903B4FFF7F2FF03BC00F0F6
:10029000A5F900000948804709480047FEE7FEE746
:1002A000FEE7FEE7FEE7FEE7FEE7FEE7FEE7FEE726
:1002B00004480549054A064B70470000B5B50008DB
:1002C0008901000878A4002078AA002078A60020E0
:1002D00078A6002053EA020C00F069802DE9F04B6B
:1002E0004FF00006002B1FBFB3FA83F503FA05F4A5
:1002F00024FA05F65E4012BF1643B2FA82F502FAFE
:1003000005F4C5F120051EBF22FA05FC44EA0C04E1
:10031000203556EA044C4FEA144418BF641C4FF0D1
:1003200000084FF00009904271EB030C39D300290B
:1003300019BFB1FA81F701FA07F6B0FA80F700FAAF
:1003400007F6C7F120071EBF20FA07FC46EA0C0695
:100350002037B6FBF4FCA7EB0507103F07F01F0B97
:10036000CBF120062CFA06F60CFA0BFB44BFB34681
:100370000026202FA4BF5E464FF0000B5BEA060C60
:1003800008BF4FF0010B19EB0B0948EB0608ABFB5C
:10039000027C06FB02CC0BFB03CCC01B71EB0C01F7
:1003A000C1E70B46024641464846BDE8F08B13B50F
:1003B000084318BF4FF0FF300146AFF30080BDE89F
:1003C0001C40704710B5431C02E010F8011B71B1CE
:1003D0008107FAD14FF0013202C88C1A8C4314EA1B
:1003E000C211F9D0C01A0A0603D0C01E10BDC01A2F
:1003F00010BD0A0401D0801E10BD0902FCD0401EB1
:1004000010BD032A40F2308010F0030C00F015807C
:1004100011F8013BBCF1020F624498BF11F801CB07
:1004200000F8013B38BF11F8013BA2F1040298BF6C
:1004300000F801CB38BF00F8013B11F0030300F0D6
:100440002580083AC0F0088051F8043B083A51F87A
:1004500004CBA0E80810F5E7121D5CBF51F8043B7F
:1004600040F8043BAFF30080D20724BF11F8013BF2
:1004700011F801CB48BF11F8012B24BF00F8013B54
:1004800000F801CB48BF00F8012B704710B5203AA7
:10049000C0F00B80B1E81850A0E81850B1E818502F
:1004A000A0E81850203ABFF4F5AF5FEA027C24BF01
:1004B000B1E81850A0E8185044BF18C918C0BDE8EA
:1004C00010405FEA827C24BF51F8043B40F8043BB3
:1004D00008BF7047D20728BF31F8023B48BF11F868
:1004E000012B28BF20F8023B48BF00F8012B7047C2
:1004F00002F0FF0343EA032242EA024200F002B89C
:100500004FF0000200B5134694469646203922BFAC
:10051000A0E80C50A0E80C50B1F12001BFF4F7AFF7
:10052000090728BFA0E80C5048BF0CC05DF804EBD9
:10053000890028BF40F8042B08BF704748BF20F847
:10054000022B11F0804F18BF00F8012B7047704745
:100550007047704710B500F00DF8006810BD10B579
:10056000044600F007F8046010BD00000048704722
:10057000E001002000487047E00100207047754608
:10058000FFF7F4FFAE4605006946534620F007002A
:10059000854618B020B5FFF78BFEBDE820404FF030
:1005A00000064FF000074FF000084FF0000BAC467C
:1005B000ACE8C009ACE8C009ACE8C009ACE8C009C7
:1005C00021F007018D46704710B50446AFF3008057
:1005D0002046BDE81040FFF756BE00000149182034
:1005E000ABBEFEE72600020013F0F0BC13F084BDA2
:1005F0000EF070BA00281CBF002101607047000097
:1006000000281EBF0021C4F2B01101607047000035
:10061000B1EEC00AB7EE001A81EE000A7047000082
:100620000EF0A2BA0020C4F202001021012203F051
:10063000E7BC00000020C4F202001021002203F0F9
:10064000DFBC00007047000040F20040C4F202002E
:100650000121012203F0D4BC40F20040C4F20200A8
:100660000121002203F0CCBCB0F9003040F2180C9C
:10067000C2F2000C00EE103A9CED001AB8EEC00A6F
:1006800021EE000A81ED000AB0F902309CED001A5B
:1006900000EE103AB8EEC00A21EE000A81ED010A20
:1006A000B0F9043000EE103AB8EEC00A21EE000AAC
:1006B00081ED020AC3798179007A1B0243EA004086
:1006C000084400EE100A9FED041AB8EE400A20EE2E
:1006D000010A82ED000A704700401C42704700008A
:1006E00010F0E4B90FF0E6BAB0F9002000EE102ADD
:1006F00040F21802C2F2000292ED011AB8EEC00AEE
:1007000021EE000A81ED000AB0F9023092ED011AE3
:1007100000EE103AB8EEC00A21EE000A81ED010A9F
:10072000B0F9040000EE100AB8EEC00A21EE000A8B
:1007300081ED020A7047000010B5FFF783FFFFF755
:10074000CDFF0EF0A7FB08B1802402E00EF052FAB4
:1007500004460EF0E3FE00281CBF44F0400010BD2C
:100760000EF0D0FD204310BD2DE9F04F83B0029272
:100770000E460190FFF75EFF922000F0C3F8922032
:1007800000F0C0F8552000F0BDF88046552000F07C
:10079000B9F80546552000F0B5F88246552000F01E
:1007A000B1F80446552000F0ADF88346552000F01E
:1007B000A9F80746FFF736FF48EA052040F2180976
:1007C00000B2C2F2000900EE100A99ED001AB8EE6C
:1007D000C00A4AEA042021EE000A00B286ED000AAF
:1007E00000EE100A4BEA072000B299ED001A02EE63
:1007F000100AB8EEC00AB8EEC22A21EE000A21EEB5
:10080000021A86ED010A86ED021AFFF725FF802005
:1008100000F078F8552000F075F80646552000F0F5
:1008200071F8552000F06EF88246552000F06AF805
:100830000546552000F066F88346552000F062F822
:100840000446552000F05EF80746552000F05AF89F
:100850008046FFF7F9FE0F2E25D14AEA052000B2A7
:1008600000EE100A99ED011AB8EEC00A01994BEAA0
:10087000042021EE000A00B281ED000A00EE100A09
:1008800047EA082000B299ED011A02EE100AB8EE0C
:10089000C00AB8EEC22A21EE000A21EE021A81ED4A
:1008A000010A81ED021AFFF7C5FEA22000F02AF826
:1008B000A22000F027F8552000F024F8044646B2A4
:1008C000552000F01FF80546FFF7ACFEE00040EAB7
:1008D00055104FF60001CFF6FF71002E48BF0843B8
:1008E00000EE100AB8EEC00AB4EE001A20EE010ABB
:1008F000B3EE071A029830EE010A80ED000A03B049
:10090000BDE8F08F80B582B08DF8070043F28860B3
:100910004FF47A7CC2F200000DF107010DF10602DE
:100920000123CDF800C005F065FB9DF8060002B07C
:1009300080BD000090F900204078D3B2DB0043EA8C
:1009400050104FF60003CFF6FF73002A48BF18433C
:1009500000EE100AB8EEC00AB4EE001A20EE010A4A
:10096000B3EE071A30EE010A81ED000A704700006D
:10097000FEE7000042F65860C2F2000002F0D0BC70
:1009800042F68060C2F2000002F0CABC10B58AB024
:100990000024CDE903140821DDE90CECCDE907447E
:1009A0000791110A8DF80410190A8DF806104FEA04
:1009B0001E218DF808104FEA1C218DF805208DF8B6
:1009C00007308DF80A1003A901AA09ABCDE9054447
:1009D0008DF809E08DF80BC002F032FB0AB010BDB3
:1009E00080B58AB04FF0000ECDE9031E0821DDF876
:1009F00030C0CDE907EE0791110A8DF80410190AED
:100A00008DF806104FEA1C618DF808104FEA1C4162
:100A10008DF809104FEA1C218DF805208DF807305C
:100A20008DF80A1003A901AA09ABCDE905EE8DF8EE
:100A30000BC002F005FB0AB080BD00002DE9F041BB
:100A40008AB00DF1480E0024DDF854C09EE8204124
:100A5000DDE91076CDE903140821CDE907440791BB
:100A60008DF804208DF8053003A901AA09ABCDE962
:100A700005448DF806708DF807608DF808508DF8E4
:100A800009808DF80AE08DF80BC002F0D9FA0AB09F
:100A9000BDE8F08180B58AB001F5A0710023039113
:100AA00008210893CDE906330791A121CDE904334C
:100AB0008DF80410ADF8082003A901AA09AB02F0D3
:100AC000BFFA0AB080BD000080B58AB001F5A07100
:100AD0000022039108210892CDE90622079188217E
:100AE000CDE904228DF80410CDF80520029203A967
:100AF00001AA09AB02F0A4FA0AB080BD0020704739
:100B00000020704710B542F6EC24C2F2000441F612
:100B10009041C2F20001204600220BF07BFD41F221
:100B20009041C2F2000120460BF066FD002010BD8E
:100B300070B542F6EC2549F60856C2F20005C2F23D
:100B400000060C46284631460BF056FD28460BF0B1
:100B50002DFD20680121A6F84000002086F84210F3
:100B600070BD00000020704742F6EC22C2F2000285
:100B7000D2F8BC22D2F81432002B1CBF01207047DF
:100B800010B542F6EC24C2F200040A4601462046A3
:100B90000BF040FD2046BDE810400BF0BFBD00004B
:100BA00000284FF6FF7318BF002901D198B2704793
:100BB000B0B54A1E45F6687501F0030C032AC0F66D
:100BC000010527D321F0030110F8042B043982EA30
:100BD0000302D2B235F8122010F8034C82EA132334
:100BE00083EA0403DBB235F8133010F8024C83EAD1
:100BF000122282EA0402D2B235F8122010F8014C17
:100C000082EA132383EA0403DBB235F8133083EA64
:100C10001223D9D1BCF1000F1BD001789AB25940F0
:100C2000C9B235F81110BCF1010F81EA122310D0BE
:100C30004278DBB25A4035F812E0BCF1020F8EEA7E
:100C4000112306D08078D9B2484035F8100080EAE8
:100C50001E23BDE8B04098B27047000051B1B0B556
:100C600045F6686201F0030C0429C0F6010205D2C2
:100C7000FF211CE0FF21C8B2704700BF21F0030E26
:100C80000023FF2110F8044BC9B2614010F8035C47
:100C9000515C10F8024C6940515C10F8015C6140F5
:100CA000515C04336940515C9CB27445EAD1BCF19B
:100CB000000F10D00378BCF1010F81EA0301515CF1
:100CC00009D04378BCF1020F81EA0301515C02D0E4
:100CD00080784840115CBDE8B040C8B27047000061
:100CE000B0B582B040F20D3188421DDC40F24111B6
:100CF000884200F0738040F20121884200F08A802F
:100D000040F20D31884240F0B78040F26440C2F2B8
:100D10000000D0E9060140F2A432C2F200021060E5
:100D2000516002B0B0BD00BFA0F2016103292FD80D
:100D30000FF20400DFE811F00400F400A200D80074
:100D400040F26440C2F20000018B09BA090CB1F50F
:100D5000037F4180C0F25081A1F503710B2900F29D
:100D60008B80DFE811F00D00C50189008900F901D1
:100D7000D901D301F10109020102E101E90100BF3A
:100D8000807E40F24331C2F20001087002B0B0BD73
:100D900040F20E31884265D040F20F3188426BD16B
:100DA00040F26440C2F20000017E42F2D05301EBF7
:100DB0008102C2F2000303F81210418B03EB4202DE
:100DC00009BA838BC08B090C518019BA00BA090C7F
:100DD000000C9180D08002B0B0BD00BF40F26440F2
:100DE000C2F20000B0F91C109FEDA91A00EE101A13
:100DF000B8EEC00A80EE010AC18F428B8187C18B99
:100E0000A0F84420C187417E80F8461080ED100A8A
:100E100002B0B0BD43F6FC1140F26443C2F20001DF
:100E2000C2F2000348881A8B088010BA5A8B000C53
:100E30004880D0BA00EE100A988BB8EEC00A00BA0B
:100E4000000C0881987F81ED010A887208688A6821
:100E500010EE101A03F1040CCDF800C008F016F8DB
:100E600002B0B0BD40F26440C2F20000806940F2BE
:100E7000A431C2F20001886002B0B0BD40F264400B
:100E8000C2F20000018B6FF0C8030ABA110C03EB29
:100E900012420A2A418000F27180DFE812F00D0050
:100EA000FB000B000B000B0011010B000B000B00F3
:100EB0000B00E100E0E700BF40F27851C2F2000110
:100EC0000A7BC37E90F81FC0808B03F0010302F001
:100ED000FB0200BA42EA8302000C0A73088181F81F
:100EE00000C002B0B0BD00BF40F26440C2F20000DA
:100EF000018B09BA090CB1F5997F418064D040F2A9
:100F0000311291424CD0CC29B6D140F27431827E5C
:100F1000C07EC2F200018A71887002B0B0BD00BF0D
:100F200040F26440C2F20000018B09BA090C0429A6
:100F3000418015DC032973D004299DD1418B40F2F7
:100F4000B26209BA838BC08B090CC2F20002D18055
:100F500019BA00BA090C000C5181D08102B0B0BDA1
:100F600005296FD0D1297FF487AFC06940F258318D
:100F700000BAC2F20001086002B0B0BD40F22F1208
:100F8000914200F0AB80B1F5987F7FF475AFC069F6
:100F900040F2B03100BAC2F20001486002B0B0BD08
:100FA00040F2C471827EC2F20001C37E057F447F9D
:100FB000CA72827FC07F0B744D758C76CA7781F8B8
:100FC000240002B0B0BD00BF40F2C471827EC2F204
:100FD0000001C37E057F447F81F82920827FC07F86
:100FE00081F82E3081F8335081F8384081F8422062
:100FF000887102B0B0BD00BF012900F0C58065292D
:1010000000F0DE80D0297FF437AF418B40F2883288
:1010100009BA808B090CC2F2000211800DE000BFFA
:10102000418B40F2B26209BA838B090CC2F2000212
:10103000118019BA090CC08B518000BA000C908045
:1010400002B0B0BD418B808B09BA40F2B26200BAE7
:10105000090CC2F20002000CD181908102B0B0BD37
:1010600040F2785CC2F2000C827E9CF80CE0C37EF9
:1010700002F001050EF0F804017F44EA450503F093
:101080000104254461F382058CF80C5005E000BF93
:1010900000007042827EC37E017F43EA022240F25A
:1010A0008853C2F200035A81427F807F42EA0121C5
:1010B000198140F2B031C2F20001087202B0B0BD35
:1010C000C17E407F01F00F0141EA001040F2423141
:1010D000C2F20001087002B0B0BD00BFC06940F2AA
:1010E000B03100BAC2F20001086002B0B0BD00BF6A
:1010F000418BC06909BA40F26832090CC2F20002A1
:1011000000BA9180106002B0B0BD00BFC06940F26B
:101110009C71C2F20001AEE6C06940F29C71C2F25D
:101120000001486002B0B0BDC06940F29C71C2F2DB
:101130000001886102B0B0BDC06940F29C71C2F28A
:101140000001C86102B0B0BDC06940F29C71C2F23A
:101150000001C86002B0B0BDC06940F29C71C2F22B
:101160000001086002B0B0BDC06940F29C71C2F2DB
:101170000001486102B0B0BDC06940F29C71C2F28A
:101180000001086102B0B0BD40F29831C2F2000126
:101190000A78C37E02F00F0242EA0312838B0A70C0
:1011A0001ABAC08B120CA1F8012000BA40F24B31E0
:1011B000000CC2F20001A1F8010002B0B0BD00BFF6
:1011C000C06940F2503100BAC2F20001086002B0BA
:1011D000B0BD000040F26440C2F20000016A40F27B
:1011E0000222914220DC112944D0122962D0B1F5AB
:1011F000A17F63D1B0F91C109FED3E1A00EE101ACA
:10120000B8EEC00A80EE010AB0F84A10428BA0F88E
:101210004810C18BA0F85020A0F84A10417E80F8F9
:10122000521080ED130A704740F20722914227D0F6
:10123000B1F5017F44D040F20322914218BF7047BC
:1012400043F6FC11C2F200014A8B038B0A831ABADF
:10125000438B120C4A83DABA00EE102A828B807F0D
:1012600012BAB8EEC00A120C81ED070A0A8481F89E
:1012700022007047D0E90612C0E90212704700BF91
:10128000B0F85610028BA0F8541011BA428B090C1A
:10129000A0F85610D1BA00EE101A818BB8EEC00A31
:1012A00009BA090CA0F85C10817F80ED160A80F85D
:1012B0005E107047D0E90612C0E90412704700BF03
:1012C00043F6FC11C2F20001CA8C038B8A841ABA5D
:1012D000438B120CCA84DABA00EE102A828B807F0C
:1012E00012BAB8EEC00A120C81ED0A0A8A8581F89A
:1012F0002E0070470000704243F23000C2F200003E
:1013000002F03ABB43F29000C2F2000002F034BB9C
:1013100080B500F009F842F6B060C2F20000BDE806
:10132000804002F029BB0000B0B543F28860C2F2F1
:101330000000C16C46F2A040C4F202000968A0F1AE
:10134000480246F29F059142C4F2020522D950F8A4
:101350009C2CA9424FF0200364DD46F23F45C4F2C5
:101360000205A94278DC46F2A005C4F20205A942B2
:1013700000F08A8046F21045C4F20205A94200F04E
:10138000CC8046F22843C4F20203994200F0C380A5
:1013900080E100BF46F25802C4F2020202F160038B
:1013A00099421FD9D2F8A823A9424FF0200340F355
:1013B0008F8046F23F45C4F20205A94200F3D08077
:1013C00046F2A005C4F20205A94200F0F18046F2FF
:1013D0001045C4F20205A94200F0048146F22843F8
:1013E000FAE000BF914255D952F854CCA9424FF0CF
:1013F000200455DC46F23F05C4F20205A94240F341
:10140000F58046F24005C4F20205A94200F0D680FC
:1014100046F27005C4F20205A94200F0F58046F2DA
:101420008805EBE046F23F05C4F20205A94265DDFE
:1014300046F24005C4F20205A94225D046F27005E5
:10144000C4F20205A94268D046F28803C4F202033E
:10145000994214D01EE100BF46F24045C4F2020595
:10146000A94211D046F27045C4F20205A94254D0F7
:1014700046F28843C4F20203994240F00B814FF4D4
:10148000006313424CD13CE14FF40013134247D1A7
:1014900037E100BF52F858CCA9424FF02004A9DD33
:1014A00046F23F45C4F20205A94271DC46F2A005AE
:1014B000C4F20205A94200F0818046F21045C4F250
:1014C0000205A94200F0A08046F2284596E000BF40
:1014D00046F23F05C4F20205A94275DD46F2400519
:1014E000C4F20205A94263D046F27005C4F20205B7
:1014F000A94277D046F2880340E000BF46F21005CB
:10150000C4F20205A94208D046F22803C4F202033D
:10151000994240F0BF804FF40063134200F0F18025
:1015200046F27042C4F2020291420BD046F2884267
:10153000C4F20202914209D14FF4006240F8942CA7
:10154000F1E000BF202240F8942CECE04FF0006264
:10155000814208BF4FF4001240F8942CE3E000BF32
:1015600046F24045C4F20205A94221D046F2704538
:10157000C4F20205A94235D046F28843C4F2020300
:10158000994240F0A9804FF40063134242D1B8E081
:1015900046F24045C4F20205A9420FD046F270451A
:1015A000C4F20205A9422FD046F2884526E000BFCA
:1015B0004FF4001313422DD1A3E000BF4FF40014E9
:1015C00004EA0C0525BB9CE046F21005C4F20205B6
:1015D000A94207D046F22803C4F2020399427BD104
:1015E0004FF40063134215D18BE000BF46F21005A3
:1015F000C4F20205A94207D046F22805C4F202054A
:10160000A94273D14FF4006404EA0C05002D78D090
:10161000994219D946F21042C4F20202914235D0E1
:1016200046F22842C4F20202914229D046F24042D8
:10163000C4F2020291420CBF4FF400114FF000615E
:1016400040F8981C6FE000BF91422DD946F270001F
:10165000C4F2020081425FD046F28800C4F2020068
:1016600081424FD046F2A000C4F2020081420CBF7A
:101670004FF400104FF0006042F84C0C53E000BFF4
:101680004FF4006140F8981C4DE000BF202140F865
:10169000981C48E04FF00063814208BF4FF40013EC
:1016A00013427FF43DAF2CE046F21000C4F202007A
:1016B000814235D046F22800C4F20200814227D090
:1016C00046F24000C4F2020081420CBF4FF4001009
:1016D0004FF0006025E000BF4FF00063814208BF7B
:1016E0004FF40013134295D10BE000BF4FF000649C
:1016F000814208BF4FF4001404EA0C05002D7FF46A
:1017000087AFB0BD4FF4006042F84C0C0BE000BF57
:101710004FF4006005E000BF202042F84C0C02E0CE
:10172000202042F8500C40F22475C2F200052878BF
:1017300000248007C4F2020422D46878800730D4E1
:10174000A87880070CD5A878102100F0FD00A870BB
:10175000A878012240F00400A870204602F050FC56
:101760000EF03CFE2878400758BFB0BD43F610404D
:10177000C4F20100016841F001010160B0BD00BF89
:101780002878012100F0FD0028702878012240F01F
:101790000400287004F5806002F032FC687880074D
:1017A000CED56878102100F0FD00687068780122BD
:1017B00040F004006870204602F022FCA878800700
:1017C000C1D4CDE742F61070C2F2000002F0D4B8E6
:1017D00042F67070C2F2000002F0CEB843F2F000A0
:1017E000C2F2000002F0C8B842F6D070C2F20000A7
:1017F00002F0C2B87047000040F24460C2F200003C
:101800000078032888BF7047B0B542F21854C2F27E
:101810000004DFE800F00345113500BF94ED000A35
:10182000DFED580A002504F11C00656084F8B4500F
:1018300007F0D6FD77E000BF40F23840C2F200006A
:101840000178012958D140F28851C2F2000149893A
:10185000B6EE082A00EE101A40F27851C2F20001EA
:101860000989B8EE400A01EE101AB8EE411A21EECD
:10187000021AB4EE401AF1EE10FA43DD008C04E0D7
:1018800040F2D610C2F2000000784FF4877148434E
:1018900000EE100AF8EE400AC4ED010A34E000BF81
:1018A00040F23840C2F20000007801283CD140F2FA
:1018B0008850C2F2000040899FED332A00EE100AE2
:1018C00040F27850C2F200000089B8EE401A00EEF3
:1018D000100AB8EE400A20EE022A94ED020AB4EE95
:1018E000412AF1EE10FA23DD9FED281A30EE011A9D
:1018F00084ED031A1EE000BF0020DFED220A6060C5
:1019000002E000BFD4ED010A94ED000A002084F843
:10191000B40004F11C0007F063FD94ED100ABDEE65
:10192000C00A10EE105AE582BDE8B040704700BF13
:1019300094ED031A9FED162A30EE410AB4EE420AE6
:101940000120F1EE10FA84F8B40003DD9FED131AC4
:1019500009E000BF9FED0F1AB4EE410AF1EE10FA54
:1019600003DA9FED0D1A30EE010ADFED060AB1EE43
:10197000400A04F1680007F033FD94ED000AD4ED4D
:10198000230AC6E7000000009A99593F000080C46E
:1019900000008045000080C500000046000000C631
:1019A000012002F051BA0000082002F04DBA0000F8
:1019B000102002F049BA0000202002F045BA0000D1
:1019C00072B600BFFEE7000070B52DED088B04462F
:1019D00090F8C00001280BD0002871D194ED010AC5
:1019E000D4ED020A04F1280007F0FAFC61E000BF20
:1019F0009FED378A94ED080A04F17400F0EE480A6E
:101A000007F028FC94ED030A94ED261A94ED082AB9
:101A100031EE009AB0EEC2BAB2EE0E0AB4EE40BA9F
:101A2000F1EE10FAB1EE49AA02DDB5EE001A15E0AA
:101A30001BEE100A14F080F89FED230B024656ECC3
:101A4000105B0B462846314613F088FF2A46334682
:101A500013F05EFC13F076FB01EE100A9FED1D0AF9
:101A600004F12800B4EE40BAF1EE10FAB8BFB0EEBF
:101A7000481A94ED010A61EE0A0A07F0B1FCB0EED3
:101A8000C90A4FF4AF70B5EE409AB6EE001A42F2B2
:101A9000E071F1EE10FABCBF4FF6A260CFF6FF7016
:101AA000B4EE410AC2F20001F1EE10FAD8BF0020F4
:101AB000086094ED130ABDEEC00A10EE100AE0842F
:101AC000BDEC088B70BD00BF0000000000002E4080
:101AD00000000000CDCCCC3D2DE9F04740F664007D
:101AE000C2F2000040F2787190ED070A9FEDCE1A25
:101AF00042F6A000C2F20001C2F200000A6820EE25
:101B0000010A90ED011A9FEDC92A9FEDC93A426181
:101B100040F2A04221EE021A20EE030AC2F20002B5
:101B200030EE010A91ED011AD18948F21373591A66
:101B300080ED010A02EE101A9FEDBE0AB8EEC22A2D
:101B400082EE002A5188B1EE411A80ED061A01EEAC
:101B5000101AB8EE411A80ED041A9FEDB71A1389D6
:101B600040F27847C2F200073F688384938A32EEDE
:101B7000022A22EE013AB4EE413AF1EE10FAC0F830
:101B8000C870A0F8E83003DD9FEDAE3A09E000BF71
:101B90009FEDAA4AB4EE443AF1EE10FA05DA9FED51
:101BA000A83A22EE012A32EE033A40F2704342F2A2
:101BB000E47AC2F20003C2F2000A93ED002A9AF816
:101BC000223080ED353A012B80ED362A40F08E80B0
:101BD000BAEE0E3AB4EE432AF1EE10FA12DA00230E
:101BE0004CF6CD470026C4F29633C3F64C77C4F2C8
:101BF000F0169FED9F3A9FED9F4AC0E96D37C0F800
:101C0000BC6166E0B9EE044AB4EE442AF1EE10FA83
:101C100020DCB4EE432AF1EE10FA1BDBB2EE043AFC
:101C20009FED894A22EE033A33EE043A80ED6D3A95
:101C30009FED863A4CF6CD4332EE033AC3F64C7331
:101C400080ED6F3A9FED823A9FED824AC0F8B8313D
:101C50003FE000BFB0EEC24AB1EE043AB4EE434AF0
:101C6000F1EE10FA14DAB8EE043A9FED7E4A22EE55
:101C7000033A4CF6CD4333EE043AC3F64C7380ED91
:101C80006D3A9FED793A9FED794AC0F8B83120E07E
:101C9000B2EE0E4AB4EE442AF1EE10FA00F3AE8032
:101CA000B4EE432AF1EE10FAC0F2A88032EE023A06
:101CB00031EE433A80ED6D3A4CF6CD4300279FED6F
:101CC000663A9FED664AC3F64C63C4F27017C0E9EA
:101CD0006E3722EE033A33EE043A4CF28F2700239C
:101CE000C3F6F55780ED803AC0E98137528B40F654
:101CF000BF239A1A03EE102A9FED5F4AB8EEC33A4B
:101D000083EE043A33EE034A24EE013AB4EE413A4C
:101D1000F1EE10FA02DD9FED4B3A08E09FED475AD5
:101D2000B4EE453AF1EE10FA05DA9FED453A24EEAD
:101D3000011A31EE033A42F6B432511A01EE101A8A
:101D4000B8EEC11A81EE001A40F27441C2F20001ED
:101D500091ED000AB5EE402A80ED663AB1EE403AC8
:101D6000F1EE10FAC8BFB0EE430A80ED630A9FEDB2
:101D7000430A40F26C41C2F20001096831EE012AC7
:101D800022EE001AB4EE401AF1EE10FAC0F89C11DF
:101D900002DD9FED3D1A08E09FED393AB4EE431A9B
:101DA000F1EE10FA05DA9FED371A22EE000A30EE56
:101DB000011A11EE100A13F0BFFE8046DAF808008F
:101DC000894613F0B9FE9FED160B57EC106B3246A7
:101DD0003B4613F0C5FC04460D4640464946324694
:101DE0003B4613F0BDFC22462B4613F0DDF913F001
:101DF000A9F9CAF80800BDE8F08700BF00234CF637
:101E0000CD4700269FED163AC4F21633C3F64C6751
:101E1000C4F27016C0E96D37C0F8BC615DE700BF61
:101E2000000000000000E03FE12E65423333333F05
:101E30009A99993E00FF7F4700003443000034C365
:101E40000000B4430000B4C30000E143000034428A
:101E50001D5AE4BE14AEA73FCDCC4C3E9A99993F93
:101E6000333383400000DC414C3709BE14AE3740A9
:101E700098DD53BE39B49C4000F8FF45DB0F494064
:101E8000DB0F49C0DB0FC940DB0FC9C02DE9F04FA4
:101E900081B02DED048B40F2D054C2F200044FF01B
:101EA000814044F8380F0020C4F24840A346002186
:101EB0004BF8300D0020C4F2C82144E90B0143F275
:101EC0003331C4F20311A2464AF8241D49F69A118F
:101ED000C4F2A111A14649F8181D0021C4F2202125
:101EE00044E9050143F23331C4F2AB01A0464CF69C
:101EF000CD4248F80C1D45F62941C3F6CC52C3F635
:101F00000F4143F2333744E9021241F26F2343F6A3
:101F10005811C4F2330744E90820C3F68323C3F6FB
:101F2000344146F26666C4E903720022C3F6E676DF
:101F3000C4E90131C4F28C324FF07C53002704F124
:101F4000240CC4E90506C4F2A01746F266664CF2FA
:101F50008F258CE88C0040F2F46243F23333C4F2F4
:101F60000E16C3F6F555C2F20002C4F26303C4E9CB
:101F70000C60C2E900354CF6CD4300264CF6CD4747
:101F8000C3F64C63C4F24836C4F20C17C2E904012C
:101F90000021C2E90736C2E90A0642F6A006C4E9F2
:101FA0000700A563C2E90257C4F22F311746154650
:101FB0004FF08240C2F2000645F8181F47F8240F80
:101FC0003046BC21FEF79CFA06F1C400BC21FEF7A6
:101FD00097FA06F5C470BC21FEF792FA42F2E4705B
:101FE0009FED478AC2F200009FED440A2430002191
:101FF0005A46F0EE480A07F0B3FA9FED420ADFEDC9
:10200000420A06F128000021524607F0A9FA9FED86
:102010003F9A06F1740000214A46B0EE490AF0EEFC
:10202000480A07F09DFA9FED3A0ADFED3A0A06F5F5
:10203000D87000212A4607F093FA9FED370A06F57B
:10204000FE7000213A46F0EE480A07F089FADFED0B
:10205000330A06F1EC0000214246B0EE490A07F0CF
:102060007FFA9FED2F0A06F59C7000212246F0EEC4
:10207000480A07F075FA40F2A040C2F20000408B17
:102080009FED281A00EE100AB8EE400A9FED262AAE
:1020900031EE400A80EE021A4FF2000042F2E47183
:1020A0009FED220AC4F22B50C2F20001486041F2B7
:1020B0000030C4F207700861084631EE011A21EEC3
:1020C000002AB4EE402AF1EE10FA03DD9FED1A2A41
:1020D00009E000BF9FED163AB4EE432AF1EE10FA84
:1020E00005DA9FED142A21EE000A30EE022A80ED77
:1020F000052ABDEC048B01B0BDE8F08F00A08C4533
:10210000000000000000E1440000DC420080BB440D
:1021100000606A460000FA450000FA4300000243EE
:1021200000002F4400F02B4500F8FF450000344329
:10213000000034C30000B4430000B4C3B0B52DEDBB
:10214000028BD0ED020AB6EE001AB0EEE00A0446A9
:1021500090F8C000B4EE410AF1EE10FA04DA18B9B2
:10216000012084F8C00001E0012879D140F2BC30A0
:10217000C2F2000094ED050A94ED071AC07A31EE20
:10218000400A022884ED080A73D094ED080ADFEDB6
:102190009E0A04F1740007F023F940F22005C2F210
:1021A000000594ED031A94ED262A95ED013A95ED7C
:1021B000004A23EE011A24EE422A94ED010A32EE7F
:1021C000418A04F12800F0EE480A07F009F994ED7D
:1021D000050A9FED8E1A9FED8E2A20EE011A20EE41
:1021E000022A21EE001A9FED8B3A31EE021A9FED82
:1021F0008A2A31EE031A9FED893A20EE022A20EE58
:10220000033A22EE000A9FED862A40F2D05030EECB
:10221000030AC2F2000030EE020AB1EE412AB5EE26
:10222000408A80ED001A85ED020AF1EE10FAC8BF6F
:10223000B0EE421A9FED7B2AB0EEC83AB4EE423AB5
:10224000F1EE10FA80ED011A22DD9FED772AB4EE4F
:10225000421AF1EE10FA22DC9FED742A2EE000BF44
:1022600040F2BC31C2F20001C97A62690229E2611E
:1022700018D104F1280007F069F904F1740007F09F
:1022800065F9B4F9261046F2A810814248DD51E004
:10229000B3EE092AB4EE421AF1EE10FA0CDD80ED2D
:1022A000012A12E0002849D0B4F9261046F2A810FD
:1022B000814235DD3EE000BFBBEE092AB4EE421A92
:1022C000F1EE10FAB8BF80ED012A94ED081A9FEDE7
:1022D000582AB0EEC11AB4EE421AF1EE10FA10DA32
:1022E0009FED542A0021B4EE421AF1EE10FA41603B
:1022F00007DA94ED131A9FED502A21EE021A84EDAD
:10230000131A94ED131A30EE410ABDEEC00A10EE16
:10231000100AE084B4F9261046F2A810814209DCC4
:1023200049F65760CFF6FF70814204DC49F65860E9
:10233000CFF6FF70E084BDEC028BB0BD94ED010AD6
:1023400004F1280007F04CF894ED050A9FED251ADA
:102350009FED252A20EE011A20EE022A21EE001A16
:102360009FED223A31EE021A40F2D05031EE031ABC
:10237000C2F2000080ED001A9FED1D1A9FED1D2A8C
:1023800020EE011A20EE022A21EE000A9FED1A1A11
:1023900030EE020A30EE010A90ED011A9FED172A85
:1023A00040F22001B4EE421AC2F20001F1EE10FA3E
:1023B00081ED020A06DC9FED122AB4EE421AF1EE1C
:1023C00010FA03DAB0EE421A80ED012A94ED132AD6
:1023D0009FED0C3A30EE420A21EE031A31EE000A6C
:1023E00093E700BF6C0979BD3A230AC0856B81422F
:1023F000713D8A3DDDB5843C33B33FC300008C4260
:1024000000008CC2CDCCCC3E00000000744694BCD1
:102410004182423F3B5F9342B7D180BD36CD9BBEE8
:1024200071BD48C36666E63F0000C8420000C8C2EE
:10243000CDCC4C3E8FC2F53D6666663F0000000085
:102440002DE9F0412DED068B90ED019A0446B5EE95
:10245000409AB0EE608AF1EE10FA05D100209FEDAF
:102460005A9AC4F2842060609FED581A40F2000826
:10247000B4EE410AF1EE10FAA8BFB0EE410ABAEE8E
:102480000E1AB4EE418AF1EE10FAD8BFB0EE418ACE
:10249000B4EE480ACCF24838F1EE10FAC4F80080E5
:1024A00026D142F2E47042F6A004C2F200000021FC
:1024B000C2F2000480F8221094F8840184F8C0105D
:1024C000E161C4F8088038B9D4F8D800C4F8E00055
:1024D00004F59C7007F03AF8012084F8840184ED3B
:1024E000388A84ED349ABDEC068BBDE8F08100BFDC
:1024F00042F6A007C2F20007D7F8D800B0EE40AA13
:1025000013F01AFB054618EE100A0E4613F014FBE2
:102510009FED290B53EC102B12F046FE2A46334652
:1025200013F051FB30B997ED320A9FED2D1A9FED54
:102530002D2A14E01AEE100A13F0FEFA9FED200B7C
:1025400053EC102B12F030FE2A46334613F034FBC6
:1025500000BB97ED320A9FED201A9FED202A20EE56
:10256000010A30EE029A84ED019A42F2E470C2F25E
:102570000000002180F8221087F8C010F961C7F828
:10258000088087F8841187ED339ABDEC068BBDE88F
:10259000F08100BFB5EE409AF1EE10FA08DAB5EE20
:1025A000409AF1EE10FAE0DC9FED0A9ADBE700BFFB
:1025B0009FED079AD7E700BF000000000000F03F42
:1025C000000000000000F0BF000084420000004254
:1025D0009A992B429A992BC2CDCC0C3F9999EDC177
:1025E000CDCCCC3E67661E428AB042F68060C2F215
:1025F000000002210224FEF767FAFFF747FC40F2D1
:10260000BC30C2F20000C47264200FF0E5FAFFF79C
:1026100063FA42F6A00AC2F2000ADAF81400DAF805
:10262000D810CAF81C000AF1C40008900AF5C4705A
:1026300007900AF59C7009900AF1EC0006900AF1E7
:102640007400DAF89C2140F25C6B05900AF12800D6
:102650009FEDC38A9FEDC39A9FEDC3AA9FEDC3BAB6
:102660009FEDC3CA9FEDC3DA9FEDC3EA9FEDC3FAA6
:10267000DFEDC38ADFEDC39ADFEDC3AADFEDC3BA96
:10268000DFEDC3CAC2F2000B03900AF5FE790AF52A
:10269000D870CAF8E010CAF8A42104905BE000BF2B
:1026A00042F65860C2F20000012100220024FEF729
:1026B000F1F901200FF090FA42F68066C2F20006AE
:1026C000304602210022FEF7E5F901200FF084FADE
:1026D00030464FF4FF710022002300940194FEF76E
:1026E00055F9099806F032FF069806F02FFFDAF840
:1026F000D800AAF8EA40CAF8E000059806F026FFDC
:10270000039806F023FFDAF81400AAF82640CAF866
:102710001C00484606F01AFF049806F017FFDAED91
:10272000673AAAF8AE41F0EE631ACAED693A20B2F0
:1027300002EE100A9AED630A9AED6A1ADAED730A4C
:10274000DAED752A9AED883AB8EEC22A0CF088F9CB
:1027500001200FF041FAFFF7BFF99BF80C009BF83E
:102760000D10884200F0B88000285CD1039D2846F7
:1027700006F0ECFE059FC846384606F0E7FEDDF899
:102780001090484606F0E2FE404606F0DFFE069E48
:10279000304606F0DBFE099806F0D8FE40F2D05431
:1027A000C2F2000404F1140228460021B0EE480AE7
:1027B000F0EE490A06F0D4FE04F12002384600216A
:1027C000B0EE4A0AF0EE4B0A06F0CAFE40F2F4659B
:1027D000C2F2000505F1180248460021B0EE4C0A8D
:1027E000F0EE4D0A06F0BCFE05F124024046002141
:1027F000B0EE4E0AF0EE4B0AC14606F0B1FE04F10F
:102800002C0230460021B0EE4A0AF0EE4F0A06F0E4
:10281000A7FE099804F138020021B0EE680AF0EE34
:102820004B0A06F09DFE40F24660C2F200000078BE
:10283000022851D1049F384606F088FE484606F02B
:1028400085FE069E304606F081FE099C204606F075
:102850007DFE40F2D055C2F20005039805F1440216
:102860000021B0EE480AF0EE490A06F079FE05981C
:1028700005F150020021B0EE4A0AF0EE4B0A06F0D4
:102880006FFE05F15C0238460021B0EE480AF0EE1A
:10289000690A06F065FE05F1680248460021B0EEBF
:1028A0006A0AF0EE6B0A06F05BFE40F2F465C2F2D3
:1028B0000005304600212A46B0EE6C0AF0EE4F0AC1
:1028C00006F04EFE05F10C0220460021B0EE6C0A27
:1028D000F0EE4B0A06F044FE9BF80C008BF80D005E
:1028E0000898FFF72BFC0799504600F053F840F288
:1028F000BC30C2F20000C07A00F0FD0001287FF475
:10290000CFAEBAF9262042F658605E46BAF9EAB070
:10291000BAF9AE41C2F200000121FEF7BBF8012076
:102920000FF05AF942F68068C2F2000840460221D0
:102930005A46B346FEF7AEF801200FF04DF9404677
:102940004FF4FF71002200230026CDE90046FEF778
:102950001DF8DAED673ADAED691ABAF8AE41E6E643
:102960000000E1440000DC420080BB4400000000A5
:1029700000606A460000FA450000FA430000024386
:1029800000002F440080A2440000A0430000484300
:102990000000FA4470B542F2E476C2F2000696F8FE
:1029A00022200C46022A054636D0012A1ED0002AD3
:1029B00018BF70BDD5ED020AB6EE001AB0EEE00AFF
:1029C000B4EE410A0021F1EE10FA85F8C1103DDAAB
:1029D0000122284600F8C02F50F8AC2CDFEDB50AD4
:1029E00040F8A42C40F8B81C35E000BF94ED020A72
:1029F000012085F8C000B0EEC00AB6EE001A94F8C7
:102A0000C000B4EE410AF1EE10FA67DA002865D191
:102A1000012084F8C00063E096ED020ADFEDA50A0C
:102A200006F1240006F0DCFC94ED040A9FEDA22AD6
:102A300096ED121AB4EE420AF1EE410AF1EE10FAE6
:102A4000C5ED020A5CDD9FED9F1A62E0284610F892
:102A5000C01F01291FD195ED050A95ED071A9FEDBD
:102A6000962A31EE400AB4EE420AF1EE10FA03DD86
:102A70009FED941A09E000BF9FED901AB4EE410A51
:102A8000F1EE10FA03DA9FED8E1A30EE010A002102
:102A900085ED080AE96094ED040A9FED871AB4EE0B
:102AA000410AF1EE10FA03DD9FED861A09E000BF3E
:102AB0009FED821AB4EE410AF1EE10FA03DA9FEDAF
:102AC000801A30EE010A012184F8C010007800213C
:102AD00084ED080AE16018BB37E000BF012844D14B
:102AE00094ED050A94ED071A9FED732A31EE400A22
:102AF000B4EE420AF1EE10FA2ADD9FED721A30E0D0
:102B00009FED6E1AB4EE410AF1EE10FA03DA9FED72
:102B10006C1A30EE010A95F8C00084ED080AA0B1E5
:102B2000012840F0C18095ED080ADFED620A05F149
:102B3000740006F055FC42F6A000C2F2000095EDCC
:102B4000260A90ED631A70EE410A95ED010AA0E0A5
:102B50009FED5A1AB4EE410AF1EE10FA03DA9FED36
:102B6000581A30EE010A84ED080A94ED040A9FED2C
:102B7000561AB0EEC02AB4EE412AF1EE10FA1DDA70
:102B800095F8C10040BBB4EE410AF1EE10FA23DA29
:102B90009FED4E1AB4EE410AF1EE10FA1CDD95EDF0
:102BA000050A002084F8C1000120B0EE401A85ED2E
:102BB000070A85F8C00085F8C10011E09FED3F1AB3
:102BC0000120B4EE410AF1EE10FA84F8C10013DAE4
:102BD0009FED3C1A19E000BF95ED050A95ED071A27
:102BE0009FED3B2A31EE400AB4EE420AF1EE10FAB4
:102BF0000EDD9FED321A14E09FED2F1AB4EE410A5C
:102C0000F1EE10FA24DD9FED2E1A31EE400A21E09C
:102C10009FED301AB4EE410AF1EE10FA03DA9FED9F
:102C2000261A30EE010A95F8C01085F8C20094F813
:102C3000C100B1EE400A012985ED080A84F8C200FE
:102C400015D089BB95ED010AD5ED020A21E000BF40
:102C5000B1EE400AA5F8C000002085F8C20094F843
:102C6000C100B1EE400A85ED080A84F8C200DFED2C
:102C7000110A05F1740006F0B3FB42F6A000C2F29F
:102C8000000095ED261A90ED632A95ED010A71EE8C
:102C9000420A05F1280006F0A3FB95ED130ABDEEEC
:102CA000C00A10EE100AE8842046BDE87040FEF726
:102CB0008BBE00BF0000000000003443000034C39E
:102CC0000000B4430000B4C300008242000082C28E
:102CD0000000B4420000B4C270B581B0002200927E
:102CE00090F83C20012A03D1022001B070BD00BF42
:102CF000D1F800E001221FFA8EFC4FEA4C0380F865
:102D00003C200EEB4E0213FA8EF31024BEF1090F95
:102D100088BFA3F11E0288BF0C24036807251E5933
:102D2000954026EA05051D518D681E5905FA02F2E7
:102D300032431A514968062906D801EB81014A1F1E
:102D4000194651F8345F0EE00C2901EB810105D8DA
:102D5000A1F12302194651F8305F04E0A1F14102CC
:102D6000194651F82C5F1F24944025EA04040C6096
:102D70000CFA02F20C6842F2043CC4F2010C224349
:102D8000ACF54174A3420A603ED1BEF1120F07D1E7
:102D9000DCF8001041F48001CCF8001034E000BFF2
:102DA0002EF0010110292FD1DCF80010BEF1100F18
:102DB00041F40001CCF8001026D140F2B401C2F277
:102DC000000109684DF68362C4F21B32A1FB0212B6
:102DD000910C01EB8101490000910099A1B100998A
:102DE00001390091009979B1009901390091009958
:102DF00051B1009901390091009929B10099013927
:102E0000009100990029EAD1002180F83C100020AF
:102E100001B070BD002804BF0120704710B5016CDF
:102E200000293DD0016CC90645D4016C41F2021263
:102E30009143023142F204320164C4F2010211688A
:102E400021F440311160136890E812102343D0F848
:102E500010E013604A68012422F480724A604A68D4
:102E6000C0F6007442EA0E224A604A6822F04072BC
:102E70004A604A6842EA0C024A608A6822F40062A8
:102E80008A60C2688B681A438A60826A8B68A24231
:102E900023F070638B608B6810D123F0405216E0F2
:102EA000044600F065F820460021616484F83C1077
:102EB000016CC906B9D5012153E000BF1A438A60ED
:102EC0008A6822F040528A60C26A8B681A438A601C
:102ED0008A6822F002028A608A68037E90F82040A5
:102EE00042EA43028A604A6884B142F400624A605E
:102EF0004A684EF2000322F460424A60426ACFF60A
:102F0000FF734C6803EB4232224301E022F400627B
:102F10004A60CA6A40F2000C22F47002CA62C369B5
:102F20004269CFF6F07CCC6A0CEB03532343CB62AF
:102F30008B6823F400738B6090F830308C6844EA1F
:102F400043238B608B6823F480638B608B6843EA38
:102F500082228A6000214164026C012363F3010232
:102F60000264002280F83C20BDE81040084670470B
:102F700080B586B0006842F20022C4F2010200214E
:102F80009042CDE90411CDE90211019116D042F22F
:102F90000001C4F20101884238D10020009043F6BC
:102FA0004400C4F20200016841F4807101600068CD
:102FB00000F480700090009806B080BD43F6440095
:102FC0000091C4F20200026842F48062026002686A
:102FD00002F480620092009A009150F8142C42F0A2
:102FE000200240F8142C50F8140C00F0200000903F
:102FF00000984FF4806001900320CDE9020141F276
:103000000040C4F2020001A900F02AFF06B080BD12
:1030100090F82020013A012A08D8006800F1140233
:103020000020136819431160704700BF00F12402AB
:1030300001204FF48021136819431160704700008C
:1030400010B590F820E0D0F800C0AEF1010EBEF14E
:10305000010FDCF808E011D81EF0E05F18D0CEF3C5
:1030600001640120A04018608B68DBB1D1F804E056
:10307000C86840EACE0040EA030E17E000F12403DE
:1030800001204FF480211A681143196010BD00BF60
:1030900000F1240301204FF400111A681143196054
:1030A00010BD00BF0868CB6843EA405E0CF5C070F5
:1030B00000EB0413240140F804E00C69184640F8C2
:1030C000044F097D012903D1016841F48071016039
:1030D00050680121D8601068986000201A68114378
:1030E000196010BD90F82020013A012A30D8B0B5FF
:1030F00046F20060C4F20000026842F00102026081
:10310000026822F47C520260D1F814E0CC694A6A69
:103110000368012C43EA022202600EF01F024FF006
:10312000010303FA02F2C3696FEA020C23EA020305
:10313000C36113D02CBBC36803EA0C03C360CB6824
:103140008C8844EA034300EBCE0423640B4611E071
:10315000416A41F48021416201207047C3681343F2
:10316000C3600B688C8844EA034300EBCE042364FD
:1031700001F10C038C681B8843EA044300EBCE0486
:10318000636443688D6943EA0204D1F810E0096A78
:10319000002D08BF03EA0C0444604369BEF1000F30
:1031A00043EA020408BF03EA0C040129446102D186
:1031B000C1691143C161016821F001010160002072
:1031C000B0BD000070470000B0B590F82040013C51
:1031D000012C7DD8D0F800C000290CBFDCF80C40D1
:1031E000DCF81040A4077DD00CF5D8754FEA011C1F
:1031F00055F80C4014F00404946055F80CE005EB0D
:10320000011C19BF4FEADE0555604FEA5E55156097
:10321000DCF80050E64605F00205D5605EF8044F84
:1032200024075ABFDEF8004004F00F04082414619C
:10323000DEF800400029C4F307249461DEF8005052
:103240004FEA15455561DCF808201A70026802EB58
:103250000112D2F8B8214FEA12225A70026802EB2A
:103260000112D2F8B8214FEA12429A70026802EBBA
:103270000112D2F8B8214FEA1262DA70026802EB4A
:103280000112D2F8BC211A71026802EB0112D2F8C5
:10329000BC214FEA12225A71026802EB0112D2F8E5
:1032A000BC214FEA12429A71026802EB0112D2F875
:1032B000BC214FEA1262DA7100680CBF00F10C0108
:1032C00000F11001002020220B681A430A60B0BDF3
:1032D00000F1240101204FF480220B681A430A6098
:1032E000B0BD00BF00F1240101204FF400120B68B3
:1032F0001A430A60B0BD000090F82010013901297E
:1033000084BF002070470068816882688068C1F3CC
:103310008061C2F3C0621144C0F30070084470477A
:103320002DE9F04F81B0044600684669D0F804905A
:103330008768D0F80CB0D0F810A0D0F81880F1074A
:1033400004D1002530071DD424E000BFF90710D0B8
:103350000121BA07816009D4780700F1AF803807EE
:1033600000F1B680204600F06FFA02E0204600F03F
:103370006DFA0025F80500F18780F80300F1B180AF
:10338000300707D51BF0100004D0206845F4007505
:103390001021C160700708D51BF0080005D0206817
:1033A0000821C160204600F0F5F9B00706D5206875
:1033B000C068800702D0204600F0EEF9700607D5FD
:1033C0001AF0100004D0206845F4806510210161D6
:1033D000B00608D51AF0080005D020680821016160
:1033E000204600F0FDF9F00606D520680069800748
:1033F00002D0204600F0F6F9B00308D519F010000D
:1034000005D0206810214160204600F0EDF9F0035E
:1034100008D519F0080005D0206808214160204631
:1034200000F01EFA300440F19B805FEA497040F1E1
:10343000948006F4807008EA102028435FEA8871BF
:10344000014648BF41F00201B20558BF01465FEA9C
:1034500048700D4648BF45F00405700558BF0D463D
:10346000300540F17A8018F0700000F07680103856
:10347000000905286CD8DFE800F003655D61596933
:1034800045F0080564E000BF20684FF48071BA057C
:1034900081600BD4780515D438051DD4204600F082
:1034A000D7F9F8037FF56CAF1BE000BF204600F0B2
:1034B000D1F9F8037FF564AF13E000BF4FF4006566
:1034C00058E700BF05F50055F8037FF559AF08E050
:1034D0004FF480554EE700BF05F58045F8037FF5B2
:1034E0004FAF20684FF48031BA0381600AD478036B
:1034F00010D4380314D4204600F0AEF930073FF55D
:1035000041AF47E7204600F0A9F930073FF53AAF51
:1035100040E700BF05F5004530073FF533AF39E719
:1035200005F5803530073FF52DAF33E745F08005D1
:103530000EE000BF45F020050AE000BF45F0400561
:1035400006E000BF45F0100502E000BF45F48075BD
:103550002068816921F07001816120680421416047
:1035600055B1606A40EA05012046616201B0BDE8DC
:10357000F04FFFF727BE00BF01B0BDE8F08F00009D
:10358000002804BF01207047B0B5044690F8200021
:1035900010B9204600F06EF82068016841F0010182
:1035A000016000F033FD054620684168C90705D178
:1035B00000F02CFD401B0B28F6D310E0016821F031
:1035C0000201016000F022FD054600BF206841684D
:1035D00089070DD500F01AFD401B0B28F6D3606A51
:1035E000052140F400306062012084F82010B0BD55
:1035F000217E0268012922F0800208BF8032026029
:10360000617E0268012922F0400208BF4032026058
:10361000A17E0268012922F0200208BF2032026048
:10362000E17E0268012922F0100218BF1032026008
:10363000217F0268012922F0080208BF08320260D7
:10364000617F0268012922F0040208BF043202608F
:10365000D4E901C2D4E9033561691A432A4311430D
:10366000ACF101021143C16100200121606284F8C4
:103670002010B0BD10B586B0006846F60002C4F256
:10368000000200219042CDE90411CDE9021101911F
:1036900034D046F20041C4F20001884277D140F6AE
:1036A000AC01C2F200010A6843F64000C4F2020015
:1036B000531C0B6052B900210091016841F0007168
:1036C0000160016801F000710091009900210091F2
:1036D00050F8101C142441F0080140F8101C50F858
:1036E000100C032100F008000090009840F2004008
:1036F000C4F2020000F5006035E000BF43F6400070
:10370000C4F202000091016841F08061016001682B
:1037100001F080610091009940F6AC01C2F2000115
:103720000A68531C0B6052B900210091016841F0F6
:1037300000710160016801F00071009100990021A1
:10374000009150F8101C402441F0020140F8101C78
:1037500050F8100C602100F002000090009840F238
:103760000040C4F202000191022102910021039164
:10377000032104910921059101A900F071FB204664
:103780000521002200F0E4FF204600F0CFFF06B044
:1037900010BD000070470000B0B540F26445C2F2B1
:1037A000000505F1200205F1180300210446FFF78A
:1037B0000BFD42F65860C2F2000084420AD042F685
:1037C0008060C2F20000844218BFB0BDBDE8B040C6
:1037D000FDF700BD286ABDE8B040FDF781BA0000E2
:1037E000704700007047000070470000B0B5044605
:1037F00090F8200001281DD1022084F820002068C4
:10380000016821F00101016000F000FC054600BFE5
:1038100020684068C00713D000F0F8FB401B0B285D
:10382000F6D3606A40F400306062052084F820001E
:103830000120B0BD606A40F4002060620120B0BD8C
:1038400000206062B0BD00007047000070470000BB
:10385000704700007047000070470000704700008C
:1038600070470000002804BF01207047417919B15A
:10387000012141710020704710B5002101710446FB
:1038800000F008F82046BDE81040012141710020F9
:103890007047000043F63001C4F202010068A1F550
:1038A0000362904218BF704781B000200090086802
:1038B00040F480500860086800F480500090009840
:1038C00001B0704770B5866D044600F09FFB94F818
:1038D0003510022928D105462068216C026822F0A3
:1038E00016020260426922F08002426109B9A16CAD
:1038F00019B1016821F008010160016821F001019E
:10390000016000BF20680068C00715D000F07EFB92
:10391000401B0628F6D320206065032084F835007C
:10392000002184F8341070BD8020606501200021E2
:1039300084F8341070BD00BFE06D3F2101FA00F043
:10394000B060012084F835000020002184F8341094
:1039500070BD000090F83510022909D1052180F8CA
:1039600035100068016821F00101016000207047F6
:103970008021416501207047F0B581B000210091A0
:1039800040F2B401C2F200010B68D0E9166148F2BE
:10399000B51537680822C1F64E358A403A42A3FB76
:1039A00005350CD003681C68640708D51C6824F032
:1039B00004041C60B260426D42F0010242650122C3
:1039C0008A403A4208D003685B691B0604D5B2609E
:1039D000426D42F00202426504228A403A4208D017
:1039E00003681B689B0704D5B260426D42F0040275
:1039F000426510228A403A4219D001680B681B07C1
:103A000015D5B2600B680A685B0309D4D20509D4E6
:103A10000A6822F008020A60016C29B907E000BFB9
:103A2000110341D4016C11B1044688472046C26D90
:103A3000202101FA02F33B4243D001680F68FF06E0
:103A40003FD5B36090F835700B68052F1CD123F07B
:103A500016030B604B6923F080034B61036C0BB9B9
:103A6000836C1BB10B6823F008030B603F2191406E
:103A7000B160012180F83510016D0022002980F825
:103A8000342054D158E000BF0A685B0310D4D2053B
:103A900012D40A6822F010020A60012180F8351061
:103AA000002180F8341007E0816C0029BCD1BEE70A
:103AB000110301D4416C00E0C16B11B10446884789
:103AC0002046416DC1B3416DC9072ED0052180F854
:103AD00035100168AA0A0B6823F001030B60009BF4
:103AE0000133934200931AD80B68DB0717D0009B71
:103AF00001339342009312D80B68DB070FD0009B71
:103B00000133934200930AD80B68DB0707D0009B70
:103B100001339342009302D80B68DB07DFD1012108
:103B200080F83510002180F83410C16C21B101B04B
:103B3000BDE8F040084700BF01B0F0BD2DE9F041FD
:103B4000044600F063FAECB10546022084F8350023
:103B50000020216884F83400086820F00100086023
:103B600021680868C00711D000F050FA401B0528F2
:103B7000F6D9032520230320636584F83550BDE87A
:103B8000F08100BF0120BDE8F08100BF086848F265
:103B90003F02CFF21002D4E9013500EA020C04F131
:103BA0000C0898E8C10143EA0C032B431843D4E9FD
:103BB000072E304338431043626A40EA0E00042A5D
:103BC00040EA08031CD1206BD4E90A2E40EA0E001B
:103BD000184308604869BEF1000F20F0030040EA76
:103BE000020040F0040C11D0B8F5005F36D0B8F1F7
:103BF000000F45D1022A46D0012A3BD032B942E01B
:103C00000B60486920F0070040EA020C01F0F80060
:103C10004AF6AB221038CAF6AA22A0FB02231A09E0
:103C200046F29213C1F814C0C0F601039A5C40F248
:103C3000FF335F284FF03F0021EA030100FA02F052
:103C400088BF0431C4E916128860002301250020D2
:103C5000636584F83550BDE8F08100BF032AD5D8EC
:103C6000012540230120DFE802F0030E030500BF19
:103C700082E700BFAEF1C070B0FA80F0400904E006
:103C8000032A04D3C2D1CEF300600028BED00125A0
:103C900040230120636584F83550BDE8F0810000C1
:103CA00090F834C0BCF1010F04BF0220704770B51A
:103CB0004FF0010C80F834C0D0F858E090F835C0CF
:103CC000BCF1010F38D14FF0020C80F835C04FF035
:103CD000000CC0F854C0D0F800C08468056CC06DFA
:103CE000DCF80060402C26F48026CCF80060CCF88C
:103CF00004300B4604BF13460A463F2101FA00F088
:103D0000CCF80830CCF80C20CEF80800DCF8000025
:103D100040F01600CCF800002DB1DCF8000040F0B7
:103D20000800CCF80000DCF8000040F00100CCF8FE
:103D30000000002070BD00BF002180F83410022078
:103D400070BD0000B0B5044600F060F9054640F2D1
:103D50001000C2F200000078611C18BF044400BFCC
:103D600000F054F9401BA042FAD3B0BD10B50138A1
:103D70001F2800F26780DFE800F011656565656562
:103D80006547656565656565653165656565656535
:103D90006565656565656565655300BF40F22474BA
:103DA000C2F20004012060710FF008FD012849D023
:103DB000E06904F124010DF075FF606A002808BF76
:103DC00010BD4EF60450CEF200004FF0805101605D
:103DD000BFF34F8FBFF36F8F34E000BF09200BF0AC
:103DE00093FF40F22470C2F20000417841F00101DB
:103DF0004170817841F001018170007910B3BDE814
:103E000010400CF0EBBA00BF0A200BF07DFF40F22F
:103E10002470C2F20000C17841F00101C17010BDF0
:103E200008200BF071FF40F22470C2F2000001780C
:103E300041F001010170007920B1BDE810400CF0A3
:103E4000CDBA00BF10BD000043F61441C4F2010119
:103E50000A68024214BF08607047FFF787BF00007E
:103E60002DE9F04F83B000F1200200F13E4741F60A
:103E70000045009207F1FF77C4F2020508224FEADD
:103E8000B726A84208BF072200254FF000084FF0D0
:103E90000009072E38BF4FEAB72201920AE000BF9F
:103EA00009F1010908F10208B9F1100F05F1040543
:103EB00000F0A2800F68012202FA09FE17EA0E0A3A
:103EC000EED0D1F804C003220CF003077E1E02FAE4
:103ED00008F4012E6FEA040B12D88468CE6804EA55
:103EE0000B0406FA08F634438460446824EA0E069C
:103EF000CCF3001404FA09F42643466004E000BF42
:103F0000032F01D103271EE0C6688C6806EA0B0662
:103F100004FA08F42643022FC66014D16FF003029E
:103F2000009E02EA590756F807C005F01C040F224C
:103F30000B69A2402CEA0202A3401A43F251D1F8C5
:103F400004C00CF00307026807FA08F302EA0B0248
:103F50001A431CF4403F0260A2D0002243F64403FF
:103F60000292C4F202031A6843F6004442F480420B
:103F70001A601A68C4F2010402F480420292029AA2
:103F800029F003024FF6084C2244CFF6FF7C52F88A
:103F90000C3005F00C070F26BE40B343019E06FA15
:103FA00007F73B4342F80C30A2684B6842EA0A0725
:103FB00043F60C4CDE0258BF22EA0A07A760C4F29F
:103FC000010CDCF800209E0242EA0A0758BF22EAF0
:103FD0000A07CCF8007062689E0342EA0A0758BFDD
:103FE00022EA0A0767602268DB0342EA0A0758BF31
:103FF00022EA0A07276053E703B0BDE8F08F00000C
:10400000002A08BF090481617047000049F68C50FE
:10401000C2F2000000687047002804BF012070470A
:10402000F0B581B0044690F83D0028B9002084F82E
:104030003C00204600F07CFA242084F83D002068F3
:10404000016821F001010160016841F40041016053
:10405000016821F40041016001F0A6FC636848F2A8
:10406000A16CC0F2010C40F60011C0F23D016345A5
:104070003CBF48F28041C0F21E01884202D20120BA
:1040800001B0F0BD4DF68361C4F21B31A0FB0112FB
:104090002168970CD1F804E04FF496762EF03F0596
:1040A00045EA92454D60774348F638160D6AC0F2EE
:1040B0004106A7FB067625F03F07634538BF960CFF
:1040C000721C3A430A62CA6948F2A0664CF6FF774E
:1040D000C0F20106B34222EA07020BD801385B00A6
:1040E000B0FBF3F001306FF31F30042898BF0420B9
:1040F0001BE000BFA768013857B119277B43B0FB0D
:10410000F3F001306FF31F3070B100F5804007E02D
:1041100003EB4303B0FBF3F001306FF31F3018B132
:1041200000F5004001E000BF01201043C8610868AD
:10413000D4E9072320F0C0001043184308608868C2
:1041400048F2FF3204F10C0790438CCF1843104320
:10415000A6698860C86820F0FF0038433043C86013
:10416000086840F00100086000202021206484F8E5
:104170003D10206384F83E0001B0F0BD2DE9F0470A
:1041800084B0994616460F460446FFF73FFF94F861
:104190003D10202927D10546206800BF8169890785
:1041A0001CD5FFF733FF411B20681A29F6D381691C
:1041B0008907F3D500202021206384F83D1084F87E
:1041C0003E00206C04F13C0A40F0200020640220F4
:1041D00000218AF8001004B0BDE8F087A2461AF862
:1041E0003C1F012904D1022004B0BDE8F08700BFC4
:1041F00001228AF800200368DDE90D180C9ADB071C
:1042000003D1036843F001030360036823F40063F0
:104210000360222084F83D00402084F83E00002006
:10422000206462626185608D394620850020CFF66A
:10423000FF70E062204632464B46CDE9008503F030
:104240000DFA18B1012004B0BDE8F087208D08B345
:10425000022813D0012835D121680A6822F480622F
:104260000A60002203924A6903928A690392039AC0
:104270000A6842F400720A602CE000BF21680A68F4
:1042800022F480620A600A6842F400620A60002236
:1042900003921AE00020039020684169039181692C
:1042A00003910399016841F400710160202084F8B2
:1042B0003D00002084F83E0000218AF8001004B080
:1042C000BDE8F0870021039121684A69039289695A
:1042D000039103990427C0F201070CE010690870EC
:1042E000606A218D01306062481E2085618D013930
:1042F00061850104DAD080B203280FD802284AD0A1
:1043000001282DD1204641462A4603F045FC0028CD
:1043100098D12068616A0069E1E700BF2046414604
:104320002A4603F039FC00287FF48CAF2068616ACC
:1043300000690870606A2268411C208D6162013842
:104340002085638D013B638553695B07D1D580B2BE
:104350000328C3D1106820F480601060BEE700BF5E
:104360002046394600224346009503F0C3FA002850
:104370007FF468AF2068616A026822F4806202609C
:1043800000690870606A218D01306062481E2085D6
:10439000608D0138608520463946002243460095ED
:1043A00003F0A8FA00287FF44DAF2068616A026824
:1043B00042F40072026000690870606A2268411C61
:1043C0006162218D01392185618D01396185116914
:1043D000417085E72DE9F04383B0994616460F46B4
:1043E0000446FFF713FE94F83D10202924D105461A
:1043F000206800BF816989071AD5FFF707FE411BB6
:1044000020681A29F6D381698907F3D50020202175
:10441000206384F83D1084F83E00216C41F02001B7
:10442000216484F83C00022003B0BDE8F08300BFA3
:1044300094F83C10012903D1022003B0BDE8F083B9
:10444000012284F83C200368DDE90B180A9ADB0797
:1044500003D1036843F001030360036823F400639E
:104460000360212084F83D00402084F83E000020B5
:10447000206462626185608D394620850020CFF618
:10448000FF70E062204632464B46CDE9008503F0DE
:104490006FF918B1012003B0BDE8F083208D98B901
:1044A000204641462A4603F0C7F988B3206C042809
:1044B000F0D12068016841F400710160012003B06F
:1044C000BDE8F0830004EBD0204641462A4603F0C5
:1044D000ABFB0028EAD1616A2268084610F8013B6C
:1044E0001361238D6062581E2085678D013F6785AB
:1044F00057697F07E6D50704E4D048781061881C27
:104500006062981E2085618D01396185DAE700BF00
:104510002068016841F400710160202084F83D00AA
:10452000002084F83E0084F83C0003B0BDE8F0832E
:104530002DE9F04786B045F600460068C4F2000653
:104540000025B0420595CDE903550295019503D0AC
:1045500006B0BDE8F08700BF43F630070095C4F20F
:104560000207386801AC40F00400386038684FF04A
:10457000120800F0040000900098009538684FF091
:10458000030940F00100386038684FF0040A00F079
:104590000100009000984FF40070019006F5D630AD
:1045A0002146CDE90285CDF81090CDF814A0FFF793
:1045B00057FC4FF48070CDE9010803A880E820067D
:1045C00006F5D2302146FFF74BFC0095386940F4E0
:1045D00000003861386900F400000090009806B0CF
:1045E000BDE8F08740F2100049F68C51C2F200009D
:1045F000C2F2000100780A681044086070470000A9
:1046000080B543F60040C4F20200016841F4007135
:104610000160016841F480610160016841F48071CA
:104620000160032000F0C0F80F2000F005F800F052
:104630005BF8002080BD000070B586B0002543F611
:1046400040010195C4F202010A68044642F00102E9
:104650000A60096801A801F0010101910199694608
:1046600001F07CF9049E002E18BF012601F09CF990
:104670004DF68361B040C4F21B31A0FB01014FF045
:10468000FF3000EB914143F27070C2F200004FF036
:10469000804240F2E733C0E90021C0E902530561DE
:1046A000856101F0A9FE08B106B070BD43F27070DB
:1046B000C2F2000001F024FF0028F5D11C2000F018
:1046C00035F80F2C0CD81C202146002200F040F8B1
:1046D00040F214010020C2F200010C6006B070BD6F
:1046E000012006B070BD000082B0002043F64001FA
:1046F0000190C4F202014A6842F480424A604A686A
:1047000002F480420192019A00900868002240F071
:104710008050086008680F2100F0805000900098D9
:104720006FF0010002B000F013B80000002848BF8D
:10473000704700F01F01012202FA01F11C2202EA77
:10474000D0004EF20012CEF20002815070470000FD
:1047500010B54EF60C5CCEF2000CDCF80030C3F362
:10476000022E8EF00704042C28BF0424BEF103039C
:104770004FF0FF3E0EFA04F438BF0023A1439940E6
:104780000EFA03F39A43114300F00F0200F1604365
:104790000901043A03F564436244002848BF02F16A
:1047A0000C03197010BD00004EF60C51CEF2000142
:1047B0000A684FF6FF031A4060F30A2242F0806055
:1047C00040F0FD70086070477047000002680020EC
:1047D000516270472DE9F041D0F80080D8F82430BC
:1047E00091B1D8F82870B1F1010C03EB17414FD00B
:1047F0005FFA8CF708F58273042F0CF0030E0BD2CE
:10480000002700242BE000BF43EA02410020C8F843
:104810002810BDE8F08100BF0CF0FC0508F1F4069B
:10482000002400BF56F8107F44F0020001EB17414E
:1048300044F00107FFB253F82770C0B253F82000CC
:1048400001EB174101EB104044F00301C9B253F8EA
:1048500021100434E7B2AF4200EB1141E2D1BEF1C6
:10486000000F15D053F82700BEF1010F01EB1041E6
:104870000ED0601CC0B253F82000BEF1020F01EB55
:10488000104105D0A01CC0B253F8200001EB10412C
:1048900041EA024008EB8C01C1F804010020BDE8A8
:1048A000F0810000D0F8E00408F06EBA01EBC1021C
:1048B000D0F8E03400EB8200026A184608F0C8B96C
:1048C00001EBC102D0F8E03400EB8200D0F86022A6
:1048D000184608F01BBA0000D0F8E00408F056BAF9
:1048E00010B54FFA81FC4FF4157201F00F0EBCF1B8
:1048F000000F48BF142290F8944402440EEBCE03FC
:104900004FEAD11C02EB8301012C81F801C002F8AF
:1049100023E004BF022010BD0268012380F8943414
:104920000446104609F030F8002084F8940410BDC5
:10493000B0B5037901F00F029A4284BF0120B0BDE7
:104940004BB24FF41574002B48BF142400EB040E37
:1049500090F8944402EBC2034FEAD11C0EEB8301A2
:10496000012C4FF0000481F801C08C700EF8232058
:1049700004BF0220B0BD0268012380F894340546CC
:10498000104609F0F5FA204685F89444B0BD0000C1
:1049900001F00F0101EBC10100EB8100D0F86802CA
:1049A0007047000010B54FFA81FE01F00F0CBEF108
:1049B000000F6FF3DF220CEBCC010DD400EB810E66
:1049C00000240EF515718EF855428EF854C2CEF8BB
:1049D0005C228EF8583209E000EB810101F814CF17
:1049E00001244C708A600B71A1F81AC0022B04BF1D
:1049F00000224A7190F89424012A04BF022010BDBD
:104A00000268012380F894340446104608F02EFE14
:104A1000002084F8940410BD10B501F00F0E0EEBC9
:104A2000CE0100EB81044FF0000CC4F868C284F89A
:104A300055C290F806C004F51571C4F86022C4F898
:104A40006432BCF1010F84F854E208BFCA61006807
:104A5000624609F0D7FA002010BD0000B0B5027917
:104A600001F00F0494424FF001022CD84BB24FF4E6
:104A70001575002B48BF14254FEAD11C48BF2146AD
:104A8000054401EBC10305EB830181F801C090F8F7
:104A900094C48A70BCF1010F05F8234004BF0220C2
:104AA000B0BD02680123054680F89434104609F031
:104AB00089FA2CB92868A97905F29C4209F02AFAEA
:104AC000002285F894241046B0BD000001F00F0CC0
:104AD0000CEBCC0100EB810101F814CF4FF0000C7E
:104AE0000B618379C1F814C04FF0010CCA60012B2F
:104AF00081F801C008BFCA6180B500681A4609F094
:104B000081FA002080BD00002DE9F04F87B00568D4
:104B10008246284609F092FC10B107B0BDE8F08F3C
:104B2000DAF8000009F0B8FC0028F6D0D5F808083B
:104B3000C0F30D21DAF80000CAF8D41409F0ACFC77
:104B40000146DAF80000890703D5416901F0020146
:104B5000416105F50061049109F09EFC0146DAF817
:104B60000000C906059535D5816921F010018161E4
:104B70002C6A04F00F0000EBC0000AEB8001C4F3C4
:104B80004340062801F5157512D002281BD147F6BF
:104B9000F07014EA000616D0E96834090598224638
:104BA00009F07EFCE86800EB1610E86008E000BF42
:104BB00005980AF29C41082209F072FCC4F30A1419
:104BC000686920446861DAF80000816941F01001E9
:104BD0008161059D09F060FC000340F1F180DAF885
:104BE000000009F037FC002800F0EA8006460AF2CF
:104BF0009C404FF4306800244FF0000B069019E001
:104C000005EB080002218160B80642BF05EB0800F1
:104C100020218160B80442BF05EB08004FF4005129
:104C200081600BF1010B760808F1200804F12404DF
:104C300000F0C680F007F4D0DAF800005FFA8BF9D4
:104C4000494609F021FC0746C00760D005EB080083
:104C500001218160DAF8000008EB0001036C8A682A
:104C60009AF80650012D25D1150733D4950600F189
:104C70009F8043F20B05C4F65475AB42059D02D3E9
:104C800012F4004230D10AEB0402D2F874320969FE
:104C90006FF3DF41A3EB0101C2F868129CBBD2F8AD
:104CA0006432002B00F08A80D2F860020844C2F817
:104CB000600228E043F20B05C4F65475FF35AB42A1
:104CC00018D1059D10040FD4900644BF20208860A1
:104CD00019E000BF43F20B00C4F65470059D8342F7
:104CE00015D312F4004012D04FF40040886038070A
:104CF0000FD43DE0059D34B9DAF8641219B90021EA
:104D0000069A09F007F950464946FFF7D9FD3807DA
:104D10002ED505EB080008218160DAF8000043F287
:104D20000B02056C40448168C4F6547295420BD363
:104D300011F4004108D04FF400418160504600F06A
:104D400019FD059D0AE000BF504600F013FD43F237
:104D50000B00C4F654708542059D09D39AF80600ED
:104D6000012805D1DAF80000069A012109F0D2F8ED
:104D7000F80642BF05EB080010218160B8077FF5F7
:104D800043AF6869000604D50499486840F4806020
:104D900048600AEB040090F8571201297FF430AF05
:104DA000002180F857125046494600F031FB27E7B2
:104DB00020208860059D3807ABD4D9E701219FE703
:104DC000DAF80000CDF818A009F066FB400340F1C6
:104DD000D3800698006809F035FB002800F0CC80ED
:104DE0000646069805F5106900F1140100F29C4092
:104DF000002703910190CDF8089004E0760807F1B0
:104E0000010700F0B980F007F8D006985FFA87FA3A
:104E10000068514609F026FB0446C00726D0049AD4
:104E200007F00F00516B012303FA00F021EA0000A4
:104E3000506309EB4710836006988079012811D1EF
:104E4000039907EBC70001EB8000D0E9021211447F
:104E5000C1603FB9006928B90698019A006801212C
:104E600009F058F806985146FFF720FD200742BF89
:104E700009EB471008218160E00642BF09EB4710AB
:104E800010218160600642BF09EB4710402181601C
:104E9000A00716D52846394609F062FA039907EBB0
:104EA000C70001EB800010F8031F012905D1002184
:104EB00001700698514600F0A7FA09EB471002214D
:104EC000816020069AD5039907EBC70001EB8008A3
:104ED000D8E90420824291D30699D8F808300C68AA
:104EE000111A994238BF0B4604EB4711D1F818C983
:104EF00003F1030E1FFA8CF3B3EB9E0F2DD301F5D4
:104F0000106900BFD8F81020824224D9101A069ADE
:104F1000D8E902B19579584538BF83461FFA8BF31B
:104F2000204652460095059D09F062FDD8F80C0018
:104F3000D8F814105844C8F80C0001EB0B00C8F85E
:104F40001400D9F818100BF1030289B2B1EB920FDB
:104F5000D8D2D8F81020DDF8089082423FF64EAF44
:104F600007F00F00D4F83418012202FA00F021EA09
:104F70000000C4F8340841E7DDF81890D9F80000C3
:104F800009F08AFA002821D4D9F8000009F084FA3F
:104F900000053AD4D9F8000009F07EFAC00445D5DE
:104FA0000499486820F001004860D9F800001021F9
:104FB00009F0D6F999F80400010600F0EC80C1B2BE
:104FC000042900F0030035D200219AE004994868D2
:104FD00020F00100486099F8CC04012808D1002095
:104FE00089F8CC0448460021FFF7EEFB03E000BF40
:104FF000484600F0A3FBD9F80000416901F00041E8
:10500000416109F049FA0005C4D504988068C007D9
:1050100002D0484600F0D6FBD9F80000416901F4FF
:105020000061416109F038FAC004B9D4D9F8000030
:10503000DDE000BF6FF0600202EA411200234FF68C
:105040007F370021EE18C6F80879D6F8005980336A
:1050500025F40015C6F80059C6F8087BD6F8005BA1
:105060009A4225F40015C6F8005BD6F8005B01F102
:10507000040145F00065C6F8005BC6F82879D6F84B
:10508000205925F40015C6F82059C6F8287BD6F813
:10509000205B25F40015C6F8205BD6F8205B45F0B0
:1050A0000065C6F8205BC6F84879D6F8405925F463
:1050B0000015C6F84059C6F8487BD6F8405B25F481
:1050C0000015C6F8405BD6F8405B45F00065C6F8B1
:1050D000405BC6F86879D6F8605925F40015C6F823
:1050E0006059C6F8687BD6F8605B25F40015C6F8F1
:1050F000605BD6F8605B45F00065C6F8605B059DB7
:10510000A0D1002847D005F5106202EB41134FF6FD
:105110007F374E019F609559059B25F4001503F5D7
:105120003063955103EB4115AF609D59012825F47B
:1051300000159D519D5945F000659D512BD04E1C89
:1051400002EB46147501A760545903EB461624F48C
:1051500000145451B7605F59022827F400175F51BB
:105160005F5947F000675F5115D0881C02EB40176C
:105170004FF67F364101BE60575803EB401027F4CD
:10518000001757508660585820F40010585058584F
:1051900040F000605850049F8421F869442240F098
:1051A0000110F86199F80F0000284FF00B0008BFBC
:1051B000142108BF42F22B007B5808BF102218436D
:1051C0007850B85840F00B00B850386809F29C424B
:1051D00020F4FE603860D9F8000099F8061008F055
:1051E00099FED9F80000416901F48051416109F04C
:1051F00053F90146D9F8000089041AD508F078FA65
:10520000D9F8000009F00CF9D9F8004089F8070036
:1052100000F0C4FB99F807200146204609F05CFB2A
:10522000484600F075FAD9F80000416901F40051D0
:10523000416109F031F9000706D4D9F8000009F0FE
:105240002BF900060DD437E0484600F07BFAD9F878
:105250000000416901F00801416109F01DF90006F3
:105260002AD50599886920F08000886199F80400A2
:10527000022821D309F5157409F11405012640F21D
:105280007B2704E00136864207F1240714D219F87F
:1052900007100129F6D106F00F0000EBC00230061E
:1052A000D9F8000005EB820158BF04EB820108F039
:1052B000C7FF99F80400E5E7D9F8000009F0ECF819
:1052C000C0024BD4D9F8000009F0E6F8059D800231
:1052D0007CD599F80410022926D305F532600139EE
:1052E00009F51F72012304E02030013902F1240284
:1052F0001AD007681678012EF6D1B7F1FF3FF3DC1C
:10530000D9F8D46486EA1747FF07EDD102F8013CCB
:10531000AF6947F08007AF616F693F06E4D4049935
:10532000486840F400704860D9F80000416901F411
:105330000011416109F0B0F840004DD54846FFF733
:10534000B1FAD9F80000416901F08041416109F0EA
:10535000A3F840077FF5E1AB45E000BF99F80400F2
:10536000022827D3059909F1140401F5126509F102
:105370003B064FF00108012706E000BF013720354A
:10538000874206F1240615D229687278012AF5D1E0
:10539000B1F1FF3FF2DC07F00F0000EBC001D9F8DC
:1053A000000004EB810186F8008008F049FF99F8BD
:1053B0000400E3E7D9F80000416901F4801141617C
:1053C00009F06AF8059D80023FF583AFD9F8000027
:1053D00009F062F84000B1D4D9F8000009F05CF897
:1053E00040077FF59AABD9F800004468610704D5FF
:1053F0004846FFF771FAD9F800004168214341603F
:1054000007B0BDE8F08F0000D0F8E00407F022BD3F
:10541000D0F8E00407F034BD002804BF0120704735
:10542000F0B581B00446056890F8950428B90020CD
:1054300084F89404204600F027F90320B5F1A04F2A
:1054400084F8950404BF0020A071206808F05AFD7C
:1054500094E80F00267C009608F05AF9002840F0E6
:1054600000812068002109F071F8002840F0F980DF
:1054700094F804E0BEF1000F00F0EC800EF0030C95
:10548000BEF1040F4FF0000240D30EF0FC03A4F174
:1054900090000321012500BFCE1E80F8A460A0F873
:1054A000BE608E1E80F8C860A0F8E2604E1E80F8D4
:1054B000EC60A0F8066180F81011A0F82A110E1D0A
:1054C000013180F8A55080F8A820C0E92B22C0F84F
:1054D000B42080F8C95080F8CC20C0E93422C0F84C
:1054E000D82080F8ED5080F8F020C0E93D22C0F8C7
:1054F000FC2080F8115180F81421C0E94622C0F840
:105500002021903099423146C6D1F21EBCF1000FE5
:1055100031D004F1140002EBC20100EB810501233C
:1055200000F821200021BCF1010F6B706A83297102
:10553000C5E9021129611ED0551C05EBC50600EB1B
:105540008607BCF1020F7B7000F826507D8339710D
:10555000C7E9021139610ED0911C01EBC10200EBC9
:105560008203012500F8221000205D705983187114
:10557000C3E902001861BEF1000F6BD0BEF1040F49
:105580004FF0000236D30EF0FC000321234600BF8B
:10559000CF1E83F854728F1E83F878724F1E83F8E3
:1055A000C0120D1D013183F8552283F85822C3E93A
:1055B0009722C3F8642283F8792283F87C22C3E916
:1055C000A022C3F8882283F89D2283F89C7283F876
:1055D000A022C3E9A922C3F8AC2283F8C12283F830
:1055E000C422C3E9B222C3F8D022903381422946B3
:1055F000CED1EA1EBCF1000F2CD004F5157002EBE1
:10560000C20300EB83070021BCF1010F797000F8A1
:1056100023203971C7E9021139611BD0531C03EBF8
:10562000C30700EB8706BCF1020F717000F827304A
:105630003171C6E9021131610CD0911C01EBC1023C
:1056400000EB820300275F7000F822101F71C3E98E
:1056500002771F6194E80F00277C009708F0F6F9A5
:1056600030B1022084F89504012001B0F0BD00BFE4
:1056700000206074012084F89504206808F0D6F9B1
:10568000002001B0F0BD0000B0B586B00068002475
:10569000B0F1A04F0594CDE903440294019401D0E8
:1056A00006B0B0BD43F630050094C4F20205286888
:1056B00001A940F001002860286800F00100009076
:1056C00000984FF4C05001900220CDE9020403205D
:1056D00004900A2005900020C4F20200FEF7C0FBEF
:1056E0006868052140F080006860009468690022C5
:1056F00040F480406861686900F480400090009840
:105700004320FFF725F84320FFF710F806B0B0BD9F
:1057100010B50446C07928B1022801D0FCF750F931
:10572000012100E00021D4F8E00407F031FCD4F8B6
:10573000E004BDE8104007F0DFBB0000D0F8E00453
:1057400007F00CBCD0F8E00407F012BC90F89424E9
:10575000012A04BF0220704710B5012280F894246A
:10576000417402680446104609F0A4F8002084F849
:10577000940410BDD0F8E02400F29C41104607F0DC
:105780001DBC000010B5044690F89404012804BF25
:10579000022010BD2068012184F89414C1684906D4
:1057A00006D5617B012903D1816B41F4803181638E
:1057B00008F0CEFD206808F029F9002084F8940450
:1057C00010BD000010B50446D0F8E00407F04CFC12
:1057D0002068D0F8001E41F00101C0F8001EE07AF8
:1057E000002808BF10BD4EF61050CEF20000016830
:1057F00041F00601016010BD002804BF0120704780
:105800002DE9F04143F60808C4F202080446D8F82E
:10581000F8030D4600F00700814207D988F8F853D5
:10582000D8F8F80300F00700A84277D12068810774
:1058300017D5410705D5D8F8001041F4E051C8F854
:105840000010010705D5D8F8001041F46041C8F8F0
:105850000010D8F80010A26821F0F0011143C8F838
:105860000010C00740D1D8F8F80300F007008542C7
:1058700007D288F8F853D8F8F80300F00700A842D8
:105880004CD12068410707D5D8F80010E26821F410
:10589000E0511143C8F80010000708D5D8F80000FF
:1058A000216920F4604040EAC100C8F8000000F01F
:1058B000A3F8D8F8001045F65062C1F30311C0F602
:1058C0000102515C40F2B40220FA01F140F21400EE
:1058D000C2F200000068C2F200021160FEF7ACFEE6
:1058E0000020BDE8F08100BF6068811E022907D258
:1058F00058F8081C89015CBF0120BDE8F08111E067
:10590000012807D158F8081C89035CBF0120BDE8B5
:10591000F08107E058F8081C890703D40120BDE88E
:10592000F08100BFD8F8001021F003010843C8F847
:105930000000FEF76BFB064641F28837D8F80000FE
:10594000616800F00C00B0EB810F8CD0FEF75EFBBD
:10595000801BB842F2D90320BDE8F0810F2202601B
:1059600043F60802C4F20202136803F00303436023
:10597000136803F0F0038360136803F4E053C3601B
:10598000D2F800C04FF4E05303EADC030361D2F81D
:10599000F80300F0070008607047000040F2B40010
:1059A000C2F200000068704740F2B40043F60801FC
:1059B000C2F20000C4F202010068096845F66062A4
:1059C000C1F38221C0F60102515CC840704700005B
:1059D00040F2B40043F60801C2F20000C4F2020132
:1059E0000068096845F66062C1F34231C0F6010201
:1059F000515CC8407047000010B543F60404C4F27F
:105A000002046168C1F3810142F20040C0F2F40077
:105A1000DFE801F002040A0210BD00BF41F60030C9
:105A2000C0F2B70010BD00BF20682168236849029A
:105A300041F60031C0F2B70100F03F02C3F3881015
:105A40005CBF42F20041C0F2F401A1FB000100235F
:105A5000FAF740FC21680222C1F3014102EB410147
:105A6000B0FBF1F010BD0000002804BF012070471A
:105A70002DE9F04182B00446007843F60006C007E5
:105A8000C4F202060CD0B06800F00C00042840F00C
:105A900081803068800303D56068002800F0688149
:105AA000207880071BD5B06810F00C0F09D0B068C3
:105AB00000F00C00082840F087807068400200F178
:105AC00083803068800703D5E068012840F050816A
:105AD0003068216920F0F80040EAC1003060207889
:105AE000000713D4207840072AD4A569002D00F0C0
:105AF0003A81B06800F00C00082840F0A580012D24
:105B000040F00E81012002B0BDE8F08160690028FC
:105B100000F082800020C4F247200121C0F8801EDE
:105B2000FEF774FA054600BF706F8007DAD4FEF7FF
:105B30006DFA401B0228F7D9032002B0BDE8F081BE
:105B4000306C5FEAC0080AD400200190306C40F04D
:105B500080503064306C00F080500190019847F222
:105B60000007C4F200073868C00547D4386840F41D
:105B700080703860FEF74AFA054600BF3868C005F5
:105B80003CD4FEF743FA401B0228F7D9032002B0A9
:105B9000BDE8F081B06800F00C00082803D17068FF
:105BA00040023FF576AF61683068B1F5803F07D0BD
:105BB000B1F5A02F40F09A8040F48020306030682A
:105BC00040F4803030609AE0E068002840F2000045
:105BD000C4F247205CD001210160FEF717FA0546A8
:105BE000306880073FF574AFFEF710FA401B0228BB
:105BF000F6D9032002B0BDE8F08100BFA168306F84
:105C0000012905D0052955D140F004003067306FD7
:105C100040F00100306756E00020C4F24720002128
:105C2000C0F8801EFEF7F2F9054600BF706F8007CE
:105C30007FF558AFFEF7EAF9401B0228F6D903209A
:105C400002B0BDE8F08100BF0027C4F24727002062
:105C50003866FEF7DBF9022D05460DD1306880016C
:105C600040F18A80FEF7D2F9401B02284FF0030072
:105C7000F4D902B0BDE8F0813068800173D5FEF739
:105C8000C5F9401B02284FF00300F5D9F1E700BF2A
:105C900000210160FEF7BAF9054600BF30688007B1
:105CA0007FF51DAFFEF7B2F9401B02284FF003004D
:105CB000F4D9DEE720F001003067306F002920F0D2
:105CC000040030677AD0FEF7A1F9054641F2883723
:105CD000306F800700F18480FEF798F9401BB842CE
:105CE000F6D9032002B0BDE8F08100BF20F4803077
:105CF00030603068002920F4802030607AD0FEF7D0
:105D000085F90546306880033FF5CAAEFEF77EF997
:105D1000401B6428F6D9032002B0BDE8F08100BF23
:105D20007068E16900F480028A4221D1216A00F0A2
:105D30003F028A421CD147F6C071626A0140B1EB52
:105D4000821F15D1A16A4FF6FF73C903994300F46E
:105D50004032A1F580318A420AD1E16A00F07060D8
:105D6000B0EB016F04D1002002B0BDE8F08100BFAC
:105D7000012002B0BDE8F08104F11C052FCD0843DD
:105D800040EA8210D9034FF6FF729143A1F58031AA
:105D900040EA05600843706001203866FEF736F976
:105DA000044600BF30688001DDD4FEF72FF9001BE8
:105DB00002284FF00300F5D95BE700BFFEF726F994
:105DC000054641F2883700BF306F800708D5FEF7DF
:105DD0001DF9401BB8424FF00300F5D949E700BF59
:105DE000B8F1000F3FF581AE306C20F08050306488
:105DF0007BE600BFFEF70AF9054600BF3068800366
:105E00007FF54EAEFEF702F9401B64284FF0030009
:105E1000F4D92EE770B528B1416A29B1002101619A
:105E2000142106E0012070BD4168B1F5827F02D0E7
:105E30001C21002242500026866290F8511029B998
:105E400080F85060054600F03DF82846022180F8B1
:105E5000511090E82E0002F482720C6803F404439F
:105E600024F040040C601A4405F4006305691A44E8
:105E700005F0020345691A4405F001038569C46908
:105E80001A4405F400731A4404F03803046A1A44EF
:105E900004F08003846A1A4304F400531A430A602E
:105EA000436A042202EA154203F010031A444A60CE
:105EB000CA6922F40062CA610121466580F8511066
:105EC000304670BD2DE9F04F87B0044643F200071D
:105ED0000068C4F201070026B8420696CDE90466C0
:105EE0000396029602D007B0BDE8F08F43F630006B
:105EF0000196C4F20200416902AD41F48051416152
:105F0000416946F2404801F480510191019901969E
:105F100001684FF0020941F00201016001684FF091
:105F2000030A01F0020101910199019601684FF005
:105F3000050B41F0010101600068294600F00100F5
:105F4000019001981820029007F55440C4F202080D
:105F5000CDE90396CDF814A0CDF818B0FDF780FF79
:105F60008020CDE9020904A880E8400C07F55040E4
:105F70002946FDF775FF42F6B065C2F200054FF401
:105F800040304FF0C0674FF48069C5E908062846E5
:105F9000C5E90087C5E90266C5E90496C5E9066654
:105FA000FDF7CCFD002818BFFBF70AFDE564AC63E4
:105FB00042F6107508F11800C2F200054021C5E94B
:105FC000000705F10800002280E806024FF40030C7
:105FD000C5E908022846C5E90522EA61FDF7AEFDDC
:105FE000002818BFFBF7ECFCA564AC6307B0BDE864
:105FF000F08F00002DE9F04383B01E4615460F4692
:106000000446FEF703F894F851108146012909D19E
:10601000002F4FF0010018BF002D0FD103B0BDE8D5
:10602000F08300BF6068B0F5827F0DD104294FF086
:106030000200F3D1A1680029EAD0EFE7002EEDD0ED
:1060400094F85000012803D1022003B0BDE8F0838A
:10605000012084F8500094F85100002104281CBF4E
:10606000052084F851006165A563E687A68727634C
:10607000E6862068A686216461640168490603D427
:10608000016841F0400101606168731EE268B1FA85
:1060900081F1B3FA83F3DDF8288049095B09B2F591
:1060A000006F41EA030165D131B137F8021BC160CD
:1060B0002763E08E0138E086012518F1010032D116
:1060C00002E000BFFDF7A2FFE08E18B9E08F0028C4
:1060D00000F0B8802068816889070CD5E18E51B145
:1060E000012D08D1216B002531F8022BC2602163FC
:1060F000E18E0139E1868168C907E3D0E18F00298B
:10610000E0D0C068A16B012521F8020BA163E08FEC
:106110000138E087D6E700BFFDF778FFA0EB090064
:10612000404580F0A580E08E18B9E08F002800F08F
:1061300089802068816889070CD5E18E51B1012DD5
:1061400008D1216B002531F8022BC2602163E18E5A
:106150000139E1868168C907DED0E18F0029DBD0F3
:10616000C068A16B012521F8020BA163E08F013803
:10617000E087D1E739B139780173206B01302063B2
:10618000E08E0138E086012518F1010032D101E0EE
:10619000FDF73CFFE08E10B9E08F002852D0206858
:1061A000816889070ED5E18E61B1012D0AD1216B7D
:1061B000002509780173216B206801312163E18E8C
:1061C0000139E1868168C907E2D0E18F0029DFD07B
:1061D000C068A16B01250870A06B0130A063E08F3F
:1061E0000138E087D4E700BFFDF710FFA0EB0900FE
:1061F00040453DD2E08E08B9E08F18B32068816831
:1062000089070ED5E18E61B1012D0AD1216B0025E0
:1062100009780173216B206801312163E18E013916
:10622000E1868168C907DFD0E18F0029DCD0C06832
:10623000A16B01250870A06B0130A063E08F0138CD
:10624000E087D1E72046022101224346CDF80090A5
:1062500004F0F4F9B0B1606D40F0200060652020DA
:106260006065002084F85000012003B0BDE8F08391
:10627000012084F85100002084F85000032003B06E
:10628000BDE8F08340F2B400C2F20000006849F6B5
:106290008171C1F25E61A0FB0101480D4FF47A717A
:1062A000484302906068B0F5827F0BD12046802180
:1062B00000224346CDF8009004F0C0F90028CAD16E
:1062C00021E000BF0298F0B10298013802902068E6
:1062D0008168090617D50299A9B10299013902917D
:1062E000816809060FD5029969B1029901390291B5
:1062F0008168090607D5029929B1029901390291ED
:1063000080680006DED4A06838B9002001902068BB
:10631000C1680191806801900198012084F85100C2
:10632000002084F85000606D002818BF012003B0E1
:10633000BDE8F083704700007047000090F83C20F3
:10634000012A4FF0020254D010B580F83D200268B7
:10635000D2F804E0D2F808C00C682EF07003234392
:1063600041F2FF74C4F20004A24253600EDC40F21A
:10637000FF73C4F200039A4216DCB2F1804F2BD0B7
:1063800040F20043C4F2000324E000BF40F2FF33B8
:10639000C4F201039A4213DC41F60003C4F2000385
:1063A0009A4219D0002313E040F60003C4F2000320
:1063B0009A4211D040F60043C4F200030AE000BF45
:1063C00044F20003C4F201039A4205D040F20043B4
:1063D000C4F201039A4204D149682CF080031943A6
:1063E00091600121002280F83D1080F83C20BDE83A
:1063F0001040104670470000002804BF012070477D
:1064000010B5044690F83D0028B9002084F83C00FF
:10641000204600F01FF8022084F83D002068211D6E
:1064200005F0DEF8012084F8460084F83E0084F888
:106430003F0084F8400084F8410084F8420084F86A
:10644000430084F8440084F8450084F83D000020AF
:1064500010BD000080B584B0006840F20041C4F275
:10646000000188422ED044F20041C4F2010188426A
:1064700016D00021C4F20101884220D100200390EF
:1064800043F64400C4F20200016841F001010160DA
:10649000006800F001000390039804B080BD00BFC5
:1064A0000020019043F64400C4F20200016841F468
:1064B00000310160006800F400300190019804B0E0
:1064C00080BD00BF0020029043F64400C4F20200E9
:1064D00050F8041C002241F0020140F8041C50F85E
:1064E000040C052100F00200029002981D20FEF726
:1064F0002FF91D2004B0BDE88040FEF717B9000059
:1065000090F83D1001291CBF01207047022180F83E
:106510003D10006841F2FF72C168C4F2000290426F
:1065200041F00101C1600DDC40F2FF71C4F20001D5
:10653000884215DCB0F1804F2AD040F20041C4F20D
:10654000000123E040F2FF31C4F20101884213DC74
:1065500041F60001C4F20001884219D0002113E085
:1065600040F60001C4F20001884211D040F600411B
:10657000C4F200010AE000BF44F20001C4F20101CC
:10658000884205D040F20041C4F20101884206D1A0
:10659000816801F00701062904BF002070470168E7
:1065A00041F00101016000207047000090F83C209C
:1065B000012A4FF002026CD080B580F83D20D0F85F
:1065C00000C04FF67772DCF8083023EA0202CCF8FC
:1065D00008200B684F2B29DC1F2B45DD202B46D0D4
:1065E000302B44D0402B40F0AF80D1F804E0C96894
:1065F000DCF82030DCF8202022F00102CCF820204A
:10660000DCF8182022F0F00242EA011123F00A021D
:1066100042EA0E02CCF81810CCF82020DCF8081062
:1066200041F0470121F0300128E000BF6F2B33DD3E
:10663000B3F5005F74D0B3F5805F21D0702B40F0CC
:106640008380D1E901E3C968DCF8082043EA0E033E
:1066500022F47F4243EA01211143CCF80810DCF810
:10666000081041F0770109E00BB1102B6CD1DCF878
:10667000081021F07001194341F00701CCF808100F
:106680000022012180F83D10002180F83C10BDE877
:1066900080401046704700BF502B21D0602B53D153
:1066A000D1F804E0C968DCF82030DCF8202022F0C2
:1066B0001002CCF82020DCF8182022F4704242EAC4
:1066C000013123F0A00242EA0E12CCF81810CCF8E7
:1066D0002020DCF8081041F0670121F01001CDE71F
:1066E000D1F804E0C968DCF82030DCF8202022F082
:1066F0000102CCF82020DCF8182022F0F00242EA57
:10670000011123F00A0242EA0E02CCF81810CCF86C
:106710002020DCF8081041F0570121F02001ADE7FE
:10672000D1E901E3C968DCF8082043EA0E0322F44A
:106730007F4243EA01211143CCF80810DCF808102D
:1067400041F480419AE700BF01229AE770470000B8
:1067500070B504460068C5680669B10716D515F01E
:10676000020113D06FF002010161012121778069DC
:10677000800703D02046FFF7E9FF05E0204600F040
:106780008FF8204600F0FEF900202077700719D519
:1067900015F0040016D020686FF004010161022199
:1067A0002177806910F4407F04D02046FFF7CEFFA8
:1067B00006E000BF204600F073F8204600F0E2F942
:1067C00000202077300717D515F0080014D0206876
:1067D0006FF00801016104212177C069800703D0AF
:1067E0002046FFF7B3FF05E0204600F059F82046A9
:1067F00000F0C8F900202077F00619D515F0100038
:1068000016D020686FF01001016108212177C0695E
:1068100010F4407F04D02046FFF798FF06E000BF49
:10682000204600F03DF8204600F0ACF9002020772B
:10683000F00718BF15F0010002D1300609D412E0AC
:1068400020686FF001010161204600F025FA300652
:1068500009D515F0800006D020686FF08001016135
:106860002046FFF767FD700609D515F0400006D0F9
:1068700020686FF040010161204600F015FAB00673
:1068800058BF70BD15F0200008D021686FF02002BD
:1068900020460A61BDE87040FFF74EBD70BD0000A4
:1068A0007047000090F83C30012B04BF0220704775
:1068B0004FEAB202032A00F2FF802DE9F043DFE83D
:1068C00002F003B13F7F00BF036840F200461C6A3C
:1068D0001A6A24F0020422F001021A621A46D3F85E
:1068E00004C052F818EF8F6843F48065C4F20106C3
:1068F000B54244EA070405D1CF6824F00C0427F020
:1069000004073C430F68B54206D1D1E905582CF481
:1069100040762E4346EA080C2EF073063743C3F840
:1069200004C09F614F6809695F631C629F6947F0FB
:1069300008079F619F6927F004079F61B1E000BFCE
:10694000036840F200481C6A1A6A24F4007422F4B6
:1069500080721A621A46D3F804C052F81CEF8F688E
:1069600043F48065C4F20108454544EA072408D190
:10697000CF6840F2FF463F0224F4406427EA06064F
:106980003443D1F80090454506D1D1E905562CF4A1
:1069900040572E4347EA061C2EF0730747EA0907C3
:1069A000C3F804C0DF614F680969DF631C62DF69F7
:1069B00047F00807DF61DF6927F00407DF6170E057
:1069C000036840F20045D3F820C01A6A43F4806798
:1069D00022F480521A621A465C6852F81C8FD1F871
:1069E00000E08E68C4F20105AF4204D14D6924F481
:1069F000804444EA85142CF4005747EA063728F40B
:106A0000E64646EA0E265C60DE614E6809691E6451
:106A10001F62DF6947F40067DF61DF6927F4806781
:106A2000DF613DE0036840F200481C6A1A6A24F006
:106A3000200422F010021A621A46D3F804C052F859
:106A400018EF8F6843F48065C4F20108454544EAB5
:106A5000071407D1CF686FF0400624F0C00406EA9F
:106A600007163443D1F80090454506D1D1E90556C3
:106A70002CF440672E4347EA860C2EF4E64747EA9B
:106A80000927C3F804C09F614F6809699F631C62AE
:106A90009F6947F400679F619F6927F480679F6142
:106AA00009021368194311600021BDE8F043002278
:106AB00080F83C20084670470121002280F83C20E5
:106AC00008467047002804BF0120704710B50446EF
:106AD00090F83D0028B9002084F83C00204600F0E2
:106AE0001FF8022084F83D002068211D04F078FD85
:106AF000012084F8460084F83E0084F83F0084F8C2
:106B0000400084F8410084F8420084F8430084F88F
:106B1000440084F8450084F83D00002010BD0000CA
:106B200082B0006840F60041C4F20001884217D0EC
:106B300040F60001C4F20001884220D100200190FB
:106B400043F64000C4F20200016841F00401016014
:106B5000006800F004000190019802B0704700BF87
:106B60000020009043F64000C4F20200016841F0AA
:106B700008010160006800F008000090009802B071
:106B80007047000070470000C1B1042908D00829EF
:106B900014BF41224022825C012A05D016E000BFCA
:106BA0003F22825C012A11D10222082910D0042937
:106BB00014BF80F8412080F83F200BE090F83E2081
:106BC000012A03D1022280F83E2003E00120704711
:106BD00080F84020006801F01F010122036A02FAD8
:106BE00001F123EA01020262026A114341F2FF72DB
:106BF000C4F20002904201620CDC40F2FF71C4F268
:106C00000001884214DCB0F1804F37D040F20041DF
:106C100016E000BF40F2FF31C4F20101884215DCEA
:106C200041F60001C4F20001884227D0002115E09E
:106C300040F60001C4F2000188421FD040F6004136
:106C4000C4F20001884219D01FE000BF44F20001E5
:106C5000C4F20101884211D040F20041C4F20101A6
:106C6000884212D1416C40F2004340F48062C4F289
:106C7000010341F400419A42416406D1816801F068
:106C80000701062904BF00207047016841F0010197
:106C900001600020704700000068B0F1804F18BF0D
:106CA0007047FDF79FBC0000704700007047000070
:106CB00070470000B0B582B001680A68CC684B69C3
:106CC00002F02F05202D04F0200505D125B102B0DA
:106CD000BDE8B04004F042BE5FEA027C1EBF03F094
:106CE000010E04F4907313EB0E0341D1036BD50630
:106CF00018D5012B16D114F0100313D000220192E5
:106D00000A6801924A680192019A496949064BD47E
:106D1000818DC28DC38D002B18BF914240F0068239
:106D200002B0B0BD13062DD514F080032AD090F820
:106D30004120212AF4D18268B2F5805F03D1026933
:106D4000002A00F07982026A531C036212784A60BA
:106D5000C28C013A1304C284E2D1C86820F08000DA
:106D6000C860C86840F04000C86002B0B0BD00BF55
:106D7000D30718BF14F4807340F0E280530700F18A
:106D8000E580EAE05206CBD514F04002C8D0CA68CC
:106D900022F04002CA60202180F8411002B0BDE814
:106DA000B04000F055BC00BFC26B11684B68858DC8
:106DB00099B2002900F0B480A94280F0B180C38567
:106DC000D169B1F5807F00F0A080016851E8031F10
:106DD000026821F4807142E80313DBB1016851E8D5
:106DE000031F026821F4807142E8031393B1016824
:106DF00051E8031F026821F4807142E803134BB18C
:106E0000016851E8031F026821F4807142E803130E
:106E1000002BDAD1016851E8051F026821F0010159
:106E200042E80513BBB3016851E8051F026821F071
:106E3000010142E8051373B3016851E8051F0268B8
:106E400021F0010142E805132BB3016851E8051F49
:106E5000026821F0010142E80513002BDAD11AE0A3
:106E6000016851E8051F026821F0400142E805135E
:106E7000DBB1016851E8051F026821F0400142E8DA
:106E8000051393B1016851E8051F026821F0400124
:106E900042E805134BB1016851E8051F026821F073
:106EA000400142E80513002BDAD1202180F842107E
:106EB00000210163016851E8031F026821F01001FD
:106EC00042E80313DBB1016851E8031F026821F0B7
:106ED000100142E8031393B1016851E8031F0268EF
:106EE00021F0100142E803134BB1016851E8031F80
:106EF000026821F0100142E80313002BDAD1C16BC4
:106F000004460846FCF7DEFC204602214163818DE1
:106F1000C28D891A89B202B0BDE8B040FFF7C6BE83
:106F20008D427FF4FDAED269B2F5807F7FF4F8AE7A
:106F30000222426302B0BDE8B040FFF7B7BE00BF17
:106F4000436C43F001034364530706D5BEF1000FC1
:106F500003D0436C43F002034364930706D5BEF1AC
:106F6000000F03D0436C43F004034364BCF1000FF3
:106F700006D55EEA050303D0436C43F0080343647F
:106F8000436C002B3FF4CCAE920605D525B10446E8
:106F900004F0E4FC216820464969426C01F040019C
:106FA00002F00802891800F0B98000BF016851E8BA
:106FB000031F026821F4907142E80313BBB3016818
:106FC00051E8031F026821F4907142E8031373B380
:106FD000016851E8031F026821F4907142E803132D
:106FE0002BB3016851E8031F026821F4907142E855
:106FF0000313002BDAD11AE0016851E8051F02687B
:1070000021F0010142E80513DBB1016851E8051FD9
:10701000026821F0010142E8051393B1016851E8CB
:10702000051F026821F0010142E805134BB1016818
:1070300051E8051F026821F0010142E80513002B09
:10704000DAD1016B012924D1016851E8031F0268DC
:1070500021F0100142E80313DBB1016851E8031F7E
:10706000026821F0100142E8031393B1016851E86E
:10707000031F026821F0100142E803134BB10168BD
:1070800051E8031F026821F0100142E80313002BAE
:10709000DAD1202180F8421000210163016849699A
:1070A000490640F1C380016851E8051F026821F0DC
:1070B000400142E80513DBB1016851E8051F026891
:1070C00021F0400142E8051393B1016851E8051F22
:1070D000026821F0400142E805134BB1016851E814
:1070E000051F026821F0400142E80513002BDAD1A8
:1070F000C16B002900F09A804BF21D72C0F60002AD
:10710000044608460A65FCF725FC00283FF408AE53
:10711000E06B016D02B0BDE8B04008470446FFF7E0
:10712000C7FD0020606402B0B0BD00BF891A00BF77
:10713000026852E8032F036822F4907243E80325A3
:10714000BDB3026852E8032F036822F4907243E84B
:10715000032575B3026852E8032F036822F4907286
:1071600043E803252DB3026852E8032F036822F495
:10717000907243E80325002DDAD11AE0026852E844
:10718000052F036822F0010243E80525DDB10268FE
:1071900052E8052F036822F0010243E8052595B166
:1071A000026852E8052F036822F0010243E8052532
:1071B0004DB1026852E8052F036822F0010243E84E
:1071C0000525002DDAD1202280F84220002202631A
:1071D000026852E8032F036822F0100243E80325F7
:1071E000DDB1026852E8032F036822F0100243E881
:1071F000032595B1026852E8032F036822F01002BC
:1072000043E803254DB1026852E8032F036822F0DA
:10721000100243E80325002DDAD1022289B242632D
:1072200002B0BDE8B040FFF741BD00BF02B0BDE80D
:10723000B040FFF73DBD00BF026A32F8023B6FF37A
:107240005F234B60026283E5002804BF0120704782
:1072500010B5044690F8410028B9002084F8400099
:10726000204600F021F8242084F841002068C168FD
:1072700021F40051C160204604F0F0FB2068016950
:1072800021F490410161416921F02A014161C16805
:1072900041F40051C16000202021606484F8411055
:1072A00084F84210606310BD2DE9F04F87B00446AA
:1072B000006844F60001C4F2000100268842CDE9CE
:1072C0000566CDE90366029600F0FE8041F20041BA
:1072D000C4F20101884200F08B8041F20001C4F247
:1072E0000101884240F04481002743F630000197B5
:1072F000C4F202004169002541F010014161416979
:10730000C4F2020501F01001019101990197016891
:1073100002AE41F002010160016846F2280801F066
:10732000020101910199019701684FF0020941F0B2
:107330000101016000684FF0030A00F001000190B4
:107340000198802002904FF0070B05F580603146D0
:10735000C4F20208CDE90397CDF814A0CDF818B017
:10736000FCF77EFD4FF40070CDE9020904A880E827
:10737000800C28463146FCF773FD42F6707508F51F
:107380008C60C2F200054FF0006685E8C1004FF442
:1073900040304FF48069C5E908072846C5E90379FC
:1073A000C5E90577EF61FCF7C9FB002818BFFAF7BC
:1073B00007FBE563AC6342F6D07508F59260C2F254
:1073C00000054021C5E9000605F1080080E88202B9
:1073D0004FF40030C5E908072846C5E90577EF6195
:1073E000FCF7ACFB252600284FF0380769D1B5E043
:1073F00043F630000196C4F20200416946F22808C3
:1074000041F0200141614169C4F2020801F020010C
:10741000019101990196016841F040010160006805
:1074200002A900F04000019001984FF484400290BE
:107430000220CDE9030603200590082006900020D5
:10744000C4F2020000F5C050FCF70AFD43F29005BB
:1074500008F58060C2F200054FF02067C5E900071B
:107460004FF400304FF48069C5E908062846C5E9A5
:107470000266C5E90496C5E90666FCF75FFB0028CD
:1074800018BFFAF79DFAE563AC6343F2F00508F51F
:107490008F60C2F200054021C5E9000705F1080030
:1074A00080E842024FF44030C5E908062846C5E9A5
:1074B0000566EE61FCF742FB472600284FF03807CF
:1074C0004CD0FAF77DFA49E043F630000196C4F259
:1074D0000200016941F480210161016901F4802108
:1074E000019101990196016841F004010160006871
:1074F00002A900F00400019001984FF4406002904E
:107500000220CDE903060320059007200690002005
:10751000C4F2020000F50060FCF7A2FC43F2300563
:1075200046F22800C2F20005C4F202004FF00061EA
:107530004FF4806285E843002846C5E90362C5E947
:107540000566C5E907666E62FCF7F8FA00284FF099
:1075500027064FF03C0718BFFAF732FA30460521EC
:107560000022E551AC63FDF7F3F83046FDF7DEF895
:1075700007B0BDE8F08F000070470000B0B590F88C
:107580004140202C1CBF0220B0BD134602460029FA
:107590004FF0010018BF002B00D1B0BD4FF0000C20
:1075A000212011629384D384C2F844C082F8410040
:1075B00014681546906B4BF6A50E4BF65512C0F6A7
:1075C000000EC0F60002C0E90FE24BF22972C0F6CD
:1075D0000002C0E9132C221DFCF762FB30B1102021
:1075E0006864202085F841000120B0BD2868294644
:1075F0006FF04002026000BF086850E8050F0A689B
:1076000040F0800042E8050303B3086850E8050F26
:107610000A6840F0800042E80503BBB1086850E802
:10762000050F0A6840F0800042E8050373B108685E
:1076300050E8050F0A6840F0800042E80503002B7F
:107640004FF0000008BFB0BDD6E700BF0020B0BDBE
:107650007047000070470000FEE700002DE9F0478A
:1076600082B0044600689A460B9D0A9E03689146C4
:1076700043F48062026002680F4642F48071016048
:1076800020464FF0011100223346009500F032F9F8
:1076900050B120680068C00544BF4FF400702064FA
:1076A000032002B0BDE8F08740F202082068C0F273
:1076B000010807F0FE0707612046414632462B4687
:1076C00000F0FEF920B1012002B0BDE8F08700BF54
:1076D0000020019020682A46416901918069314665
:1076E00001900198204600F09FFAB0B92068BAF1E5
:1076F000010F09D04FEA19210161204631462A467F
:1077000000F092FA48B920685FFA89F101612046D9
:1077100031462A4600F088FA60B1206C0428D2D1A4
:107720002068016841F400710160012002B0BDE8E9
:10773000F08700BF206800220168334641F4807161
:10774000016020464FF00111009500F0D3F80028A9
:107750009FD147F0010C27682046414632462B4610
:10776000C7F810C002B0BDE8F04700F0A9B90000AA
:107770002DE9F04383B0044600680F4601680A9D76
:107780000B9E41F4807199469046016020464FF06F
:10779000011100222B46009600F0ACF850B1206891
:1077A0000068C00544BF4FF400702064032003B09C
:1077B000BDE8F083206807F0FE0101610221C0F2FC
:1077C000010120462A46334600F07AF920B1012013
:1077D00003B0BDE8F08300BF00200290206832466D
:1077E000416902918069294602900298204600F082
:1077F0001BFA58B1206C0428E9D12068016841F4D3
:1078000000710160012003B0BDE8F0832068B9F188
:10781000010F0AD04FEA182101612046294632465D
:1078200000F002FA0028E5D120685FFA88F10161D2
:10783000002003B0BDE8F08370B50368044653F838
:10784000140F400711D40E46481C29D086BB00BF38
:107850001868400527D4FCF7D9FB236853F8140FA8
:10786000400737D518684007F2D5002070BD00BF2B
:1078700018684007F9D41868400514D41868400700
:10788000F3D4186840050ED418684007EDD4186882
:10789000400508D4186840074FF0000048BF70BD8D
:1078A00018684005E4D56FF480601860042012E089
:1078B000154603E053F8140F4007D6D41868400566
:1078C000F1D4FCF7A3FB401B2368B042F2D95869FE
:1078D0004007EFD4202000212022216384F83D209E
:1078E00084F83E10226C10432064012084F83C1080
:1078F00070BD00002DE9F041054600681E461446A3
:1079000001F47F0201338FB242D0DDF81880B2F566
:10791000803F40F0878040693840C01BB0FA80F05B
:107920004009844240F0C8804EB924E040693840A4
:10793000C01BB0FA80F04009844240F0BD80FCF7E3
:1079400065FBA0EB08012868B142EFD941693940D5
:10795000C91BB1FA81F149098C42E7D19BE000BF14
:1079600040693840C01BB0FA80F0400984424FF0B3
:10797000000040F0A280FCF749FB286841693940CB
:10798000C91BB1FA81F149098C42E9D183E000BFFA
:10799000B2F5803F24D100BF41693940C91BB1FA1B
:1079A00081F149098C4240F0878041693940C91B07
:1079B000B1FA81F149098C4240F07E804169394039
:1079C000C91BB1FA81F149098C4275D1416939402D
:1079D000C91BB1FA81F149098C42DDD06CE000BFCE
:1079E00081693940C91BB1FA81F149098C4263D1DF
:1079F00081693940C91BB1FA81F149098C425BD1D7
:107A000081693940C91BB1FA81F149098C4253D1CE
:107A100081693940C91BB1FA81F149098C42DFD033
:107A20004AE000BF80693840C01BB0FA80F04009CE
:107A3000844241D146B923E080693840C01BB0FA86
:107A400080F04009844237D1FCF7E0FAA0EB08014E
:107A50002868B142F0D981693940C91BB1FA81F176
:107A600049098C42E8D116E080693840C01BB0FA61
:107A700080F0400984424FF0000018BFBDE8F0815B
:107A8000FCF7C4FA286881693940C91BB1FA81F151
:107A900049098C42E8D100202021286385F83D1057
:107AA00085F83E00296C41F02001296485F83C00EE
:107AB0000120BDE8F08100BF0020BDE8F08100009A
:107AC000F0B581B0044600681D4643698FB203EAF1
:107AD0000701B94202D1002001B0F0BD416916464C
:107AE00001323CD0490512D47EB300BFFCF78EFAB8
:107AF000411B2068B14203D941693940B9422BD1B9
:107B000041693940B942E6D041694905EED501687D
:107B100041F4007101606FF4806141610420002133
:107B20002022216384F83D2084F83E10226C10430B
:107B3000206484F83C10012001B0F0BD4169394057
:107B4000B942C8D041694905E1D4FCF75FFA206821
:107B500041693940B942F1D02020E0E74169490547
:107B6000D5D441693940B942B5D041694905CED42F
:107B700041693940B942AED041694905C7D441692C
:107B80003940B942A7D041694905C0D4416939405B
:107B9000B942E3D19FE7000070B50446006815467E
:107BA00050F8143F5A063DD40E4629B926E000BFCE
:107BB00050F8141F490635D40168C90621D4FCF7D2
:107BC00025FA411B2068B142F2D941694906EFD438
:107BD00000202021206384F83D1084F83E00206CB2
:107BE00040F0200018E000BFFCF710FA206850F8C1
:107BF000141F4906ECD50168490613D40168C9066B
:107C0000F2D56FF01001016000202021206384F87C
:107C10003D1084F83E00206C2064002084F83C0075
:107C2000012070BD002070BD70B50368044653F894
:107C3000140F000611D40E46481C29D086BB00BF85
:107C40001868400527D4FCF7E1F9236853F8140FAE
:107C5000000637D518680006F2D5002070BD00BFB9
:107C600018680006F9D41868400514D4186800068E
:107C7000F3D4186840050ED418680006EDD41868CF
:107C8000400508D4186800064FF0000048BF70BDDA
:107C900018684005E4D56FF480601860042012E095
:107CA000154603E053F8140F0006D6D418684005B3
:107CB000F1D4FCF7ABF9401B2368B042F2D9586904
:107CC0000006EFD4202000212022216384F83D20EB
:107CD00084F83E10226C10432064012084F83C108C
:107CE00070BD000080B588B08DF80400000A8DF8E2
:107CF0000500CC208DF80700042006900020CDE977
:107D0000040040F2FF60029042F68060C2F2000080
:107D10008DF80610FBF7F0FA022808D342F68060CF
:107D2000C2F2000002A901AA6B46FBF789F908B06C
:107D300080BD000088B0072008F0B8FEF8F7FCFC12
:107D400058B100BF642008F0B1FEF8F7F5FC002838
:107D5000F8D102E0642008F0A9FE08F031FC002808
:107D6000F8D140F6640BC2F2000B0BF114000BF1DA
:107D700004010BF110020490CDE90221F8F7F4FCA4
:107D800008F04AFA43F6B01046F29C129FEDE20A60
:107D9000DFEDE20AC2F20000C0F60102002101F0AC
:107DA000DFFB40F6080740F22475C2F20007C2F27A
:107DB000000507F13C0405F16C0905F13C01204682
:107DC0004A460BF005FF95ED0F0A95ED101A95ED5B
:107DD000112A002087ED000A87ED011A87ED022A9B
:107DE00085ED040A85ED051A85ED062A08F09AFE50
:107DF0000AF056FDE86143F28860C2F200001021EB
:107E0000C161FEF707F8002818BFF9F7D9FD40F265
:107E10002C06C2F20006301D05F12801082202F0EE
:107E200073FB0120287144F2E960CBF678304CF204
:107E3000813145F22E120BF13803CBF6AC21C3F69B
:107E4000263207C305F14800079005F1500040F2C3
:107E5000B0189FEDF3AA9FEDF3BA9FEDF3CA9FED23
:107E6000F38A069005F14C009FEDF1DA9FEDF1EAFF
:107E70009FEDE99A9FEDE9FA05F1600AC2F2000868
:107E8000059005F12200019000942BE141F287302A
:107E900008F048FBDBED050ADBED061AD6ED062AF5
:107EA000D6ED073A9BED077AD6ED084A61EEA33A84
:107EB00060EEA22A72EEA32A67EE243A9BED015AE5
:107EC0009BED026AD6ED0F5A73EEA22AD6ED103A58
:107ED0009BED034AD6ED114AC5ED182A66EE232A1A
:107EE00065EE253A97ED093A73EEA22A64EE243A3C
:107EF00073EEA22A97ED141A97ED152A33EE223A63
:107F0000D8ED002AD8ED013A97ED160AD8ED024ACD
:107F100062EE233A61EE222A72EEA32A60EE243A40
:107F2000D7ED0C4A73EEA22A74EEA22AC5ED1B2AE5
:107F3000D6ED092AD6ED0A3AD6ED0B4A61EEA33A00
:107F400060EEA22A72EEA32A67EE244AD6ED123A18
:107F500074EEA22AD6ED134AC5ED192A66EE242A3C
:107F600065EE233A73EEA22AD6ED143AD8ED035A01
:107F700064EE233AD7ED0A4A73EEA22AD8ED043A0A
:107F800074EEA22A62EE233A61EE254A74EEA33A19
:107F9000D8ED054AD7ED0D5A60EE244A74EEA33AA7
:107FA00075EEA33AC5ED1C3AD6ED0D3AD6ED0C4A66
:107FB00061EEA31AD6ED0E3A60EEA40A70EEA10AA5
:107FC00027EE237A37EE207A85ED1A7A96ED167A27
:107FD000D6ED150A26EE076A96ED177A25EE205A99
:107FE00035EE065A24EE074A97ED0B6A34EE054A41
:107FF00098ED075A36EE044A98ED066A22EE052AF5
:1080000098ED085A21EE061A31EE021A20EE050A02
:1080100097ED0E2A30EE010A32EE000A85ED1D0AB8
:1080200097ED000A95ED041A85ED040A21EE0A1A6F
:1080300020EE0B0A30EE010A23EE0C1A31EE000A94
:1080400087ED000A97ED010A95ED051A85ED050A01
:1080500021EE0A1A20EE0B0A30EE010A22EE8C1AEB
:1080600031EE000A87ED010A97ED020A95ED061A36
:1080700085ED060A21EE0A1A20EE0B0A30EE010AFF
:1080800024EE0C1A31EE000A87ED020A2046B0EE0B
:10809000480A51463A464B4685ED0F3AC5ED102A3F
:1080A00085ED114A0BF0E2FE0799DDE90532204625
:1080B0000CF036FF95ED120A95ED131A95ED142A82
:1080C00020EE0D0A21EE0D1A22EE0D2A80EE0E0A88
:1080D00081EE0E1A82EE0E2A85ED150A85ED161A2E
:1080E00085ED172AA87920B9642001E0A87901302C
:1080F000A87101204FF0FF3109F0EEF90128F5D108
:10810000287840070CD4687840072DD4A878400719
:108110007FF5C0AE37E000BF00A08C4500808945E8
:10812000287800F0FB01284600F8291B0499F8F78D
:10813000DBFA9BED050A9BED061A9BED072A9BEDEA
:108140000E3A9BED0F4A9BED105A30EE430A31EE8A
:10815000441A32EE452A8BED050A8BED061A8BED9B
:10816000072A68784007D1D568780BF1200200F023
:10817000FB006870039905F13200F8F775FAA878EA
:1081800040077FF587AEA87800F0FB00A870DDE916
:108190000101F8F7CFFB287A9BED040A012821D1D1
:1081A0005446CA4643F6B019C2F200094846F0EEFA
:1081B000490A01F015F999ED090AB5EE400AF1EE08
:1081C00010FA07DA43F6B010C2F200000021B0EE58
:1081D0004F0A4162BDEEC00AD146A246009C10EE95
:1081E000100A55E6B4EE490AF1EE10FA7FF74EAEEA
:1081F000E8790130C1B2C929E871FFF447AE012026
:10820000287243F6B01044F20001C2F20000C4F23A
:108210001C51C1623AE600BF000034420000000079
:108220005D896EBF5AF8F63FD5A9183B6F12833AA5
:1082300000003443DB0F4940B0B584B042F6C8506B
:1082400042F2000101230024C2F20000C4F2010145
:10825000C0F60073012503944FF48032047680F851
:108260002040C0E90A34C56180F8304080E816003B
:10827000C0E903444561FAF7CDFD002818BFF9F7BE
:108280009FFB1020CDE9000542F6C850C2F2000065
:1082900069460294FAF720FD002818BFF9F790FB11
:1082A00004B0B0BDB0B584B042F6106042F2002117
:1082B00001230024C2F20000C4F20101C0F60073E1
:1082C000012503944FF48032047680F82040C0E901
:1082D0000A34C56180F8304080E81600C0E90344E4
:1082E0004561FAF797FD002818BFF9F769FB0820E8
:1082F000CDE9000542F61060C2F200006946029422
:10830000FAF7EAFC002818BFF9F75AFB04B0B0BD31
:1083100010B542F6586046F20041C2F20000C4F2C5
:108320000001032200234FF0807480E80E0000F16A
:108330000C014FF4102C4FF4001E81E808508461AA
:108340008383FBF71DF9002808BF10BDBDE810406E
:10835000F9F736BB10B542F6806046F60001C2F26E
:108360000000C4F20001032200234FF0807480E873
:108370000E0000F10C014FF4102C4FF4001E81E8A8
:10838000085084618383FBF7FBF8002808BF10BD09
:10839000BDE81040F9F714BB80B542F6A86043F27F
:1083A0000001C2F20000C4F202010160FBF75AFAB8
:1083B000002808BF80BDBDE88040F9F701BB000080
:1083C00080B582B0002043F630010190C4F2020172
:1083D0000A6842F480020A600A6802F4800201928C
:1083E000019A00900868002240F4001008600868B4
:1083F000052100F40010009000980C20FCF7A8F96B
:108400000C20FCF793F9392005210022FCF7A0F994
:108410003920FCF78BF93A2005210022FCF798F966
:108420003A20FCF783F93B2005210022FCF790F964
:108430003B20FCF77BF9442005210022FCF788F95A
:108440004420FCF773F9452005210022FCF780F950
:108450004520FCF76BF9462005210022FCF778F94E
:10846000462002B0BDE88040FCF760B9F0B5BFB06F
:1084700045F61860C0F6010090E81E50806938ADDE
:1084800085E81E503E9038A8002108F01DFB40F200
:108490004027C2F20007386045F6E050C0F6010000
:1084A00090E87E0080690DF1C40C8CE87E00379066
:1084B00031A8002108F008FB786045F6FC50C0F6B2
:1084C000010090E84E00D0E9045480690DF1A80C39
:1084D0008CE84E0030902AA80021CDE92E5408F0F7
:1084E000F3FAB86045F63460C0F6010090E84E003B
:1084F000D0E9045480690DF18C0C8CE84E00299071
:1085000023A80021CDE9275408F0DEFA2E49F860AF
:108510002DA0061D1C914ECED0E905500DF1740C16
:108520008CE84E00CDE921501CA8002108F0CCFABF
:108530002C4938612BA0061D15914ECED0E905506F
:108540000DF1580C8CE84E00CDE91A5015A8002109
:1085500008F0BAFA2A49786129A0061D0E914ECE7C
:10856000D0E905500DF13C0C8CE84E00CDE91350DC
:108570000EA8002108F0A8FA2849B86127A0061D16
:1085800007914ECED0E905500DF1200C8CE84E003D
:10859000CDE90C5007A8002108F096FA2649F861A9
:1085A00025A0061D00914ECED0E905500DF1040C1A
:1085B0008CE84E00CDE905506846002108F084FAA9
:1085C00038623FB0F0BD00BF066A010875080108B7
:1085D000FDFF00000000000080000000000000001F
:1085E00000000000E6690108B9170108FDFF00005E
:1085F00000000000800000000000000000000000FB
:10860000FF6901085DFD0008FEFF0000000000009A
:10861000800000000000000000000000F669010872
:10862000411501080000000000000000800000006B
:108630000000000000000000B869010881EA00089D
:1086400002000000000000008000000000000000A8
:10865000000000002DE9F04F87B0002043F6300104
:108660000690CDE90400CDE902000190C4F20201B8
:108670000A6841F6000442F002020A600A68C4F285
:10868000020402F002020192019A01900A68402657
:1086900042F040020A600A68012702F0400201929B
:1086A000019A01900A6842F001020A600A6802F029
:1086B00001020192019A01900A6842F008020A60E0
:1086C0000A6802F008020192019A01900A6842F0D9
:1086D00004020A600A6802F004020192019A019001
:1086E0000A6842F080020A600A6802F08002019281
:1086F000019A01900868012240F020000860086893
:10870000402100F02000019001982046FBF778FC02
:1087100004F5806528464FF4E05100224FF4E05BF9
:10872000FBF76EFCA4F5C059484610210122FBF767
:1087300067FCA4F5A058404601210122FBF760FC2C
:10874000CDE9026702AE4FF0020A20463146049797
:10875000CDF814A0FBF784FB032005902846314692
:10876000CDE902B7CDF810A0FBF77AFB0820029004
:108770004FF4041520463146CDE90357FBF770FB53
:108780001020CDE9020748463146CDE9047AFBF7CF
:1087900067FB302002A9A1C1A4F580503146FBF748
:1087A0005FFB4FF48810CDE903072046314602975E
:1087B000FBF756FB40463146CDE90277CDE9047A16
:1087C000FBF74EFB062005210022FBF7C1FF062028
:1087D000FBF7ACFF092005210022FBF7B9FF0920B8
:1087E000FBF7A4FF0A2005210022FBF7B1FF0A20B6
:1087F000FBF79CFF172005210022FBF7A9FF17209C
:10880000FBF794FF07B0BDE8F08F000080B543F29E
:10881000501045F60041C2F20000C4F2000141F6DA
:10882000802200234FF4804CC0F2060280E80E0044
:10883000C0E9033CC0E90533C0E90733FBF7ECFBB3
:10884000002808BF80BDBDE88040F9F7B9B8000036
:10885000B0B543F2886043F20001C2F20000C4F2F6
:1088600001014FF48272002380E80E0000F10C0138
:108870004FF0020C4FF0010E4FF40074382581E8E0
:1088800008500A21C0E90645C0E90833C0E90A31A9
:10889000FDF7C0FA002808BFB0BDBDE8B040F9F749
:1088A0008FB8000070B58EB044F2004543F22870D6
:1088B000C4F201050021C2F2000041F28732CDE985
:1088C0000611CDE90411C0E90051C0E902120161AD
:1088D0008161FDF791FD002818BFF9F771F843F2A7
:1088E0002870C2F20000FEF7EDF8002818BFF9F773
:1088F00067F843F228746020C2F200040190002659
:1089000001A920460022CDE902660596FDF7CAFFBF
:10891000002818BFF9F754F820680D96A842CDE951
:108920000B660A96099635D040F60041C4F2000164
:1089300088421BD040F60001C4F20001884246D1B3
:108940000020089043F63000C4F2020001684FF4A2
:10895000804241F0080101600068022100F0080037
:108960000890089805F5484027E000BF00200890CF
:1089700043F63000C4F202000168072241F0010111
:1089800001600068022100F001000890089805F5D8
:108990003C4012E00020089043F63000C4F2020090
:1089A0000168402241F0200101600068032100F0CD
:1089B00020000890089805F55040099202220A927A
:1089C00000220D9109A9CDE90B22FBF749FA0EB05F
:1089D00070BD000080B586B043F2E0600022002147
:1089E000C2F20000C4F2010253234FF6FF7C05914E
:1089F000CDE90311CDE90011C0E90023C0E9021C53
:108A0000C0E904118161FDF7F7FC002818BFF8F7F1
:108A1000D7FF4FF48050029043F2E060C2F20000B2
:108A200002A9FDF7C3FD002818BFF8F7C9FF43F2FC
:108A3000E060C2F200006946FDF780FC002818BF24
:108A4000F8F7BEFF06B080BD80B586B043F2B870BF
:108A50000021C2F2000040F2004240F2F31C0591F6
:108A6000CDE90311CDE90011C4F200025323C0E99E
:108A7000021C01618021C0E900238161FDF7BCFC7B
:108A8000002818BFF8F79CFF4FF48050029043F283
:108A9000B870C2F2000002A9FDF788FD002818BFD7
:108AA000F8F78EFF43F2B870C2F200006946FDF796
:108AB00045FC002818BFF8F783FF06B080BD000012
:108AC00070B590B040F6000543F60000C4F2000512
:108AD0000021C2F20000532240F28F13CDE90811A9
:108AE000CDE90611CDE90411C0E90052C0E9021335
:108AF00001618161FDF7E6FF002818BFF8F760FF0C
:108B000043F60000C2F2000008A9FDF717FC002898
:108B100018BFF8F755FF602043F600040190C82005
:108B2000C2F200040290002601A920460822039602
:108B30000596FDF7B7FE002818BFF8F741FF20683B
:108B400044F20041C4F2010188420F96CDE90D665E
:108B5000CDE90B6630D040F60041C4F200018842F6
:108B600016D0A84245D100200A9043F63000C4F246
:108B7000020001684FF4804241F008010160006882
:108B8000022100F008000A900A9805F5013026E05D
:108B900000200A9043F63000C4F202000168072268
:108BA00041F0010101600068022100F001000A901B
:108BB0000A9805F5FC3012E000200A9043F63000D8
:108BC000C4F202000168402241F020010160006807
:108BD000032100F020000A900A9805F503300B925B
:108BE00002220C9200220F910BA9CDE90D22FBF776
:108BF00037F910B070BD0000B0B590B040F6004538
:108C000043F64800C4F200050021C2F200004FF60E
:108C1000FF72CDE90811CDE90611CDE90411C0E9D3
:108C20000051C0E9021201618161FDF74BFF00288C
:108C300018BFF8F7C5FE43F64800C2F2000008A9C5
:108C4000FDF77CFB002818BFF8F7BAFE6020019002
:108C50000020CDE90200059043F64800C2F2000072
:108C600001A90022FDF71EFE002818BFF8F7A8FE94
:108C700043F64800C2F2000001A90422FDF712FEEB
:108C8000002818BFF8F79CFE43F64804C2F200041F
:108C900001A920460822FDF705FE002818BFF8F7B5
:108CA0008FFE216844F20042C4F20102002091428A
:108CB000CDE90E00CDE90C000B9031D0A9421BD0BC
:108CC00040F60000C4F20000814245D100200A9025
:108CD00043F63000C4F2020001684FF4804241F0D4
:108CE000080101600068022100F008000A900A985B
:108CF00005F5003026E000BF0A9043F63000C4F2CC
:108D000002000168072241F00101016000680221B0
:108D100000F001000A900A9805F5FA3012E000BF51
:108D20000A9043F63000C4F202000168402241F08C
:108D3000200101600068032100F020000A900A98D9
:108D400005F502300B9202220C9200220F910BA922
:108D5000CDE90D22FBF784F810B0B0BD80B543F625
:108D6000900041F20001C2F20000C4F201010023B0
:108D70004FF00C0C4FF4E13280E80E00C0E90333F1
:108D8000C0E905C3C361FEF75FFA002808BF80BDD4
:108D9000BDE88040F8F714BE80B543F6D80044F62D
:108DA0000001C2F20000C4F2000148F2A0620023F8
:108DB0004FF00C0CC0F2010280E80E00C0E9033352
:108DC000C0E905C3C361FEF73FFA002808BF80BDB4
:108DD000BDE88040F8F7F4BD80B543F6201041F2BD
:108DE0000041C2F20000C4F2010100234FF00C0C5C
:108DF0004FF4E13280E80E00C0E90333C0E905C357
:108E0000C361FEF721FA002808BF80BDBDE880409D
:108E1000F8F7D6BD80B542F6EC2040F29401C2F2DC
:108E20000000C2F20001002203F0D8FE002818BFA3
:108E3000F8F7C6FD42F6EC2040F2B801C2F200009D
:108E4000C2F2000104F03CF9002818BFF8F7B8FDA1
:108E500042F6EC2040F25411C2F20000C2F20001CE
:108E600003F0BEFB002818BFF8F7AAFD42F6EC207D
:108E7000C2F2000004F04EF9002808BF80BDBDE832
:108E80008040F8F79DBD0000FEE700000021C1F61C
:108E90007D4188420FFA80FC06D3BCF5617F03DA7E
:108EA0001978013109E000BF1978820CE02A05D851
:108EB00041F67D42944501DB01391970DDF800C0AF
:108EC0004AB2002A04D4CAB2242A04D3DC2200E025
:108ED000242211441970000C49B201EE100A9FEDD2
:108EE000112A00EE101AB8EE411AB8EEC00A21EEAF
:108EF000021A9FED0D2A31EE000A20EE020ABDEEA5
:108F0000C00A10EE100A014610F5805FB8BF01F5E7
:108F10000051B0F5805FC8BFA0F50051CCF800103B
:108F2000704700BF00000039398E6343FEE7000040
:108F300040F2FC40C2F20000016842689FEDA61AB0
:108F400002EE101A03EE102A22EE010A63EE010A65
:108F500022EE002A23EE203A23EE013A22EE011AF5
:108F60009FED9E2A31EE031A81EE022AB7EE001A17
:108F7000B0EE413AB4EE412AF1EE10FA08DCB5EE5B
:108F8000402AF1EE10FAACBFB0EE423A9FED943AAF
:108F9000BEEE002A23EE022A32EE011AC17F9FEDB7
:108FA000912A012921EE021A0CD049BB40F24461FA
:108FB000C2F200018978022940F0DA8090F820009E
:108FC0000AE000BF40F24461C2F20001897890F8E3
:108FD0002000022940F0DC8000EE100AB8EE400AC2
:108FE00042F2E47021EE001AC2F200009FED7C0A0A
:108FF000D0ED021AF0EE400A012006F085BC00BF59
:109000002DE9F04F81B02DED068B82B042F6A00025
:10901000C2F20000806942F29048C2F20008C8F82B
:1090200060000020A8F80C0088F80E00D8E90001C4
:109030000091D8F8081001910CF07EFD9FED5E0BB9
:1090400005465AEC10BB5A4653460F460CF088FBB7
:1090500002460B46284639460CF080FC9FED580B23
:10906000044652EC100B4FEAD2790E46204669F3C3
:10907000DF760CF067F89FED540B09EE100A57EC01
:10908000105B204631462A463B460CF0A3FD9FED7F
:10909000548A002818BFB0EE489A009888ED009ACC
:1090A0000CF04AFD5A46534604460E460CF058FB57
:1090B00002460B46204631460CF050FC0E46044654
:1090C00069F3DF760CF03EF809EE100A20463146CF
:1090D0002A463B460CF07EFD002818BFB0EE489AA9
:1090E000019888ED019A0CF027FD5A465346044634
:1090F0000E460CF035FB02460B46204631460CF07E
:109100002DFC0E46044669F3DF760CF01BF809EEE1
:10911000100A204631462A463B460CF05BFD9FED87
:10912000330A9FED311A002818BFB0EE489A29EE95
:10913000000A80EE01AA88ED029A1AEE100A20F0C9
:1091400000400CF0F9FC9FED220B53EC102B0CF0BF
:1091500033FD002818BFB0EE4A8A88ED178A02B0A6
:10916000BDEC068B01B0BDE8F04F06F005BB00BFBB
:1091700080689FED1D1A02EE100A42F2E470C2F2FE
:109180000000D0ED021A22EE011A052006F0BCBB49
:10919000002808BF704702EE100A42F2E470C2F2E3
:1091A0000000B8EE422AD0ED021A21EE021A012088
:1091B00006F0AABB00BF00BF9A9999999999E93F17
:1091C00000000000000000000000000000001C4043
:1091D0007B14AE47E17A843F00007A440042EF48B6
:1091E0000000000000402D4500806D43B81E053E84
:1091F00049F60850C2F200000178FF2923D1817F8F
:109200000D2920D18178812918BF704740F21C4177
:10921000C2F200010A88C37801320A80C2680B7763
:10922000D0F804C083688A620269C1E9083C4369D6
:10923000D0F818C00A63027F407F4B63C1F838C082
:109240008A8781F82C00704743F2A410C2F2000014
:10925000FBF75ABC00284DD0017890ED101A90ED24
:10926000112A30EEC03A0029C0ED070A80ED080A45
:1092700080ED103A80ED111A80ED122A3ED00129BE
:1092800058D133EE410A90ED015A90ED026A31EE69
:10929000011A90ED037A33EE411A20EE050A23EE0F
:1092A000065A32EE011A80ED0A0AD0E90D2180ED4E
:1092B0000D1A21EE071A30EE050A90ED092A90EDFD
:1092C000044A30EE010A32EE000AB4EE440AF1EE2E
:1092D00010FA80ED0B5AC0E90E2180ED0C1A80EDDA
:1092E000090AC2BF80ED094AB0EE440A7047B1EEE8
:1092F000441A65E09FED370A704700BF30EE600A00
:1093000090ED012AB0EEC00AB0EE044AB4EE440A71
:1093100023EE022AF1EE10FA80ED0A2A0EDA90ED21
:10932000020A90ED0B4A20EE030A30EE040A80EDAB
:109330000B0A05E090ED090A704700BF90ED0B0A9B
:1093400090ED0D6A33EE411A9FED233A9FED237A9B
:1093500090ED054A90ED035A26EE033A21EE071AE6
:10936000816B31EE033AB4EE440A23EE051AF1EEB6
:1093700010FAC16380ED0C1A80ED0D3A80ED0E6A93
:1093800006DCB1EE444AB4EE440AF1EE10FA03DA18
:10939000B0EE440A80ED0B4A32EE000A90ED042A4A
:1093A00031EE000AB4EE420AF1EE10FA80ED090A3D
:1093B000C2BF80ED092AB0EE420A7047B1EE421AF0
:1093C000B4EE410AF1EE10FABCBF80ED091AB0EE1E
:1093D000410A70470000000052B87E3F0AD7A33B05
:1093E00000284FD0017890ED101A90ED112A80EDF1
:1093F000080A30EEC00A0029C0ED070A80ED100A05
:1094000080ED111A80ED122A40D0012940F094809D
:1094100090ED015A90ED026A30EE414A31EE011AA8
:1094200090ED037A24EE054A20EE065A30EE410A0A
:1094300032EE000AD0E90D2180ED0D0A20EE070A78
:1094400034EE051A90ED092A90ED043A80ED0C0AED
:1094500031EE000A32EE000AB4EE430AF1EE10FAE1
:1094600080ED0A4A80ED0B5AC0E90E2180ED090A11
:10947000C2BF80ED093AB0EE430A7047B1EE431A1D
:109480004FE000BF9FED2E0A704700BF90ED024AEB
:1094900090ED012A90ED0B6A24EE004A20EE022A9C
:1094A00034EE064A90ED0D6A30EE410A9FED251A22
:1094B000816B80ED0E6A26EE011A9FED236A90ED16
:1094C000053A90ED035A20EE060A30EE010AB4EE9A
:1094D000434A80ED0D0A20EE050AF1EE10FA80ED08
:1094E0000A2A80ED0B4AC16380ED0C0A06DCB1EE5E
:1094F000433AB4EE434AF1EE10FA03DAB0EE434ACF
:1095000080ED0B3A32EE042A90ED041A30EE020A96
:10951000B4EE410AF1EE10FA80ED090A07DCB1EE73
:10952000411AB4EE410AF1EE10FAA8BF7047B0EE4E
:10953000410A80ED091A704790ED090A704700BF93
:109540000000000052B87E3F0AD7A33B002808BFA6
:10955000704780B51C303021F6F7D2FF80BD000087
:10956000002818BF002A01D1704700BF80B51368DA
:1095700001704360536828218360926880ED040A7B
:10958000C260C0ED050A2430F6F7BAFF80BD0000C6
:10959000EFF30980BFF36F8F154B1A681EF0100FA1
:1095A00008BF20ED108A20E9F04F10602DE9090076
:1095B0004FF0500080F31188BFF34F8FBFF36F8FD0
:1095C00008F0BCFC4FF0000080F31188BDE80900F2
:1095D00019680868B0E8F04F1EF0100F08BFB0EC33
:1095E000108A80F30988BFF36F8F704700BF00BFF8
:1095F0006402002080B543F6D803C2F20003D3F81A
:1096000000C0DCF8143043F04003CCF81430DCF830
:109610000C3043F01003CCF80C3043F23003C2F2AC
:109620000003D3F800E0DEF800C02CF0010319E0DD
:10963000DEF8003023F00103CEF80030DEF8003011
:10964000DB071FBFDEF8003023F00103CEF8003047
:10965000DEF8003018BF5FEAC37315D0DEF80030C3
:1096600023F00103CEF80030DEF80030DB071FBF27
:10967000DEF8003023F00103CEF80030DEF80030D1
:1096800018BF5FEAC373D3D144F60403C4F20003E6
:10969000CEF80830CEF80C00CEF81010CEF804202A
:1096A000DEF8000040F48020CEF80000DEF8000074
:1096B00040F00100CEF8000080BD000080B548B346
:1096C00091ED061A91ED1E3A91ED1F4A33EE012AF3
:1096D00034EE022AB0EE085A82EE052AB1F984204F
:1096E00081ED1E1A81ED1F3A81ED204A90ED063A78
:1096F00001EE102AB8EEC11AB4EE413AF1EE10FABA
:1097000080ED082A0AD0012281F8702080ED061A27
:1097100009E000BF9FED940A80BD00BF91F8702062
:10972000002A00F0CB8040F2D413C2F2000342883A
:109730001B889A4292BF0132002281F87020428039
:109740000A7C01EB820212ED012A80ED082A0278E0
:1097500090ED103A90ED114A31EE420A80ED071A71
:1097600080ED100A80ED113A80ED124AB2B3012A61
:1097700040F0928090ED015A90ED026A30EE432A5B
:1097800033EE033A90ED037A22EE052A20EE065AD4
:1097900030EE430A34EE000A80ED0A2AD0E90D21AA
:1097A00080ED0D0A20EE070A32EE052A90ED093A07
:1097B00090ED041A80ED0C0A32EE000A33EE000A36
:1097C000B4EE410AF1EE10FA80ED0B5AC0E90E2119
:1097D00080ED090A6CDCB1EE411A63E090ED021AEB
:1097E00030EE434A20EE013A9FED5F1A91F8702067
:1097F000B7EE007AF0EE410A80ED0D4A90ED015A85
:1098000090ED036A90ED052A012A08BFF0EE470AA1
:1098100090ED0B7A23EE203A33EE073A91ED1D7A64
:10982000826B25EE075AB4EE423A20EE050A80ED2F
:109830000E4A24EE064AF1EE10FA80ED0B3A80ED66
:109840000A0AC26380ED0C4A06DCB1EE422AB4EE8D
:10985000423AF1EE10FA03DAB0EE423A80ED0B2A0A
:1098600091ED1D2A30EE030AB5EE402A90ED042A50
:1098700034EE000AF1EE10FA08BFB0EE410AB4EE81
:10988000420AF1EE10FA80ED090A09DDB0EE420A53
:1098900080ED092A80BD00BF90ED090A80BD00BFA0
:1098A000B1EE421AB4EE410AF1EE10FAA8BF80BD43
:1098B000B0EE410A80ED091A80BD00BF0A7C9FED21
:1098C0002B5A01EB820212ED014A31EE444AB0EE0E
:1098D000C44AB4EE454AF1EE10FA0BDD42884AB9AB
:1098E000B5EE403AF1EE10FA04D000224A670122A8
:1098F00038E000BF91ED1D3AB7EE004AB4EE443AAD
:10990000F1EE10FA2AD040F2D413C2F20003B3F8F9
:1099100000C04BF65203B0F802E0C0F21E53ACFB9D
:10992000033296450AD2B0EE003AB4EE430AF1EEA5
:1099300010FA03DD0EF1010214E000BF47F2A402A9
:10994000C0F63D22ACFB02239E4507D20EF1010278
:1099500042804FF07F524A67F9E600BF4FF07E52D7
:109960004A6700224280F2E60000000000008242C6
:109970002DE9F04F81B042F6B063C2F20003D3F894
:1099800000C08946DCF8003023F00103CCF8003039
:1099900042F61073C2F200031B681F6827F001072C
:1099A0001F60DCF8007007E0DCF8007027F00107AA
:1099B000CCF80070DCF80070FF071FBFDCF8007007
:1099C00027F00107CCF80070DCF8007018BF5FEAE0
:1099D000C77715D0DCF8007027F00107CCF80070CD
:1099E000DCF80070FF071FBFDCF8007027F00107EC
:1099F000CCF80070DCF8007018BF5FEAC777D3D1ED
:109A00001F68FF071FBF1F6827F001071F601F683F
:109A100018BF5FEAC77715D01F6827F001071F60DE
:109A20001F68FF071FBF1F6827F001071F601F681F
:109A300018BF5FEAC77705D01F6827F001071F60CE
:109A4000DEE700BF43F2886BC2F2000BDBF84C503C
:109A500046F20C44C4F202042E6846F2080E04F1E9
:109A60004C0846F28841C4F2020E4645C4F2020197
:109A700014D98E4200F0A28046F27045C4F202056D
:109A8000AE4240F0D38020252560102525600825B2
:109A900025600425256001259DE000BF0EF1B0057D
:109AA000AE42009064D946F2104A4F46C4F2020A10
:109AB00046F228495645C4F2020900F0BD824E45DF
:109AC00000F01E8146F24045C4F20205AE420CBFD2
:109AD0004FF400154FF000655645CEF8005400F0E5
:109AE00016814E4500F01A8146F24045C4F2020547
:109AF000AE420CBF4FF480154FF080655645CEF84E
:109B0000005400F012814E4500F0168146F24045A7
:109B1000C4F20205AE420CBF4FF400254FF00075B1
:109B20005645CEF8005400F00E814E4500F01281EB
:109B300046F24045C4F20205AE420CBF4FF4802508
:109B40004FF080755645CEF8005400F00A81009819
:109B50004E4500F0098146F24045C4F20205AE428E
:109B6000B9460CBF4FF480354FF48005FEE000BFCE
:109B70000EF1500A46F2100746F270005645C4F244
:109B80000207C4F2020040F2A180054608463946A9
:109B9000AE4200F00B8346F28805C4F202054F4640
:109BA000AE4200F0598246F2A005C4F20205AE4270
:109BB0000CBF4FF400194FF00069FAE24FF4006552
:109BC00025604FF4806525604FF4007525604FF4E3
:109BD0008075256040252560DBF848502D68454597
:109BE00040F2CC808D4211D046F27041C4F20201A5
:109BF0008D4245D120212160102121600821216062
:109C0000042121600121216000F06BBC4FF4006150
:109C100021604FF4806121604FF4007121604FF4A6
:109C2000807121604021216000F05BBC04F194054B
:109C30004FF00067AE4208BF4FF4001727604FF0A7
:109C4000806708BF4FF4801727604FF00077AE425F
:109C500008BF4FF4002727604FF0807708BF4FF40C
:109C6000802727604FF48007AE4208BF4FF480374B
:109C70002760DBF848502D684545B3D87EE000BF2B
:109C800004F194014FF000678D4208BF4FF40017B4
:109C900027604FF0806708BF4FF4801727604FF0B0
:109CA00000778D4208BF4FF4002727604FF0807780
:109CB00008BF4FF4802727604FF480078D4208BF0C
:109CC0004FF48037276000F00CBC00BFBE4200F0AC
:109CD000F38246F22805C4F20205AE4200F0C081CC
:109CE00046F24005C4F20205AE420CBF4FF4001527
:109CF0004FF00065CEF80050564540F2B88164E25E
:109D00004FF400655645CEF800547FF4EAAE1025B6
:109D10005645CEF800547FF4F6AE06E04FF4806569
:109D20005645CEF800547FF4EEAE08255645CEF8E1
:109D300000547FF4FAAE06E04FF400755645CEF8B5
:109D400000547FF4F2AE04255645CEF800547FF45B
:109D5000FEAE06E04FF480755645CEF800547FF411
:109D6000F6AE0125009800E04025B946CEF8005433
:109D7000DBF848502D6845453FF634AF0EF1B00191
:109D80008D4273D946F21044C4F20204A54200F099
:109D90005B8146F22841C4F202018D4200F012813B
:109DA00046F24041C4F202018D420CBF4FF400164E
:109DB0004FF00066A542CEF8006400F00A8146F23A
:109DC0002841C4F202018D4200F00A8146F240416E
:109DD000C4F202018D420CBF4FF480164FF0806632
:109DE000A542CEF8006400F0028146F22841C4F298
:109DF00002018D4200F0028146F24041C4F20201AC
:109E00008D420CBF4FF400264FF00076A542CEF8ED
:109E1000006400F0FA8046F22841C4F202018D424B
:109E200000F0FA8046F24041C4F202018D420CBFBC
:109E30004FF480264FF08076A542CEF8006400F003
:109E4000F28046F22841C4F202018D4200F0F08017
:109E500046F24041C4F202018D420CBF4FF48034FF
:109E60004FF48004CEF800443BE300BF0EF15004F1
:109E7000A54240F28D8046F27001C4F202018D428B
:109E800000F0228246F28801C4F202018D4200F005
:109E90004D8146F2A001C4F202018D420CBF4FF485
:109EA00000164FF00066CEF80460A54200F22E8244
:109EB00046F21001C4F202018D4200F00B8246F21C
:109EC0002801C4F202018D4200F0388146F24001BF
:109ED000C4F202018D420CBF4FF480164FF0806631
:109EE000CEF80060A54200F22D8246F21001C4F2C5
:109EF00002018D4200F0F48146F22801C4F2020111
:109F00008D4200F0238146F24001C4F202018D42ED
:109F10000CBF4FF400264FF00076CEF80060A5424B
:109F200000F22C8246F21001C4F202018D4200F0D0
:109F3000DD8146F22801C4F202018D4200F00E815B
:109F400046F24001C4F202018D420CBF4FF480265C
:109F50004FF08076CEF80060A54200F22B8246F2E8
:109F60001001C4F202018D4200F0C68146F22801C0
:109F7000C4F202018D4200F0F98046F24001C4F2C1
:109F800002018D420CBF4FF480344FF48004B4E1E1
:109F900046F21001C4F202018D4200F0B18146F296
:109FA0002801C4F202018D4200F0E28046F2400135
:109FB000C4F202018D420CBF4FF400164FF0006650
:109FC0009FE100BF4FF40066A542CEF800647FF425
:109FD000F6AE1026A542CEF800647FF406AF06E088
:109FE0004FF48066A542CEF800647FF4FEAE0826EA
:109FF000A542CEF800647FF40EAF06E04FF4007681
:10A00000A542CEF800647FF406AF0426A542CEF840
:10A0100000647FF416AF06E04FF48076A542CEF8D8
:10A0200000647FF40EAF0124CEF8004459E200BF73
:10A030004024CEF8004454E220255645CEF8005482
:10A040007FF44FAD63E600BF2026A542CEF8006442
:10A050007FF4B5AEBDE700BF4FF40069A9E000BFD3
:10A060004FF40065CEF80050564500F2AE80BE4277
:10A0700000F0D68146F22805C4F20205AE4200F097
:10A080007B8046F24005C4F20205AE420CBF4FF49D
:10A0900080154FF08065CEF80050564500F2AD8037
:10A0A000BE4200F0C58146F22805C4F20205AE4268
:10A0B0006AD046F24005C4F20205AE420CBF4FF42E
:10A0C00000254FF00075CEF80050564500F2AD80E7
:10A0D000BE4200F0B58146F22805C4F20205AE4248
:10A0E0005AD046F24005C4F20205AE420CBF4FF40E
:10A0F00080254FF08075CEF80050564500F2AD80B7
:10A100000098BE4200F0A48146F22805C4F2020580
:10A11000AE4249D046F24005C4F20205AE420CBF41
:10A120004FF480354FF4800593E100BF4FF4006693
:10A13000CEF80460A5427FF6BBAEE7E04FF4806640
:10A14000CEF80060A5427FF6D0AEFBE04FF400767B
:10A15000CEF80060A5427FF6E5AE0FE14FF48076C1
:10A16000CEF80060A5427FF6FAAE23E14024C4E0B9
:10A170004FF40066C5E000BF4FF48065CEF8005094
:10A1800056457FF68DAF38E04FF40075CEF800509D
:10A1900056459DD949E000BF4FF48075CEF8005078
:10A1A0005645ADD959E000BF402552E14F464FF02A
:10A1B0002009CEF80490B9460F46014646F27000D9
:10A1C000C4F2020056457FF652AF864200F04C8141
:10A1D00046F28805C4F20205AE4253D046F2A0050D
:10A1E000C4F20205AE420CBF4FF480154FF08065FB
:10A1F000CEF8045056457FF653AF864200F03C81BE
:10A2000046F28805C4F20205AE4243D046F2A005EC
:10A21000C4F20205AE420CBF4FF400254FF00075AA
:10A22000CEF8045056457FF653AF864200F02C819D
:10A2300046F28805C4F20205AE4233D046F2A005CC
:10A24000C4F20205AE420CBF4FF480254FF080757A
:10A25000CEF8045056457FF653AF8642009800F082
:10A260001B8146F28805C4F20205AE4222D046F2B6
:10A27000A005C4F20205AE420CBF4FF480354FF486
:10A2800080050AE14FF48065CEF8045056457FF60C
:10A2900007AFB2E74FF40075CEF8045056457FF68D
:10A2A00017AFC2E74FF48075CEF8045056457FF6DD
:10A2B00027AFD2E74025F0E02025CEF800505645E4
:10A2C0007FF6D5AE81E700BF2026CEF80460A54218
:10A2D0001CD8EDE51026CEF80060A54232D804E681
:10A2E0000826CEF80060A54248D81BE60426CEF822
:10A2F0000060A5425ED832E60124CEF80040F0E0CE
:10A300002026CEF80060A5427FF6D2AD46F270015D
:10A31000C4F202018D4200F0C98046F28801C4F205
:10A3200002018D4260D046F2A001C4F202018D42CA
:10A330000CBF4FF480164FF08066CEF80460A54243
:10A340007FF6D3AD46F27001C4F202018D4200F0F7
:10A35000B58046F28801C4F202018D424CD046F22B
:10A36000A001C4F202018D420CBF4FF400264FF051
:10A370000076CEF80460A5427FF6D4AD46F27001B7
:10A38000C4F202018D4200F0A18046F28801C4F2BD
:10A3900002018D4238D046F2A001C4F202018D4282
:10A3A0000CBF4FF480264FF08076CEF80460A542B3
:10A3B0007FF6D5AD46F27001C4F202018D4200F085
:10A3C0008D8046F28801C4F202018D4224D046F20B
:10A3D000A001C4F202018D420CBF4FF480344FF44F
:10A3E0008004CEF804407CE04FF48066CEF8046030
:10A3F000A5427FF67AADA5E74FF40076CEF804606B
:10A40000A5427FF68FADB9E74FF48076CEF80460B1
:10A41000A5427FF6A4ADCDE74024CEF8044060E02D
:10A420001025CEF8005056453FF6E7AE38E600BF9F
:10A430000825CEF8005056453FF6F7AE48E600BF77
:10A440000425CEF8005056453FF607AF58E600BF4A
:10A450000125CEF80050DBF848502D6845457FF6C1
:10A460008DACFFF7BFBB00BF1025CEF8045056459A
:10A470007FF616AEC1E600BF0825CEF8045056455B
:10A480007FF626AED1E600BF0425CEF8045056452F
:10A490007FF636AEE1E600BF0125CEF80450DBF8CA
:10A4A00048502D6845453FF69DAB67E41026CEF831
:10A4B0000460A5427FF619AD44E700BF0826CEF838
:10A4C0000460A5427FF62EAD58E700BF0426CEF803
:10A4D0000460A5427FF643AD6CE700BF0124CEF8CF
:10A4E0000440CCF80C90D860CCF804205A60DCF81A
:10A4F000000040F00100CCF80000186840F00100B6
:10A50000186001B0BDE8F08FF0B543F28863C2F285
:10A5100000031B685E6846F002065E605E6846F0F7
:10A5200001065E601E6846F040061E6042F6B0639B
:10A53000C2F200031B681E6826F001061E601E683A
:10A54000F60716D01E6826F001061E601E68F60784
:10A550001FBF1E6826F001061E601E6818BF5FEA56
:10A56000C67606D01E6826F001061E601E68F60735
:10A57000E1D146F20C4EC4F2020E46F2080C0EF186
:10A580004C04C4F2020CA34276460DD80CF1B0057F
:10A59000AB4203D90CF5806606E000BF0CF1500514
:10A5A0006646AB4288BF043643F20C05C4F201058F
:10A5B0004FF4001737609D60D9605A60196841F008
:10A5C0001001196042F61071C2F2000109680B68AF
:10A5D00023F001030B600B68DB0716D00B6823F038
:10A5E00001030B600B68DB071FBF0B6823F001033F
:10A5F0000B600B6818BF5FEAC37306D00B6823F0CB
:10A6000001030B600B68DB07E1D1A1420DD80CF10F
:10A61000B003994202D90CF5806E06E00CF15003AC
:10A62000994288BF0CF1040CE6464FF00063CEF867
:10A6300000308D60C8604A60F0BD00002DE9F04335
:10A6400081B0089C984615460E468146F9F7DEFC17
:10A65000201A00EB0804F9F7D9FC40F2B401C2F269
:10A6600000010968C1F3CB3161430091D9F80010B2
:10A670008A683240921BB2FA82F25209954203D1A3
:10A68000002001B0BDE8F083074618F101000ED1AB
:10A6900030E000BF009801380090D9F800008068D1
:10A6A0003040801BB0FA80F040098542E8D0F9F7CD
:10A6B000ADFCC01BA04227D200980028EAD100249C
:10A6C000EBE700BF88683040801BB0FA80F040099B
:10A6D0008542D5D088683040801BB0FA80F04009B0
:10A6E0008542CDD088683040801BB0FA80F04009A8
:10A6F0008542C5D088683040801BB0FA80F04009A0
:10A700008542DFD1BCE700BFD9E900014268B1F55D
:10A71000827F22F0E00242600BD1D9F80810B1F537
:10A72000004F02D0B1F5806F03D1016821F04001E4
:10A730000160D9F82810B1F5005F07D1016821F454
:10A7400000510160016841F400510160012089F865
:10A750005100002089F85000032001B0BDE8F083CB
:10A76000074B19680868B0E8F04F80F30988BFF319
:10A770006F8F4FF0000080F31188704700BF00BF5B
:10A780006402002088B042F21855C2F20005284643
:10A79000B821F5F7B5FE46F274129FEDD10ADFED50
:10A7A000D10A05F11C00C0F6010200214FF0000A99
:10A7B000FEF7D6FE9FEDCC0A46F2681205F168005E
:10A7C000C0F601020021F0EE400AFEF7C9FE43F692
:10A7D000F83BC2F2000B0BF124042046FEF7B6FE54
:10A7E0000BF1AC063046FEF7B1FE9FEDC08A9FED3F
:10A7F000C09A4CF6CF490DF11408C3F64C594FF0EE
:10A800008247204600214246B0EE480AF0EE490A4F
:10A81000CDF81CA0CDF8189005970394FEF7A0FE84
:10A820009FEDB4AA5846B0EE4A0A052107F0BEFBD8
:10A8300005A880E88006304600214246B0EE480A6E
:10A84000F0EE490A0296FEF78BFE0BF188042046D3
:10A85000B0EE4A0A052107F0A9FBC82007F0BCF9B1
:10A8600043F6FC18C2F2000840F26841D8F8040030
:10A87000C2F2000191ED000A2860B8F80800B8EEB5
:10A88000C01A98ED070AA882584685ED021A05F00D
:10A89000A7FB98ED0A0A2046049405F0A1FBF6F701
:10A8A000ABFF95ED000A9FED94AA40F25054C2F21E
:10A8B00000049FED92BA20EE0A0A94ED011A20EEF0
:10A8C0000B0A9FED8FCA30EE010A30EE0C0A40F2FF
:10A8D0007852B5EE400AC2F200024FF47A719FED51
:10A8E00089DAF1EE10FAD8BFB0EE4D0A1181217865
:10A8F00084ED010ABDEEC00A40F2885910EE100A3C
:10A90000C2F200090129A9F80A0006D0B1B940F243
:10A91000EE21884212D301202070608840F23F224D
:10A92000013081B29142C4F810A0A5F816A0C5F874
:10A9300048A0608022BF002060802070207B01281A
:10A940002BD14EF6B620ABF8840041F24A50ABF85A
:10A950000C010398B0EE080A5946FEF7AFFE0298C4
:10A960000499B1EE000AFEF7A9FE9BED120A9BEDD9
:10A97000341ABDEEC00A10EE10CABDEEC10A42F68E
:10A98000806010EE10EAC2F200004FF40071002265
:10A990000023CDE900CEF5F7F9FF42F6586700260F
:10A9A000C2F200074FF47A7AB0EE088AB1EE009A4C
:10A9B000B5F9162038464FF4007100230096019631
:10A9C000F5F7E4FF012007F007F9D8F80400286044
:10A9D00040F26840C2F2000090ED000AB8F80800AA
:10A9E000B8EEC00A85ED020A98ED070AA88258461B
:10A9F00005F0F6FA98ED0A0A049805F0F1FAF6F770
:10AA0000FBFE95ED000A94ED011A20EE0A0A20EEF5
:10AA10000B0A30EE010A30EE0C0AB5EE400AF1EEF8
:10AA200010FAD8BFB0EE4D0A217884ED010ABDEED0
:10AA3000C00A40F2785210EE100A0129C2F2000258
:10AA4000A9F80A00A2F808A006D091B940F2EE21B8
:10AA500088420ED301202070608840F23F220130EE
:10AA600081B22661EE82AE649142608024BF66802E
:10AA70002670207B01289BD14EF6B620ABF88400CF
:10AA800041F24A50ABF80C0103985946B0EE480A1F
:10AA9000FEF714FE02980499B0EE490AFEF70EFE86
:10AAA0009BED120A9BED341ABDEEC00A10EE106A3F
:10AAB000BDEEC10A42F68060BA462F4610EE105A2B
:10AAC000C2F200004FF4007100220023CDE90065BE
:10AAD0003D4657464FF47A7A0026F5F757FF67E769
:10AAE0000080BB4500803B4500401C4600803B4643
:10AAF00000009644CDCC4C3E0AD7233CD6B9723BDD
:10AB0000B81E05BE000000002DE9F04F81B02DED0C
:10AB1000068B82B040F24460C2F20000C178022984
:10AB20001CD0012906D049B102B0BDEC068B01B0A2
:10AB3000BDE8F08F8078022840F0C88042F6A0007F
:10AB4000C2F20000806942F29048C2F20008C8F8E0
:10AB500060000020A8F80C0014E000BF4078002836
:10AB600000F0F48042F6A000C2F20000806942F2D8
:10AB70009048C2F20008C8F860004FF48070A8F84E
:10AB80000C00002088F80E00D8E900010091D8F8E8
:10AB9000081001910AF0D0FF9FED710B05465AECA9
:10ABA00010BB5A4653460F460AF0DAFD02460B46E2
:10ABB000284639460AF0D2FE9FED6B0B044652EC54
:10ABC000100B4FEAD2790E46204669F3DF760AF081
:10ABD000B9FA9FED670B09EE100A57EC105B20469F
:10ABE00031462A463B460AF0F5FF9FED658A00286C
:10ABF00018BFB0EE489A009888ED009A0AF09CFFC2
:10AC00005A46534604460E460AF0AAFD02460B4633
:10AC1000204631460AF0A2FE0E46044669F3DF766E
:10AC20000AF090FA09EE100A204631462A463B46C1
:10AC30000AF0D0FF002818BFB0EE489A019888EDBE
:10AC4000019A0AF079FF5A46534604460E460AF026
:10AC500087FD02460B46204631460AF07FFE0E462F
:10AC6000044669F3DF760AF06DFA09EE100A204611
:10AC700031462A463B460AF0ADFF9FED420A9FED62
:10AC8000421A002818BFB0EE489A29EE000A80EE5A
:10AC900001AA88ED029A1AEE100A20F000400AF08C
:10ACA0004BFF9FED350B53EC102B0AF085FF00286E
:10ACB00018BFB0EE4A8A88ED178A02B0BDEC068B49
:10ACC00001B0BDE8F04F04F057BD00BF40F2BC300A
:10ACD000C2F20000B0F908109FED2C1A00EE101A15
:10ACE000B8EE400A80EE010A9FED292A0A29B0F940
:10ACF0000410B0F906009FED221A20EE020AC8BF28
:10AD0000B0EE401A00EE100A484203EE100A42F27A
:10AD1000E4709FED202AC2F20000B8EEC00AB8EE3F
:10AD2000C33AD0ED021A0120B5EE401A20EE020A15
:10AD300063EE020AF1EE10FA08BF032002B0BDEC88
:10AD4000068B01B0BDE8F04F04F0DEBD02B0BDECF3
:10AD5000068B01B0BDE8F04FFEF7EAB800BF00BFB8
:10AD60009A9999999999E93F000000000000000024
:10AD70000000000000001C407B14AE47E17A843FD5
:10AD800000000000B81E053E00806D430000254411
:10AD900000402D457CF0C13FF0B581B02DED048B16
:10ADA00040F24467C2F20007B87805280ED8DFE801
:10ADB00000F00327117D0DAF9FED820AF0EE400AEF
:10ADC000B0EE401AF0EE401AC6E000BFBDEC048BB6
:10ADD00001B0F0BD40F28C00C2F200009FED790A94
:10ADE00090ED001AD0ED011AF0EE400A0120012189
:10ADF0000122BDEC048B01B0BDE8F04005F0A8B91C
:10AE000042F6A000C2F20000D0F8D8000AF094FE8A
:10AE1000054640F2BC30C2F20000B0F90040B0F983
:10AE200002000E460AF00CFC9FED610B53EC102B58
:10AE30000AF096FC2A4633460AF0B6F90AF082F97F
:10AE400008EE100AB5EE408ABBEE090A9FED5D9A46
:10AE5000F1EE10FAC8BFB0EE498AB4EE408A20463F
:10AE6000F1EE10FAB8BFB0EE408A87ED028A0AF020
:10AE7000E7FB9FED510B53EC102B0AF071FC0AF02D
:10AE800061F9034600EE100AF0EE490AB0EE491AE5
:10AE9000F0EE481A002001210022FB60BDEC048B7B
:10AEA00001B0BDE8F04005F053B900BF40F2FC41ED
:10AEB000C2F20001D1F81700D1F81B500AF03CFE95
:10AEC0009FED390B54EC106B324623460AF048FCD8
:10AED0000AF038F908EE100A28460AF02DFE32462C
:10AEE00023460AF03DFC0AF02DF900EE900A42F2EA
:10AEF000E470C2F2000090F8201007F11000B0EEEC
:10AF0000480ABDEC048B01B0BDE8F040F7F798BAF1
:10AF100040F2FC40C2F20000C17F012926D18068C6
:10AF20009FED290A01EE100A81EE000A40F2BC30C2
:10AF3000C2F200009FED251AB0F902009FED202A11
:10AF400020EE010A01EE100AB8EEC11A61EE020A03
:10AF50009FED1C1AF0EE411A002000210022BDECEA
:10AF6000048B01B0BDE8F04005F0F2B840F2BC300F
:10AF7000C2F20000B0F902009FED112A00EE100AA3
:10AF8000B8EEC01A9FED0F0A61EE020AB0EE401A49
:10AF9000F0EE401A002000210222BDEC048B01B02B
:10AFA000BDE8F04005F0D4B895B0DB0CDCA54C4012
:10AFB0007B14AE47E17A943F9A9999999999C93F40
:10AFC000E9A28B3D00000000DB0F49400000344344
:10AFD00088B000200021C4F2FA30C4F2F0110790CA
:10AFE000CDE9050142F290409FEDDA8AC2F20000FD
:10AFF0009FEDD90A103005AA0021F0EE480A00247E
:10B00000FEF7AEFA9FEDE00B40F2446540F2BC3A29
:10B0100040F2785B40F2AC189FEDDD9B9FEDDEAB1C
:10B020009FEDDFBA9FEDDFCA9FEDDFDB40F2FC470B
:10B0300042F29049C2F20005C2F2000AC2F2000BCD
:10B04000C2F20008C2F2000751EC100BC2F2000974
:10B05000CDE90110D8E000BF40F2DC50E88042F6B4
:10B06000A00AC2F2000ADAF81800A9F80C40C9F8E0
:10B070006000D9E9000189F80E400391D9F8081061
:10B0800004910AF059FDDDF808A0DDF804B052463D
:10B090005B4604460F460AF063FB02460B46204619
:10B0A00039460AF05BFC064652EC190B4FEAD2789F
:10B0B0000D46304668F3DF750AF044F857EC1A4B3A
:10B0C0000EEE100A3046294622463B460AF082FD23
:10B0D000002818BFB0EE48EA039889ED00EA0AF0AC
:10B0E0002BFD52465B4605460E460AF039FB0246EA
:10B0F0000B46284631460AF031FC0E46054668F3F9
:10B10000DF760AF01FF80EEE100A28463146224676
:10B110003B460AF05FFD002818BFB0EE48EA0498ED
:10B1200089ED01EA0AF008FD52465B4605460E46E7
:10B130000AF016FB02460B46284631460AF00EFC82
:10B140000E4668F3DF7640F2AC180546C2F20008FE
:10B1500009F0F8FF0EEE100A284640F24465314629
:10B1600040F2BC3A22463B4640F2785BC2F2000510
:10B17000C2F2000A0024C2F2000B0AF02BFD0028E4
:10B1800018BFB0EE48EA2EEE0B0A80EE0CFA89EDFD
:10B1900002EA1FEE100A20F000400AF0CDFC53EC4A
:10B1A0001D2B0AF009FDB0EE480A40F2FC470028CA
:10B1B00018BFB0EE4F0A89ED170AC2F2000704F07B
:10B1C000DBFA42F6A006C2F2000606F17400A6F809
:10B1D000EA40F484FEF7BAF906F12800FEF7B6F962
:10B1E00006F59C70FEF7B2F906F1EC00FEF7AEF939
:10B1F000E8889BF80C100138E88001F0010088F81D
:10B200000000012006F0E8FC40F29830C2F2000095
:10B21000007800F0F00030282CD1012068709AF8F6
:10B220000B00022850D10020A870E870FFF7B4FD91
:10B23000FFF76AFC9AF80B0010F0FD0F0DD09AF89A
:10B240000A00032856D0022852D001285AD140F2D1
:10B250005C510120C2F2000108702878032800F236
:10B26000EE80DFE800F0037F5EA500BF9AF80A00D9
:10B270004DE000BF386800EE100AB5EE400AF1EE6E
:10B2800010FA4FF00000C9D1796800EE101AB5EE3F
:10B29000400AF1EE10FAC1D1B96800EE101AB5EE0D
:10B2A000400AF1EE10FAB9D1F97F0029B6D197F82A
:10B2B00021100029B2D197F82010002918BF68701A
:10B2C0009AF80B000228AED0A978052900F2ED808B
:10B2D000DFE801F004A4949878AA00BF012885F85B
:10B2E000244000F09F80032800F0DD80DDE000BFF7
:10B2F000002000E0012040F25C51C2F20001087021
:10B300000FE000BF40F25C51C2F200010C70A9785E
:10B31000012808BF022951D0012808BF012900F0E7
:10B32000898043F62C20C2F2000090F8410000F022
:10B33000FE01022902D10120287080E09AF80A104B
:10B3400001290BD1A978022908D1012812D802209D
:10B35000287074E00000000000007A442C70032084
:10B360006CE000BF43F62C20C2F2000090F84100D0
:10B370000128ECD99AF80A00012802D1A8780228FD
:10B3800019D02C70042059E09A9999999999E93F1C
:10B3900000000000000000000000000000001C4051
:10B3A000B81E053E00806D437B14AE47E17A843FB2
:10B3B000A878012843D005202C703FE00220287097
:10B3C00001203BE042F2E471C2F2000191F820104A
:10B3D00085F82440002968D197F8221040F23842BD
:10B3E000C2F20002090612784FF0030118BF0221D1
:10B3F000002A4FF0030208BF114655E0012185F8ED
:10B40000241052E042F2E471C2F2000191F82010DF
:10B4100085F8244071B3042146E000BF012885F877
:10B4200024401BD1AC7040E0032885F824401BD198
:10B43000012139E003202870022000BF28719BF809
:10B440000C0010F0010004D098F8001000293FF41F
:10B4500003AEE98800297FF402AED0E6BAF90810FD
:10B4600011F10B0F1FDD20E097F8211091B103219E
:10B470001AE000BF40F23841C2F20001097811B170
:10B4800097F8221079B997F8211019B30328CFD073
:10B490000BE000BF40F23841C2F20001097821B14F
:10B4A00097F8221009B10221A970E97802290BD07E
:10B4B000012904D000297FF4B9AE032807D0012860
:10B4C0007FF4B4AE0020B0E603287FF4AFAE0120D5
:10B4D000ABE600BF0521E7E780B54FF0500080F3F1
:10B4E0001188BFF36F8FBFF34F8F08F07DF930B134
:10B4F0004EF60450CEF200004FF080510160002063
:10B5000080F3118880BD000070B592B006AC204673
:10B510003021F4F7F5FF002543F640000595CDE90D
:10B520000355CDE901550095C4F2020001680226D9
:10B5300041F080510160006800F080500090009858
:10B5400047F200000095C4F20000016841F4804118
:10B550000160006800F4804000900098012006908F
:10B560004FF4803007904FF480000D9006200E902D
:10B57000A820CDE90F060720119020460C96FAF777
:10B5800073FA18B172B600BFFEE700BF0F20CDE915
:10B5900001064FF4A05004904FF48050059001A88C
:10B5A00005210395FAF728F910B172B6FEE700BF3E
:10B5B00012B070BD4EF68850CEF20000016841F422
:10B5C000700101607047000043F27070C2F2000029
:10B5D000FBF7BEB843F2B870C2F20000FBF7B8B890
:10B5E000B0B540F6FF3E0568C4F2000E40F2004CD4
:10B5F0007045C4F2010C25DCB0F1804F2FD040F231
:10B600000043C4F20003984229D040F60003C4F27C
:10B610000003984223D041F6FF73C4F2000398421E
:10B6200028DC70453ADCB0F1804F5BD040F200433B
:10B63000C4F20003984255D040F60003C4F2000360
:10B640004EE000BF40F60043C4F20003984206D02B
:10B65000604504D00023C4F201039842DBD14B685B
:10B6600025F0700243EA020541F6FF73C4F20003BD
:10B670009842D6DD43F6FF73C4F2010398421FDC03
:10B6800042F20003C4F2000398422BD00023C4F21C
:10B690000103984226D0604524D028E040F60043BC
:10B6A000C4F2000398421DD041F60003C4F2000327
:10B6B000984217D041F60043C4F2000310E000BFE7
:10B6C00044F20003C4F2010398420BD044F6000395
:10B6D000C4F20103984205D044F20043C4F20103CE
:10B6E000984204D1CB6825F4407243EA02050A6807
:10B6F0008C684B69C46240F480648262644504BF14
:10B7000009690163026825F0800142F004021943CF
:10B710000260012242610160B0BD0000806B002127
:10B72000C185FBF7C5BA0000806B01684A6990F8D3
:10B730004130212B2DD112F080022AD00021C1846A
:10B74000016851E8031F026821F0C00142E80313B9
:10B75000DBB1016851E8031F026821F0C00142E833
:10B76000031393B1016851E8031F026821F0C0017F
:10B7700042E803134BB1016851E8031F026821F04E
:10B78000C00142E80313002BDAD1202180F84110D8
:10B790000168496990F84220222A40F07D8011F02A
:10B7A000400179D00021C185016851E8031F02687A
:10B7B00021F4907142E80313BBB3016851E8031F01
:10B7C000026821F4907142E8031373B3016851E8F1
:10B7D000031F026821F4907142E803132BB3016840
:10B7E00051E8031F026821F4907142E80313002B13
:10B7F000DAD11AE0016851E8051F026821F0010161
:10B8000042E80513DBB1016851E8051F026821F029
:10B81000010142E8051393B1016851E8051F026870
:10B8200021F0010142E805134BB1016851E8051F01
:10B83000026821F0010142E80513002BDAD1016B07
:10B84000012924D1016851E8031F026821F0100189
:10B8500042E80313DBB1016851E8031F026821F0DD
:10B86000100142E8031393B1016851E8031F026815
:10B8700021F0100142E803134BB1016851E8031FA6
:10B88000026821F0100142E80313002BDAD12021D5
:10B8900080F8421000210163416C41F010014164C5
:10B8A000FBF706BA0168806B0968C90548BFFBF75A
:10B8B000CFBE0021C18400BF016851E8051F0268A6
:10B8C00021F0800142E8051383B3016851E8051FA8
:10B8D000026821F0800142E805133BB3016851E89A
:10B8E000051F026821F0800142E80513F3B10168E9
:10B8F00051E8051F026821F0800142E80513002B82
:10B90000DAD113E0016851E8031F026841F04001F9
:10B9100042E80313002B08BF7047016851E8031F7A
:10B92000026841F0400142E8031393B1016851E815
:10B93000031F026841F0400142E803134BB1016864
:10B9400051E8031F026841F0400142E80313002B55
:10B95000D8D17047806BFBF77DBE000081B090F8B6
:10B960004210222921D183680246B3F5805F09D1B4
:10B9700052F8281F52F8183C002B63D003685B680C
:10B980000AE000BF52F8281F13B90369002BF5D055
:10B9900003685B6803F07F030B701168013111606D
:10B9A000C18D01390A04C18502D001B0704700BFC2
:10B9B0000168CA6822F02002CA60CA6822F4807254
:10B9C000CA604A6922F001024A61202180F84210CF
:10B9D00000214163026B012A3CD10163016851E8F7
:10B9E000031F026821F0100142E80313DBB1016874
:10B9F00051E8031F026821F0100142E8031393B1DC
:10BA0000016851E8031F026821F0100142E80313A6
:10BA10004BB1016851E8031F026821F0100142E8B0
:10BA20000313002BDAD101680A68D20606D500227A
:10BA300000920A680092496800910099818D01B0D6
:10BA4000FBF734B9026852686FF35F2221F8022BCA
:10BA50008162A5E701B0FBF78FBD0000B0B50446D9
:10BA6000006804F108030ECB0569194325F440551D
:10BA70002A4302616269E3691143C268194349F2CA
:10BA80000C639A431143C1604169A26921F440717A
:10BA900041F20043114340F48062C4F201039A4230
:10BAA000416103D1F9F794FF02E000BFF9F77CFF91
:10BAB000E1694FF69C7563681922C0F6FF75B1F510
:10BAC000004FA0FB02011FD15A00DB0FF4F702FC6C
:10BAD00048F21F51C5F2EB11A0FB01235A0905F1F1
:10BAE000805302FB0300322303EBC000A0FB0101E3
:10BAF0004FF4F87000EA111000EB0210C1F342118C
:10BB0000084421688860B0BD9A009B0FF4F7E2FBFF
:10BB100048F21F51C5F2EB11A0FB01235A0902FBA9
:10BB20000500322303EB0010A0FB0101F02000EA26
:10BB3000511000EB0210C1F34311084421688860E2
:10BB4000B0BD000080B500F009F843F69000C2F2E5
:10BB50000000BDE88040FBF7ADB8000041F20000F6
:10BB6000C4F201000068C00658BF70472DE9F04FCD
:10BB700081B00020009043F69000C2F200000168FE
:10BB8000C56B086840F6B00600904868C2F200062F
:10BB9000009000982868016821F001010160416867
:10BBA000C1F580724FF4807141600368016892B200
:10BBB0001B030BD441F40021016040F6B00041F2B8
:10BBC0005024C2F20000C2F200040CE021F4002173
:10BBD000016041F25020C2F2000000F5807440F68E
:10BBE000B000C2F200002146F4F750FC20464FF4AA
:10BBF0008071F4F785FC2868016841F0010101605B
:10BC00003078A52874D140F6B00040F2D846C2F290
:10BC1000000040F20133C2F20006012441F28837ED
:10BC200040F2065B40F2025A10E000BF2868D5F8E7
:10BC300007106A68C6F83710C6E90C027473B78239
:10BC400005EB090002300178A5294DD1B0F8058037
:10BC5000B0F80190B8F5A06F00F1070512DDD845E6
:10BC6000E4D0D04522D040F201508045E8D1286888
:10BC700006F1240C6968AA688CE80700F472378220
:10BC8000DEE700BF984521D0B8F5427FD8D142F217
:10BC9000F440C2F2000029462222F4F7B2FB40F23F
:10BCA0000133F47337833470CAE700BF287BA96877
:10BCB00086F8470028686A68C6F84310C6F83F202F
:10BCC000C6F83B0034737782BAE700BF2889296839
:10BCD00070846868C6F81A10C6F81E000220B47393
:10BCE000F7823070ACE700BFA6F80290A6F8048097
:10BCF00040F6B000C2F200004FF48071F4F700FC8F
:10BD000001B0BDE8F08F0000AFF300802DE9F043F3
:10BD100082B043F6D800C2F20000006801688906CC
:10BD20006ED444F60001C4F200010968C9066ED55C
:10BD30000021009101682423009140680090009840
:10BD400043F23000C2F20000006801680268090393
:10BD500022F0010202604268436091B25AD4026844
:10BD6000122942F400220260026842F001020260DD
:10BD70004DD140F2BC31C2F20001887DCF7DCE7D35
:10BD80000C7E91F818804D7E91F81A9091F81AE087
:10BD900091F81BC0CB7EF608C3F301138B72CB7EE8
:10BDA00064F34A169B09CB720B7F4A7F67F30A2024
:10BDB00043EA02228A818A7FCB7F4FEA5E0742EA0A
:10BDC0000322CA8191F8202091F8213042EA03220F
:10BDD0000A8291F82220AB008A7491F8232043EA6A
:10BDE0009813CA7491F8242091F8254069F38A23A6
:10BDF00042EA04228A8291F8262091F8275068E0CE
:10BE0000002101910168019140680190019802B000
:10BE1000BDE8F08346F22802C4F202021368122938
:10BE200023F400231360026842F001020260EED1A5
:10BE300040F2BC31C2F2000191F83A0091F83B7037
:10BE400091F83B6091F83C4091F83C8091F83D506E
:10BE500091F83E9091F83EE091F83FC091F83F3064
:10BE6000F608C3F301138B7291F83F3064F34A165E
:10BE70009B09CB7291F8403091F8412067F30A207A
:10BE800043EA02228A8191F8422091F843304FEA36
:10BE90005E0742EA0322CA8191F8442091F84530B6
:10BEA00042EA03220A8291F84620AB008A7491F894
:10BEB000472043EA9813CA7491F8482091F8494002
:10BEC00069F38A2342EA04228A8291F84A2091F88F
:10BED0004B50A0F580600880A6F580606CF3CA170F
:10BEE00042EA05224880A3F580608880A7F580603B
:10BEF000A2F58062C88000200A8102B0BDE8F0434C
:10BF000003F002BF80B500F009F843F62010C2F23A
:10BF10000000BDE88040FAF7CDBE000080B582B0D9
:10BF200043F62010C2F2000000680168890633D48D
:10BF300041F20041C4F201010968C90633D500216C
:10BF4000009101684FF400720091406800900098E1
:10BF500043F29000C2F200000368186819680003F9
:10BF600021F00101196059685A60C1F500718AB267
:10BF700022D4186840F6112140F400201860186897
:10BF8000C2F2000140F00100186040F61460C2F2F5
:10BF9000000004F09DF806E0002101910168019184
:10BFA00040680190019843F62010C2F2000002B0F0
:10BFB000BDE88040FAF77EBE46F22800C4F20200D7
:10BFC000016821F400210160186840F0010C40F67E
:10BFD0001120C2F2000000F5007140F61460C2F2B8
:10BFE0000000C3F800C002B0BDE8804004F070B8A3
:10BFF0002DE9F04740F27850C2F2000040F2B264FE
:10C000000178C2F20004208840F2D84A6B29C2F2BB
:10C01000000A19D1D4F80210B4F806906289E389B5
:10C02000A789AAF85600CAF858104FF6FF704FF6C5
:10C03000FF7C4FF6FF7E4FF6FF784FF6FF754FF609
:10C04000FF714FF6FF7416E0B4F802C0B4F804E0D4
:10C05000B4F806806589E189A4894FF0FF32CAF8F7
:10C060005620AAF85A204FF6FF794FF6FF724FF686
:10C07000FF734FF6FF77AAF8480040F29830C2F2FB
:10C080000000AAF854100178AAF86070AAF84E804F
:10C090004FEA111840F6B017B0F8010040F24231F3
:10C0A000C2F20007C2F200010978A7F8010040F2CD
:10C0B0005030C2F200008AF86410006840F24B3140
:10C0C000C2F20001B1F80110C7F8030040F2A43039
:10C0D000C2F20000AAF85E203981016842688068D7
:10C0E000C7F80A10C7F8120040F27430C2F200001C
:10C0F00081788079B97540F28831C2F20001C7F8C1
:10C100000E200A88F875888840F25831C2F2000182
:10C110000968AAF8670040F29C70C2F20000CAF8F1
:10C1200069100168AAF84CE0AAF85240046907F1C6
:10C13000180EAAF86230AAF85050AAF86520426892
:10C140008368C5688EE82E0007F12801AAF84AC066
:10C150004669D0F818C081E8501040F26831C2F248
:10C160000001C0690A688988C7E90D0240F2C470FD
:10C17000C2F200008279B98702F0800142F2D05207
:10C18000C2F2000287F83E1091885388A7F8491040
:10C190009189A7F83F30A7F84110017CC37A87F84E
:10C1A0005410118B87F85330D389A7F84D10118C98
:10C1B000A7F84B30D38A528CA7F84510817EA7F898
:10C1C0004330437DA7F84F20028C87F85610418CEE
:10C1D00090F82400A7F8472087F8570040F2B030C5
:10C1E000C2F20000A7F85110017A02684068AAF86C
:10C1F0005C90C7E9162042F2E470C2F20000806849
:10C2000087F8008087F8553087F8601009F094FCB3
:10C2100042F6A009C2F200090446D9F804000D460E
:10C2200009F08AFC9FED140B53EC102B09F098FADF
:10C230009FED130B53EC102B09F092FA22462B467C
:10C2400008F0B2FF08F07EFF99ED660A99ED671AD3
:10C25000CAF86D0031EE000A10EE100AB8F1040FB2
:10C26000CAF871001EBF002087F86000C7E91600F9
:10C27000BDE8F08700BF00BFEC51B81E85EBB13FB1
:10C28000000000A069DE913FD0F8D42200EB820CC0
:10C29000DCF8C032002B04BF03207047B0B501F0BA
:10C2A0000F0404EB840200EB820E5EF8142F5AB1E7
:10C2B000D0F8C85204EBC40405EB8404E469B2FB73
:10C2C000F4F505FB14229AB10020C3F81402DCF83F
:10C2D000C422D2F810C0BCF1000F08BFB0BDD3F823
:10C2E00008020A4603F50471E0470020B0BD00BF14
:10C2F00000220023CEF8002000F0C4FE0020B0BDD4
:10C30000B0B5D0F8D42200EB8202D2F8C0529DB171
:10C31000044600F04DFDD4F8D412C5F80C0204EB2D
:10C320008101D1F8C412D5F80402CA6805F5037179
:10C3300090470020B0BD00BF0320B0BD70B5812183
:10C34000044600F073FC00252046012184F8375094
:10C3500000F06CFC2046822184F8775100F066FCE6
:10C36000D4F8D40204F5307656F8201084F84B50F7
:10C37000656489B104EB8000D0F8C402406880474E
:10C38000D4F8D40256F8200001F068F9D4F8D402A9
:10C3900046F82050C4F8BC52002070BD10B5D0F84B
:10C3A000D41200EB8100D0F8C0428CB1D0F8C41296
:10C3B00059B194F80002FF2807D08B6894F8012245
:10C3C00021469847FF2084F80002002010BD00BFDE
:10C3D000032010BD014640F234100A22C2F20000D0
:10C3E0000A807047F0B581B040F2F007C2F2000752
:10C3F00004463846822100F02FFB064638460121CC
:10C4000000F02AFB05463846812100F025FB002E6E
:10C410001CBF1021B171002D1CBF4021A980002834
:10C420001CBF40218180432140F2F000C2F2000095
:10C43000218001B0F0BD0000F0B581B040F2F007FE
:10C44000C2F2000704463846822100F005FB06468A
:10C450003846012100F000FB05463846812100F0F6
:10C46000FBFA002E1CBF1021B171002D1CBF4FF430
:10C470000071A98000281CBF4FF400718180432106
:10C4800040F2F000C2F20000218001B0F0BD0000D7
:10C49000F0B581B040F2F007C2F20007044638461A
:10C4A000822100F0D9FA06463846012100F0D4FA7C
:10C4B00005463846812100F0CFFA002E1CBF10211E
:10C4C000B171002D1CBF4021A98000281CBF402154
:10C4D0008180432140F2F000C2F20000218001B0CF
:10C4E000F0BD00002DE9F04104464FF4077001F063
:10C4F000B7F8002850D04FF407710546F4F700F85C
:10C50000D4F8D402402704EB8000C0F8C052207C4D
:10C51000C4F8BC52002808BF4FF4007720468121A0
:10C5200002223B46022600F0C1FC4FF001082046E3
:10C53000012102223B4684F8378000F0B7FC10202E
:10C540006064204682210322082384F8778100F06A
:10C55000ADFCD4F8D4020027C5F8047204EB8000C7
:10C56000D0F8C40284F84B8000688047C5F8147284
:10C57000C5F81872D5F8042252B1207C0121002898
:10C58000204614BF40234FF4007300F0A3FC0026A4
:10C590003046BDE8F08100BFD4F8D402002104EB9E
:10C5A0008000C0F8C0120220BDE8F081D0F8D4129B
:10C5B00000EB8101D1F8C012002904BF03207047AD
:10C5C00080B590F810C0D1F8042240230121BCF1BD
:10C5D000000F08BF4FF4007300F07CFC002080BD0A
:10C5E00000290FBF0320D0F8D42200EB8200C0F84E
:10C5F000C41218BF00207047D0F8D42200EB82008C
:10C60000D0F8C00200280EBF0320C0F8041200209A
:10C6100070470000D0F8D43200EB8300D0F8C0029D
:10C6200000280FBF0320C0F80812C0F81022002015
:10C6300070470000F0B581B0D0F8D42200EB82033F
:10C64000D3F8C0420022002C8DF80320ADF8002062
:10C6500060D00D7815F0600218D0202A58D1CA8811
:10C66000002A29D06DB2B5F1FF3F2FDD4978402A6D
:10C6700084F80012214628BF402284F8012200F0ED
:10C6800099F80024204601B0F0BD00BF4A780B2A7B
:10C690003ED80024DFE802F008063C3C3C3C3C3C31
:10C6A0003C3C2A38EEE700BF90F89C22032A2FD1A9
:10C6B0006946022221E000BFD3F8C4020022836849
:10C6C000487800249847204601B0F0BDD3F8C43222
:10C6D00006469D684B780F4618462146A847FA88BB
:10C6E0003046072A28BF0722214606E090F89C2200
:10C6F000032A0DD10DF10301012200F077F8002487
:10C70000204601B0F0BD00BF90F89C22032AB9D0AA
:10C7100000F044F80324204601B0F0BDD0F8D41254
:10C7200000EB8101D1F8C022002A04BF032070472A
:10C73000D2F8141200294FF0010101D008467047C9
:10C7400080B5C2F81412D2F81032D2F80822812132
:10C75000836200F097FC0021BDE8804008467047E6
:10C7600080B5D0F8B82252689047002818BF03203F
:10C7700080BD0000002070470020704780B5134640
:10C780000A46002100F0A6FB002080BD80B51346BC
:10C790000A46002100F076FC002080BD10B5802103
:10C7A000044600F03DFC20460021BDE8104000F0AA
:10C7B00037BC000080B513460A460321C0F8941226
:10C7C0000021C0F86421C0E9553300F083FB00204C
:10C7D00080BD000080B50521C0F894120021002220
:10C7E000002300F077FB002080BD000080B51346D9
:10C7F0000A460221C0F8941200214262C0E90533C2
:10C8000000F040FC002080BD80B50421C0F89412E7
:10C8100000210022002300F035FC002080BD000034
:10C8200010B540F63064C2F200040A4602A0214668
:10C8300000F054F9204610BD43444320436F6E6618
:10C840006967000040F240101222C2F200000A8024
:10C850007047000010B540F63064C2F200040A468A
:10C8600002A0214600F03AF9204610BD434443207F
:10C87000496E7465726661636500000040F268107D
:10C880000422C2F200000A807047000010B540F692
:10C890003064C2F200040A4602A0214600F01EF9EC
:10C8A000204610BD53544D6963726F656C656374A7
:10C8B000726F6E696373000010B540F63064C2F2A7
:10C8C00000040A4602A0214600F008F9204610BDE7
:10C8D00053544D3332205669727475616C20436F26
:10C8E0006D506F727400000047F61020C1F6FF70A3
:10C8F000026883684FF01A0C9B18A1F800C000F082
:10C90000A680B0B54FF0370C1A0F0CEB13714068CE
:10C91000B3F1204F38BF02F1300140F26C12C2F285
:10C920000002917019014FF0000E0CEB117582F8A6
:10C9300003E0C3F30364B1F1204F38BF04F13005C5
:10C94000190215710CEB117582F805E0C3F303545D
:10C95000B1F1204F38BF04F13005190395710CEB8C
:10C96000117582F807E0C3F30344B1F1204F38BFDB
:10C9700004F13005190415720CEB117582F809E009
:10C98000C3F30334B1F1204F38BF04F1300519056A
:10C9900095720CEB117582F80BE0C3F30324B1F12F
:10C9A000204F38BF04F1300519061573C3F3031483
:10C9B0000CEB1175B1F1204F4FEA037103F00F0337
:10C9C00082F80DE038BF04F1300503F137049573A8
:10C9D00082F80FE0B1F1204F38BF03F13004010FAE
:10C9E0000CEB1073147482F811E0B0F1204F38BFD3
:10C9F00001F1300301010CEB1174937482F813E020
:10CA0000C0F30363B1F1204F38BF03F130040102DA
:10CA10001475C0F303530CEB1174B1F1204F4FEABE
:10CA2000003182F815E038BF03F130040CEB1173CC
:10CA3000947582F817E0C0F30340B1F1204F38BF7E
:10CA400000F13003137682F819E0BDE8B04040F2FF
:10CA50006C10C2F200007047B0F802C003789C4529
:10CA60009CBF0020704780B508E000BF82788A42F2
:10CA700008BF80BD73449AB262452DD290F800E0A1
:10CA800070444278052A02D182788A4225D07344C4
:10CA90009AB2624520D290F800E070444278052AAC
:10CAA00002D182788A4218D073449AB2624513D276
:10CAB00090F800E070444278052A02D182788A42D8
:10CAC0000BD073449AB2624506D290F800E07044ED
:10CAD0004278052ACAD0CDE7002080BD002808BFD3
:10CAE000704710B503783BB300F1020EF44600BF67
:10CAF0001CF8013C5BB19CF8003043B19CF801305C
:10CB00002BB19CF802300CF1040C002BF0D14FF04B
:10CB1000000C00BF1EF8013C93B19EF800309BB1A1
:10CB20009EF80130A3B19EF802300CF1040C002BEA
:10CB30000EF1040EEED10DE04FF0000C0AE000BF44
:10CB40004CF0010C06E000BF4CF0020C02E000BF0C
:10CB50004CF0030C5FFA8CFC022303EB4C031380B4
:10CB600003220B704A700378A3B3023002224FF005
:10CB7000000C00BF5FFA82FE51FA82F401F80E3019
:10CB800084F801C010F8013C23B3941C5FFA84FEC2
:10CB900051FA84F401F80E3084F801C00378CBB167
:10CBA000141D5FFA84FE51FA84F401F80E3084F803
:10CBB00001C0437873B1941D5FFA84FE51FA84F486
:10CBC00001F80E3084F801C083780832002B00F1A0
:10CBD0000400CFD1BDE8104070470000002804BF1A
:10CBE000032070470023C0F8B832C0F8C4320029CF
:10CBF000C0F8D03218BFC0F8B412012180F89C12DE
:10CC0000027000F0D9B8000080B5D0F8C802F7F77C
:10CC10008FFE40F20032C100C0F2013222FA01F16F
:10CC2000032888BF0321C8B280BD000080B5D0F8BA
:10CC3000C802F7F755FE40F20032C100C0F20132DF
:10CC400022FA01F1032888BF0321C8B280BD000089
:10CC5000B0B589B190F89C22032A54D1D0F8B822FB
:10CC60005269002A4FD00023C0F8D43290470028E0
:10CC700008BF0020B0BD00BFD0F8941202293BD1FC
:10CC80008169038C99420FD9CA1A416A8261194499
:10CC900041620446FFF77AFD20460021002200236E
:10CCA00000F018F927E000BF10D142698A420DD385
:10CCB000D0F898128A4209D20021002204460025A9
:10CCC000FFF764FDC4F89852E6E700BF90F89C12A5
:10CCD000032909D1D0F8B812C96829B10022C0F8D7
:10CCE000D4220446884720468021044600F098F963
:10CCF0002046FFF76FFD204690F8A01200291CBFC8
:10CD0000002180F8A0120020B0BD000010B579B15C
:10CD100090F89C22032A22D1D0F8B8229269F2B16D
:10CD20000023C0F8D4329047002808BF002010BD6F
:10CD3000D0F89412032912D1D0F85811B0F860211C
:10CD400091420FD98B1AD0F86411C0F858311144B0
:10CD5000C0F86411934288BF1A46FFF70FFD002008
:10CD600010BD00BF90F89C12032909D1D0F8B81269
:10CD7000096929B10022C0F8D42204468847204618
:10CD8000FFF742FD002010BD00207047012180F810
:10CD90009C12D0F8B812002904BF0020704780B55B
:10CDA0004A6801799047002818BF032080BD000021
:10CDB000D0F8C802F7F7ECBD017809B10020704740
:10CDC00010B543F2A411C2F20001C1F8E004C0F8AA
:10CDD000C8124FF0A0400860042008714FF40070A2
:10CDE000C8800220C1F809000020C8810846F8F771
:10CDF00013FB002818BFF4F7E3FD43F2A414C2F2BA
:10CE0000000420468021F7F7E1FC20460021402263
:10CE1000F7F7E0FC204601218022F7F7DBFCBDE8B4
:10CE20001040002070470000D0F8C80201F07F03D6
:10CE30004AB203EBC30301EBC10100EB830300EB38
:10CE4000810000F25620002A48BF03F11600007846
:10CE500070470000D0F8D42200EB8202D2F8B8224A
:10CE6000002A04BF0320704790F89C32032B05D1A1
:10CE7000126A1AB180B59047002080BD002070472B
:10CE8000D0F8D42200EB8202D2F8B822002A04BFE4
:10CE90000320704790F89C32032B05D1526A1AB1D7
:10CEA00080B59047002080BD0020704780B5944633
:10CEB000D0F8C8021A466346F7F774FD40F2003214
:10CEC000C100C0F2013222FA01F1032888BF032118
:10CED000C8B280BD80B5D0F8C802F7F79DFD40F21A
:10CEE0000032C100C0F2013222FA01F1032888BFEA
:10CEF0000321C8B280BD0000F0B581B00126002535
:10CF000080F89C62C0F8945204464560D0F8B8029C
:10CF1000C4F8A45284F8A05240B1426832B120460D
:10CF2000002190470546002818BF03252046002110
:10CF3000002240234027FFF7B9FF2046802100222E
:10CF4000402384F86361A4F86071FFF7AFFF84F8B1
:10CF500023602846278401B0F0BD000090F89C12A1
:10CF6000042904BF90F89D1280F89C12002070479D
:10CF700090F89C12032908D1D0F8B81229B1C969D8
:10CF800019B180B58847BDE8804000207047000097
:10CF9000024600201174704780B5D0F8C802F8F737
:10CFA000D5FB40F20032C100C0F2013222FA01F199
:10CFB000032888BF0321C8B280BD0000B0B500F2CD
:10CFC000AA240546204600F06FF80121C5F8941206
:10CFD00095F8AA12B5F8B03201F01F02022AC5F87E
:10CFE00098320FD0012A07D092B928462146BDE8D1
:10CFF000B04000F091B800BF28462146BDE8B040DF
:10D0000000F0F4BA28462146BDE8B04000F040BA2E
:10D0100001F080012846BDE8B04000F001B80000F2
:10D0200080B5D0F8C802F7F719FD40F20032C10010
:10D03000C0F2013222FA01F1032888BF0321C8B2ED
:10D0400080BD000080B5D0F8C802F8F79BFB40F225
:10D050000032C100C0F2013222FA01F1032888BF78
:10D060000321C8B280BD0000014690F89C02042252
:10D0700004281CBF91F89C0281F89D02002081F8D1
:10D080009C22704780B5D0F8C802F7F71FFD40F228
:10D090000032C100C0F2013222FA01F1032888BF38
:10D0A0000321C8B280BD00000A7802704A7842703D
:10D0B0004A8842808A888280C988C180704700007F
:10D0C00010B582B004460020ADF80600B1B1D4F826
:10D0D000D42204F52E70C4F8B81250F82200C16AA8
:10D0E00021B10DF106008847C4F8D002D4F8D80267
:10D0F0000130C4F8D802002002B010BD032002B0F5
:10D1000010BD0000D0F8B822002A04BF00207047EC
:10D1100012681047FFF796BF0A78C2F34112531EF8
:10D12000022B07D2D0F8D42200EB8202D2F8B82228
:10D130009268104770B582B0002A40F0CB804A78E0
:10D14000092A00F2C780DFE802F0052FC557C56144
:10D1500083C51B4190F89C22013A022A00F2BA8052
:10D16000C988022940F0B680D0F8A4120322002911
:10D1700008BF0122014641F80C2F02226AE100BFDC
:10D18000C988012940F0A68090F89C124A1E022A04
:10D1900080F09A800024014641F8084F0122FFF7F1
:10D1A00025FB204602B070BD90F89C22013A022A6D
:10D1B00000F2908049880024012940F09480C0F852
:10D1C000A442FFF721FB204602B070BD498840F61B
:10D1D0002C65C2F2000511F0FE0F297052D080219B
:10D1E0000446FFF71DFF20460021FFF719FF032427
:10D1F000204602B070BD00BF4A88022A60D0012AD2
:10D2000068D10121C0F8A4122DE100BF8A88002A4C
:10D2100060D1CA88002A5DD14D887F2D5AD890F8F8
:10D220009C12032956D0E9B280F89E520446FFF7BB
:10D23000B3FE20462646FFF7E7FA002D14BF022072
:10D24000012086F89C020024204602B070BD00BF79
:10D250004A884FF0FF3303EB12230026062BADF86C
:10D26000066000F2FD80DFE813F007004F00410088
:10D27000FB00FB005F006D000D46D0F8B4120A6899
:10D28000D7E000BF90F89C22032A6BD0022A40F01E
:10D2900091800A0600F0E78001F00102C9B2426005
:10D2A0000546FFF72FFF002800F0A480044628461B
:10D2B0008021FFF7B5FE28460021FFF7B1FE73E09D
:10D2C000497980F8A012CEE0032903D1011D012283
:10D2D000C0E000BF80210446FFF7A2FE20460021E7
:10D2E0000024FFF79DFE204602B070BDD2B2052A91
:10D2F00000F2B680DFE802F004948C90889800BFBA
:10D30000D0F8B422526892E00D46017C0446D0F871
:10D31000B80200290CBF816AC16A0DF10600884776
:10D32000014602201CE000BF027C002A40F09880E9
:10D330000446D0F8B8020D46416B0DF1060088474F
:10D340007CE000BF027C002A40F08A800446D0F8CE
:10D35000B8020D46016B0DF1060088470146072013
:10D3600048706CE00A0635D0426801F001018A423B
:10D3700000F07980D1B20446FFF7F2F9297820460F
:10D3800061602546FFF7BEFE002800F07F8004465E
:10D3900028468021FFF744FE28460021FFF740FE83
:10D3A00029792846FFF7DCF9022085F89C022046FF
:10D3B00002B070BD80210446FFF732FE20460021F6
:10D3C000FFF72EFE29782046FFF7CAF903242046EE
:10D3D00002B070BD022180F89C120024002144603C
:10D3E0000546FFF7BDF92846FFF70EFA204602B0C2
:10D3F00070BD00BF2846FFF707FA032085F89C029E
:10D400000024204602B070BDD0F8B42252690EE06C
:10D41000D0F8B422D2680AE0D0F8B422126906E04B
:10D42000D0F8B422926802E0D0F8B4229269BAB17E
:10D430000D460446007C0DF1060190470146EA883E
:10D4400082B1BDF80630ABB1934238BF1A46ADF891
:10D4500006202046FFF7CAF90024204602B070BD1E
:10D46000044608E02046FFF7CFF90024204602B02A
:10D4700070BD00BF20468021FFF7D2FD204600216D
:10D48000FFF7CEFD0024204602B070BD2846EAE733
:10D4900070B50A780D46C2F341120979531E022B6A
:10D4A000044607D22046FFF765F9002855D0002032
:10D4B00070BD00BF9ABB687840B3012814D0032820
:10D4C0002DD194F89C02032812D1688838B911F044
:10D4D0007F0004D0E88810B92046FFF7A1FD204660
:10D4E000FFF792F9002070BD94F89C02032821D028
:10D4F000022814D1480612D02046FFF791FD20469D
:10D500008021FFF78DFD002070BD00BF94F89C02C4
:10D5100003282FD0022808BF5FEA416056D020467A
:10D520008021FFF77DFD20460021FFF779FD0020D7
:10D5300070BD00BF68880028B9D10E46480603D0E8
:10D5400020463146FFF760FB2046FFF75DF9204695
:10D550003146FFF70FF90028A9D1D4F8B802826844
:10D560000020002AC4F8D402A1D020462946BDE8F4
:10D570007040104701F00F0000EB8000802904EBA1
:10D5800080002CBF90F8230090F863010028C6D0DB
:10D5900001F07F0000EB800004EB800000F1140537
:10D5A00001EB810004EB8000802938BF00F5AA75EB
:10D5B000480605D02046FFF737FC08B1012000E0FF
:10D5C000002005F10E01A8730AE000BF08064FF025
:10D5D000140058BF4FF4AA702118002001F80E0F54
:10D5E00020460222FFF702F9002070BDB0B50A788C
:10D5F00002F06002602A08D090F89C22013A022AC8
:10D6000003D88A8812F0FE0F0AD080210446FFF763
:10D6100007FD204600210024FFF702FD2046B0BD93
:10D620000C46D1B20546FFF7A7F808B10320B0BDFC
:10D63000D5F8B8128A68002AF8D000212846C5F823
:10D64000D41221469047E1880446002908BF002CE7
:10D65000E4D12846FFF7D8F80020B0BD704700009D
:10D6600041F23000C2F200007047000010B50A78A5
:10D670004B78D0F81CE802F00F04012B4FEA421C53
:10D6800018D10123A34043EA0E03C0F81C386044BC
:10D69000D0F800391B0428D48B6800F51060097994
:10D6A00004686FF3DF2343EA814144EA8252114365
:10D6B00016E000BF4FF48032A24042EA0E02C0F8EA
:10D6C0001C286044D0F8002B12040ED48A6800F5A0
:10D6D000306009796FF3DF22036842EA8141194320
:10D6E00041F0805141F400410160002010BD000074
:10D6F0000146D0F8000940F2FF729043C1F80009DA
:10D70000D1F8040840F480720020C1F80428704762
:10D7100082B002F47F42B2F5807F40F09980826B44
:10D720004FF6BF7322F480328263C268CFF6BD73B6
:10D730001A40C260029BC268DBB222F44012012B85
:10D74000C26003D1C26842F48012C260002200921B
:10D75000009A01320092009AB2F1706F00F2F080EC
:10D760000269002A21D4009A01320092009AB2F193
:10D77000706F00F2E5800269002A16D4009A013227
:10D780000092009AB2F1706F00F2DA800269002A0A
:10D790000BD4009A01320092009AB2F1706F00F23D
:10D7A000CF800269B2F1FF3FD2DC0A220092009AD8
:10D7B000AAB100BF009A013A0092009A7AB1009A89
:10D7C000013A0092009A52B1009A013A0092009AEE
:10D7D0002AB1009A013A0092009A002AEAD102691D
:10D7E00042F001020261009A01320092009AB2F105
:10D7F000706F00F2A5800269D20720D0009A013232
:10D800000092009AB2F1706F00F29A800269D2071A
:10D8100015D0009A01320092009AB2F1706F00F2B6
:10D820008F800269D2070AD0009A01320092009AD2
:10D83000B2F1706F00F284800269D207D3D14FF049
:10D84000000C01F47F01B1F5803F40F099808FE03A
:10D85000C26842F04002C26000220192019A013285
:10D860000192019AB2F1706F72D80269002A1ED437
:10D87000019A01320192019AB2F1706F68D802697F
:10D88000002A14D4019A01320192019AB2F1706F08
:10D890005ED80269002A0AD4019A01320192019AE3
:10D8A000B2F1706F54D80269B2F1FF3FD6DC0A22A0
:10D8B0000192019AAAB100BF019A013A0192019A1C
:10D8C0007AB1019A013A0192019A52B1019A013A50
:10D8D0000192019A2AB1019A013A0192019A002A11
:10D8E000EAD1026942F001020261019A0132019219
:10D8F000019AB2F1706F2BD80269D2071DD0019A3C
:10D9000001320192019AB2F1706F21D80269D207F7
:10D9100013D0019A01320192019AB2F1706F17D8B7
:10D920000269D20709D0019A01320192019AB2F13B
:10D93000706F0DD80269D207D7D14FF0000C09E003
:10D940004FF0030C01F47F01B1F5803F18D10FE0D7
:10D950004FF0030C826B13F47F4F14BF22F480321C
:10D9600042F48032826301F47F01B1F5803F07D138
:10D97000816841F006018160816841F02001816089
:10D98000604602B07047000010B54A7891F800E098
:10D9900047F6000CCEF6334C012A4FEA4E1227D13F
:10D9A0000244D2F8001902F51063B1F1FF3F4FF0C5
:10D9B000010407DC196841F000611960196841F041
:10D9C000804119600EF00F01D0F83C2804FA01F1F3
:10D9D0008A43C0F83C28D0F81C2822EA0101C0F88C
:10D9E0001C18186800EA0C010020196010BD00BF67
:10D9F000811801F53063D1F8001B0CF1707CB1F196
:10DA0000FF3F4FF48034DDDCD4E700000146D0F85E
:10DA1000000E20F00300C1F8000ED1F8040820F039
:10DA200002020020C1F80428704700000146D0F827
:10DA3000000E20F00300C1F8000ED1F8040840F0F9
:10DA400002020020C1F80428704700002DE9F04FC1
:10DA500086B0C3F3074516468E460021C0F8041170
:10DA6000C0F80811C0F80C11C0F81011C0F814115A
:10DA7000C0F81811C0F81C11C0F82011C0F824110A
:10DA8000C0F82811C0F82C11C0F83011C0F83411BA
:10DA9000C0F83811C0F83C1145B1816B21F4001178
:10DAA0008163816B41F4002111E000BFD0F80418BC
:10DAB00041F00201C0F80418816B41F40011816348
:10DAC000816B21F400218163816B21F4802106F4B4
:10DAD0007F4281630021B2F5807FC0F8001E07D12C
:10DAE000D0F80028B1EB1E6F08D1C0F8002809E07B
:10DAF000D0F8001841F0030102E000BF42F001013C
:10DB0000C0F800180021049104990131049104998E
:10DB1000B1F1706F52D8016900291ED40499013106
:10DB200004910499B1F1706F48D80169002914D4A7
:10DB30000499013104910499B1F1706F3ED80169E3
:10DB400000290AD40499013104910499B1F1706F4C
:10DB500034D80169B1F1FF3FD6DC002104914FF4C4
:10DB6000846101610499013104910499B1F1706FEC
:10DB700024D8016989061DD50499013104910499BD
:10DB8000B1F1706F1AD80169890613D50499013172
:10DB900004910499B1F1706F10D80169890609D513
:10DBA0000499013104910499B1F1706F06D80169AB
:10DBB0008906D7D44FF0000A02E000BF4FF0010AF7
:10DBC000002105910599013105910599B1F1706F19
:10DBD0004ED8016900291ED4059901310591059996
:10DBE000B1F1706F44D80169002914D4059901314D
:10DBF00005910599B1F1706F3AD8016900290AD4ED
:10DC00000599013105910599B1F1706F30D801691D
:10DC1000B1F1FF3FD6DC002105911021016105998A
:10DC2000013105910599B1F1706F21D80169C906DB
:10DC300020D50599013105910599B1F1706F17D87B
:10DC40000169C90616D50599013105910599B1F10A
:10DC5000706F0DD80169C9060CD505990131059180
:10DC60000599B1F1706F03D80169C906D7D401E0F5
:10DC70004FF0010A5FFA8EF94FF00008B9F1000F7A
:10DC8000C0F81088C0F81488C0F81C8800F00D8116
:10DC9000CDF80CA0CDE9015ED0F800194FF000647A
:10DCA00004EA11114FF67F35B9F1010BC0F80019E4
:10DCB000C0F81089C0F8085974D0A9F102010329ED
:10DCC0000BF0030A04D20121BAF1000F40D169E040
:10DCD00000962BF0030700F5186600234FF0904CD8
:10DCE0004FF67F324FF0000E56F8601C0EF1040E16
:10DCF0000CEAE17146F8601C46F8503C46F8582C96
:10DD000056F8401C77450CEAE17146F8401C46F88D
:10DD1000303C46F8382C56F8201C0CEAE17146F8E5
:10DD2000201C46F8103C46F8182C31680CEAE171CA
:10DD300031603361B26006F18006D5D1009E0EF1EC
:10DD400001014FF67F354FF00064BAF1000F29D082
:10DD500000F510634F01B446DE594FF0904202EADD
:10DD6000E67603EB4111DE51664600274FF67F331E
:10DD7000BAF1010F0F618B6014D00E6ABAF1020F75
:10DD800002EAE67266460A620F638B620AD00A6C88
:10DD90004FF0904303EAE2720A6400220A654FF6EC
:10DDA0007F328A64D0F8001BBBF1000F04EA111126
:10DDB000C0F8001B4FF00001C0F8101BC0F8085B52
:10DDC000DDE9015EDDF80CA06FD0A9F102010329A5
:10DDD0000BF0030C04D20121BCF1000F3BD164E035
:10DDE000A94600962BF0030500F5386600234FF096
:10DDF00090474FF67F32002156F8604C043107EA15
:10DE0000E47446F8604C46F8503C46F8582C56F8F6
:10DE1000404C8D4207EAE47446F8404C46F8303CEA
:10DE200046F8382C56F8204C07EAE47446F8204CA3
:10DE300046F8103C46F8182C346807EAE47434605D
:10DE40003361B26006F18006D6D1009E01314D46A5
:10DE5000BCF1000F29D000F530634F013446DE5984
:10DE60004FF0904202EAE67603EB4111DE5126467E
:10DE700000274FF67F33BCF1010F0F618B6014D088
:10DE80000E6ABCF1020F02EAE67226460A620F63CE
:10DE90008B620AD00A6C4FF0904303EAE2720A6484
:10DEA00000220A654FF67F328A64D0F810181EF4FB
:10DEB0007F0F21F48071C0F810186FF08041C0F816
:10DEC0001880416103D1816941F01001816181694C
:10DED00043F60002C8F23C02114316F47F0F816141
:10DEE00003D0816941F008018161012D05D181696B
:10DEF00041F0804141F004018161504606B0BDE827
:10DF0000F08F00000146806820F0010200208A6046
:10DF100070470000D0F840C043F20B03C4F65473BE
:10DF20009C4503D3D0F8003B002B1ED40023C0F83F
:10DF3000103BD0F8103B012943F40023C0F8103BFC
:10DF4000D0F8103B43F01803C0F8103BD0F8103B5A
:10DF500043F0C043C0F8103B07D1C0F8142BD0F8F1
:10DF6000001B41F08021C0F8001B0020704700001A
:10DF70004A780B78012A4FEA431210440ED1D0F8A8
:10DF8000002922F40012C0F80029097901F0FE01ED
:10DF9000022914D100F510600DE000BFD0F8002B6D
:10DFA00022F40012C0F8002B097901F0FE010229C9
:10DFB00005D100F53060016841F08051016000201A
:10DFC000704700000A784B785101012B084407D1B3
:10DFD000D0F80019002900F5106107D50BE000BF4B
:10DFE000D0F8001B002900F5306104D41AB108688C
:10DFF00020F080400860086840F4001200200A60A9
:10E0000070470000F0B54B78002591F800C04FF63E
:10E01000FF76CFF6F875012BCEF207062CD10C69EE
:10E0200000EB4C1EDEF81079002C0EF510634FD07B
:10E030003D401D611D69BCF1000F05EA06051D612B
:10E040008E6800F09B80A519013DB5FBF6F5002612
:10E05000C1F6F8761F6906EAC5463E431E610E7991
:10E06000012E40F098801E6926F0C0461E614FF0D8
:10E07000C04606EA45758BE000EB4C13D3F8107BE5
:10E080004FF6FF742F40C3F8107BD3F8107BC0F21B
:10E0900007043740C3F8107B8D680E69BCF1000F90
:10E0A00003F530633CD0002E3ED07719013FB7FB1B
:10E0B000F5F740F2000CBEB26E430E62C1F6F87C7A
:10E0C0001D690CEAC7472F4326401F6133E000BF9C
:10E0D00007EA06041C611C6944F400241C611C69E5
:10E0E00025400024012A1D615DD000F510634FEA30
:10E0F0004C169F5947F004479F510F79012F33D198
:10E10000D0F80878F558FF054FF0805758BF4FF00A
:10E1100000572F43002AF75060D00020F0BD00BF09
:10E12000002E18BF0D610D621F6905EA0406374312
:10E130001F614FF400261F69012A47EA06071F6185
:10E1400003D1CA68002A18BF5A61097901293DD153
:10E15000D0F808081968C0054FF0805058BF4FF03C
:10E160000050084331E000BF002CD6D00CF00F0166
:10E17000012202FA01F100F6340329E0B44205D984
:10E180000E614FF40025344602E000BF4FF4002535
:10E190001E6935431D6125461E696FF3DF45354312
:10E1A000012A1D61A1D1CA69002A18BFCEF814291D
:10E1B000097901290AD1D0F80818DEF80009C90543
:10E1C0004CBF40F0805040F0005018604FF00441C8
:10E1D0001868084318600020F0BD00BFA2B2002AF2
:10E1E0009BD0D61C4FF0FF33C96803EB960300F5B4
:10E1F00080504FEA0C32032BC6F381030ED3B708CD
:10E2000027F003060F68043E17504F6817508F68B9
:10E210001750CF6801F110011750F3D1002B3FF4D4
:10E220007CAF0F68012B87503FF477AF4F68022B0C
:10E2300087503FF472AF896881500020F0BD000024
:10E2400081B0002200924A780978012A4FEA4111F0
:10E250003AD100F510625058B0F1FF3F3ADC8858CF
:10E2600042F2107340F000608850885840F08040BF
:10E2700088500098013000900098984264D8505817
:10E28000B0F1FF3F26DC00980130009000989842E2
:10E290005AD85058B0F1FF3F1CDC00980130009074
:10E2A0000098984250D85058B0F1FF3F12DC0098C7
:10E2B000013000900098984246D85058B0F1FF3F86
:10E2C0004FF00000D5DD3CE000F530625058B0F171
:10E2D000FF3F03DD002001B0704700BF885842F2C5
:10E2E000107340F000608850885840F0804088509B
:10E2F0000098013000900098984225D85058B0F10D
:10E30000FF3FE7DC009801300090009898421BD84E
:10E310005058B0F1FF3FDDDC0098013000900098CC
:10E32000984211D85058B0F1FF3FD3DC009801302B
:10E3300000900098984207D8505800284FF00000ED
:10E34000D6D401B0704700BF012001B07047000073
:10E350000146806840F0010200208A60704700009A
:10E3600081B000220092009A01320092009AB2F12C
:10E37000706F51D80269002A1ED4009A01320092AF
:10E38000009AB2F1706F47D80269002A14D4009A3B
:10E3900001320092009AB2F1706F3DD80269002AF2
:10E3A0000AD4009A01320092009AB2F1706F33D809
:10E3B0000269B2F1FF3FD6DC8901002220310092D0
:10E3C00001610099013100910099B1F1706F23D87A
:10E3D000016989061DD50099013100910099B1F1BB
:10E3E000706F19D80169890613D500990131009120
:10E3F0000099B1F1706F0FD80169890609D50099AC
:10E40000013100910099B1F1706F05D80169890659
:10E41000D7D4002001B07047032001B0704700003E
:10E42000D0F8080800F0060180074FF0020058BF3E
:10E430000F20002908BF084670470000406900F01F
:10E4400001007047D0F81818D0F81C08084080B2B6
:10E4500070470000D0F81818D0F81C080840000CCD
:10E4600070470000D0F810C8D0F8343801F00F021F
:10E4700023FA02F2D20100EB4110D2B2D0F808091F
:10E4800042EA0C010840704700EB4111D1F8081B2B
:10E49000D0F8140808407047416980690840704707
:10E4A00010B5930802F0030E2CD05A1E032A03F075
:10E4B000030C0FD323F003034FF480528458043B22
:10E4C0000C6084584C6084588C608458CC6001F196
:10E4D0001001F3D1BCF1000F14D04FF480528458D6
:10E4E0000B46BCF1010F43F8044B05D11946BEF1B0
:10E4F000000F0AD11EE000BF8258BCF1020F4A6033
:10E500001AD10831BEF1000F14D04FF48052805858
:10E510000A46BEF1010F02F8010B04BF104610BD00
:10E52000020ABEF1020F4A7004BF881C10BD000C25
:10E5300088700331084610BD4FF4805282588A60BB
:10E540000C31BEF1000FE0D1F4E70000B0B5044695
:10E55000C068002920F0C040E06000F099800129E7
:10E5600040F0B080E0680A2540F00050E0600A20EA
:10E57000F5F7E8FB54F8140FC00740F09C800A2020
:10E58000F5F7E0FB2068C00740F09E800A20F5F711
:10E59000D9FB2068C00740F0A5800A20F5F7D2FB20
:10E5A0002068C00740F0AC800A20F5F7CBFB20685C
:10E5B000C00740F0B3800A20F5F7C4FB2068C0070D
:10E5C00040F0BA800A20F5F7BDFB2068C00740F094
:10E5D000C1800A20F5F7B6FB2068C00740F0C8806C
:10E5E0000A20F5F7AFFB2068C00740F0CF800A2073
:10E5F000F5F7A8FB2068C00740F0D6800A20F5F7A1
:10E60000A1FB2068C00740F0DD800A20F5F79AFBE7
:10E610002068C00740F0E4800A20F5F793FB2068EB
:10E62000C00740F0EB800A20F5F78CFB2068C0079C
:10E6300040F0F2800A20F5F785FB2068C00740F023
:10E64000F9800A20F5F77EFB2068C00740F00081C2
:10E650000A20F5F777FB2068C00740F007810A2001
:10E66000F5F770FB2068C00740F00E810A20F5F72F
:10E6700069FB2068C00740F016810A20F5F762FBAD
:10E680002068C825A5F1C800B0FA80F04009B0BDE7
:10E69000E0680A2540F08040E0600A20F5F752FB70
:10E6A00054F8140FC00706D00A20F5F74BFB20687A
:10E6B000C00711D11425A5F1C800B0FA80F04009B7
:10E6C000B0BD00BF0120B0BD1425A5F1C800B0FA4F
:10E6D00080F04009B0BD00BF0A20F5F733FB206889
:10E6E000C00707D11E25A5F1C800B0FA80F0400987
:10E6F000B0BD00BF0A20F5F725FB2068C00707D191
:10E700002825A5F1C800B0FA80F04009B0BD00BFCF
:10E710000A20F5F717FB2068C00707D13225A5F1BD
:10E72000C800B0FA80F04009B0BD00BF0A20F5F77C
:10E7300009FB2068C00707D13C25A5F1C800B0FA45
:10E7400080F04009B0BD00BF0A20F5F7FBFA206851
:10E75000C00707D14625A5F1C800B0FA80F04009EE
:10E76000B0BD00BF0A20F5F7EDFA2068C00707D159
:10E770005025A5F1C800B0FA80F04009B0BD00BF37
:10E780000A20F5F7DFFA2068C00707D15A25A5F15E
:10E79000C800B0FA80F04009B0BD00BF0A20F5F70C
:10E7A000D1FA2068C00707D16425A5F1C800B0FAE6
:10E7B00080F04009B0BD00BF0A20F5F7C3FA206819
:10E7C000C00707D16E25A5F1C800B0FA80F0400956
:10E7D000B0BD00BF0A20F5F7B5FA2068C00707D121
:10E7E0007825A5F1C800B0FA80F04009B0BD00BF9F
:10E7F0000A20F5F7A7FA2068C00707D18225A5F1FE
:10E80000C800B0FA80F04009B0BD00BF0A20F5F79B
:10E8100099FA2068C00707D18C25A5F1C800B0FA85
:10E8200080F04009B0BD00BF0A20F5F78BFA2068E0
:10E83000C00707D19625A5F1C800B0FA80F04009BD
:10E84000B0BD00BF0A20F5F77DFA2068C00707D1E8
:10E85000A025A5F1C800B0FA80F04009B0BD00BF06
:10E860000A20F5F76FFA2068C00707D1AA25A5F19D
:10E87000C800B0FA80F04009B0BD00BF0A20F5F72B
:10E8800061FA2068C00707D1B425A5F1C800B0FA25
:10E8900080F04009B0BD00BF0A20F5F753FA2068A8
:10E8A000C0077FF4EAAEBE25A5F1C800B0FA80F03B
:10E8B0004009B0BD0246D0F8000801F07F0120F405
:10E8C000FE60C2F80008D2F8000840EA01110020FA
:10E8D000C2F8001870470000022A02465FD145F2D4
:10E8E0004030CFF6277043F200530844C0F20C03C7
:10E8F000984203D24FF4705053E000BF41F640609D
:10E90000CFF61B7044F240230844C0F20F03984234
:10E9100002D24FF4605044E0A1F5740044F68073D5
:10E92000A0F51050C0F21203984203D24FF4505099
:10E9300037E000BFA1F183704DF22063A0F5E740FE
:10E94000C0F21303984203D24FF4405029E000BFB5
:10E950004BF26060CFF6E5604EF260330844C0F2DF
:10E960001603984202D24FF430501AE04DF20030B4
:10E97000CFF6CE6047F240730844C0F21B039842C2
:10E9800002D24FF420500CE045F6C030CFF6B36011
:10E9900049F2C0130844C0F2210398420AD24FF44E
:10E9A0001050D16821F47051D160D168014300202A
:10E9B000D1607047A1F1B77047F22053A0F55850CD
:10E9C000C0F23803984203D24FF40050E9E700BF89
:10E9D00045F2E040CFF6596049F6E0430144C0F209
:10E9E00041034FF4C050994238BF4FF4E050D8E78C
:10E9F00010B5DDF808C0BCF1000F2CD15BB303F1FA
:10EA0000030E4FF0FF3303EB9E0300F58054120317
:10EA1000032BCEF3810C0FD34FEA9E0323F00303A5
:10EA20000868043B10514868105188681051C86844
:10EA300001F110011051F3D1BCF1000F0BD00868A7
:10EA4000BCF1010FA05006D04868BCF1020FA050E5
:10EA50001CBF8868A050002010BD0000FEE7000029
:10EA600040F2881143F62010C2F20001C2F2000009
:10EA7000242281EC070AC1ED073AF8F77FBD0000B8
:10EA8000C82003F0A9F843F66814C2F2000402E0BB
:10EA90000130A4F8440001200221F9F723F90120F4
:10EAA00003F09AF801200321F9F71CF9012003F083
:10EAB00093F894F838000128EDD1B4F84400B0F58B
:10EAC000C87FE5D9A068E063002084F83800A4F886
:10EAD0004400DDE79FED211A9FED212A20EE010A77
:10EAE000B5EE001A30EE010ABDEEC01A11EE100AA2
:10EAF000B5EE400AF1EE10FAB8BF013801EE100A87
:10EB0000B8EEC11A30EE410A20EE020ABDEEC01A7C
:10EB10009FED142A11EE100A410A30EE021A46F255
:10EB2000B4111CBF0020B0EE410AC0F6010101EE95
:10EB3000100A01EB8001B8EE411A30EE410A91ED66
:10EB4000001A91ED012AB7EE003A33EE403A20EE7A
:10EB5000020A23EE011A31EE000A704783F9223EC1
:10EB600000000044000000C49FED1F1A9FED1F2A03
:10EB700020EE010ABDEEC01A11EE100AB5EE400AF1
:10EB8000F1EE10FAB8BF013801EE100AB8EEC11A62
:10EB900030EE410A20EE020ABDEEC01A9FED142AA3
:10EBA00011EE100A410A30EE021A46F2B4111CBFEF
:10EBB0000020B0EE410AC0F6010101EE100A01EB9F
:10EBC0008001B8EE411A30EE410A91ED001A91ED44
:10EBD000012AB7EE003A33EE403A20EE020A23EE65
:10EBE000011A31EE000A704783F9223E000000440A
:10EBF000000000C410B582B000208DF80700F1F7C6
:10EC000019FD8020F1F77EFE5520F1F77BFE55209F
:10EC1000F1F778FE8DF80700F1F704FD9620F1F783
:10EC200061FDF1F707FD8020F1F76CFE5520F1F74B
:10EC300069FE5520F1F766FE8DF80700F1F7F2FC4A
:10EC40009620F1F74FFDF1F7F5FC7E20F1F75AFE23
:10EC5000B620F1F757FEF1F7E5FC5020F1F740FD43
:10EC6000F1F7E8FC8020F1F74DFE5520F1F74AFE60
:10EC70005520F1F747FE8DF80700F1F7D3FC9620F9
:10EC8000F1F730FDF1F7D6FC8020F1F73BFE55207F
:10EC9000F1F738FE5520F1F735FE8DF80700F1F752
:10ECA000C1FC9620F1F71EFD9DF807001E284DD1EE
:10ECB000F1F7C0FC7D20F1F725FE0420F1F722FEDC
:10ECC000F1F7B0FC9620F1F70DFDF1F7B3FCFD2054
:10ECD000F1F718FE5520F1F715FE5520F1F712FE59
:10ECE0008DF80700F1F79EFC9620F1F7FBFC9DF8EC
:10ECF000070046F61A240428C0F6010422D1F1F7D1
:10ED000099FC7C20F1F7FEFD0020F1F7FBFDF1F707
:10ED100089FC9620F1F7E6FCF1F78CFCFC20F1F77A
:10ED2000F1FD5520F1F7EEFD5520F1F7EBFD8DF8E3
:10ED30000700F1F777FC9620F1F7D4FC9DF8070067
:10ED400040B10334A07802B010BD00BFFF2002B074
:10ED500010BD00BFF1F76EFC4020F1F7D3FDAB20F2
:10ED6000F1F7D0FDF1F75EFC9620F1F7BBFCF1F76F
:10ED700061FCC020F1F7C6FD5520F1F7C3FD552019
:10ED8000F1F7C0FD8DF80700F1F74CFC9620F1F784
:10ED9000A9FC9DF80700AB2826D1F1F74BFC4120D8
:10EDA000F1F7B0FD0020F1F7ADFDF1F73BFC962047
:10EDB000F1F798FCF1F73EFCC120F1F7A3FD5520D7
:10EDC000F1F7A0FD5520F1F79DFD8DF80700F1F753
:10EDD00029FC9620F1F786FC9DF8070040B1093424
:10EDE000A07802B010BD00BF0634A07802B010BDFC
:10EDF000F1F720FC5320F1F785FD0820F1F782FDA3
:10EE0000F1F710FC9620F1F76DFCF1F713FCD3201D
:10EE1000F1F778FD5520F1F775FD5520F1F772FDFA
:10EE20008DF80700F1F7FEFB9620F1F75BFC9DF8EB
:10EE30000700082826D1F1F7FDFB5820F1F762FD05
:10EE40000420F1F75FFDF1F7EDFB9620F1F74AFCA6
:10EE5000F1F7F0FBD820F1F755FD5520F1F752FD01
:10EE60005520F1F74FFD8DF80700F1F7DBFB9620F9
:10EE7000F1F738FC9DF80700042807D1002002B004
:10EE800010BD00BF0C34A07802B010BD0F34A078C4
:10EE900002B010BD2DE9F04F87B000208DF81B00A7
:10EEA000F1F7C8FB8020F1F72DFD5520F1F72AFD81
:10EEB0005520F1F727FD8DF81B00F1F7B3FB9620E5
:10EEC000F1F710FCF1F7B6FB8020F1F71BFD5520A0
:10EED000F1F718FD5520F1F715FD8DF81B00F1F73E
:10EEE000A1FB9620F1F7FEFBF1F7A4FB7E20F1F7E2
:10EEF00009FDB620F1F706FDF1F794FB5020F1F77C
:10EF0000EFFBF1F797FB8020F1F7FCFC5520F1F7C0
:10EF1000F9FC5520F1F7F6FC8DF81B00F1F782FBA8
:10EF20009620F1F7DFFBF1F785FB8020F1F7EAFC93
:10EF30005520F1F7E7FC5520F1F7E4FC8DF81B00B4
:10EF4000F1F770FB9620F1F7CDFB9DF81B001E2812
:10EF500040F09E80F1F76EFB4020F1F7D3FCAC202F
:10EF6000F1F7D0FCF1F75EFB9620F1F7BBFBF1F770
:10EF700061FBC020F1F7C6FC5520F1F7C3FC55201A
:10EF8000F1F7C0FC8DF81B00F1F74CFB9620F1F770
:10EF9000A9FB9DF81B0046F28014AC28C0F60104C2
:10EFA00071D15020F1F79CFBF1F744FB7D20F1F784
:10EFB000A9FC0420F1F7A6FCF1F734FB9620F1F749
:10EFC00091FBF1F737FBFD20F1F79CFC5520F1F7A1
:10EFD00099FC5520F1F796FC8DF81B00F1F722FB08
:10EFE0009620F1F77FFB9DF81B00042854D1502098
:10EFF000F1F776FBF1F71EFB4120F1F783FC0320CC
:10F00000F1F780FCF1F70EFB9620F1F76BFBF1F7BF
:10F0100011FBC120F1F776FC5520F1F773FC552068
:10F02000F1F770FC8DF81B00F1F7FCFA9620F1F770
:10F0300059FB9DF81B00032834D15020F1F750FBF9
:10F04000F1F7F8FA7C20F1F75DFC0020F1F75AFCAB
:10F05000F1F7E8FA9620F1F745FBF1F7EBFAFC201F
:10F06000F1F750FC5520F1F74DFC5520F1F74AFC23
:10F070008DF81B00F1F7D6FA9620F1F733FB9DF8D7
:10F080001B00A8B10934A07807B0BDE8F08F00BF1D
:10F09000FF2007B0BDE8F08F0334A07807B0BDE8CB
:10F0A000F08F00BF0634A07807B0BDE8F08F00BF36
:10F0B0005020F1F715FBF1F7BDFA6D20F1F722FCB6
:10F0C0000D20F1F71FFCF1F7ADFA9620F1F70AFBDE
:10F0D000F1F7B0FAED20F1F715FC5520F1F712FC2D
:10F0E0005520F1F70FFC8DF81B00F1F79BFA9620E5
:10F0F000F1F7F8FA9DF81B000D2840F0978050209A
:10F10000F1F7EEFAF1F796FA9220F1F7FBFB922075
:10F11000F1F7F8FB5520F1F7F5FB83465520F1F7A1
:10F12000F1FB81465520F1F7EDFB80465520F1F7C4
:10F13000E9FB05465520F1F7E5FB06465520F1F7BA
:10F14000E1FB0746F1F76EFAF1F774FA6D20F1F77B
:10F15000D9FB0920F1F7D6FBF1F764FA9620F1F715
:10F16000C1FAF1F767FAED20F1F7CCFB5520F1F782
:10F17000C9FB5520F1F7C6FB8DF81B00F1F752FAD9
:10F180009620F1F7AFFA9DF81B00092854D15020C2
:10F19000CDE90458CDE90276F1F7A2FAF1F74AFA7F
:10F1A0009220F1F7AFFB9220F1F7ACFB5520F1F77D
:10F1B000A9FB80465520F1F7A5FB82465520F1F7C3
:10F1C000A1FB04465520F1F79DFB07465520F1F7BA
:10F1D00099FB05465520F1F795FB0646F1F722FA13
:10F1E000F1F728FA6D20F1F78DFB0020F1F78AFB8B
:10F1F000F1F718FA9620F1F775FAF1F71BFAED20FE
:10F20000F1F780FB5520F1F77DFB5520F1F77AFBF4
:10F210008DF81B00F1F706FA9620F1F763FA9DF8D6
:10F220001B0078B1042007B0BDE8F08F04F10C009A
:10F23000807807B0BDE8F08F04F10F00807807B048
:10F24000BDE8F08FCDE9006526464BEA092448EA7F
:10F250000A25F1F7EFF97E20F1F754FBB620F1F71C
:10F2600051FBF1F7DFF95020F1F73AFA20B229B259
:10F27000411A40F25550814218DBDDE9042141EA90
:10F28000022146EA072209B212B2891A81420DDB35
:10F29000DDE9021040EA0120DDE9002100B241EA87
:10F2A000022109B2401AB0F52A7F03DA802007B0A4
:10F2B000BDE8F08FF1F7BEF98020F1F723FB552070
:10F2C000F1F720FB5520F1F71DFB8DF81B00F1F73E
:10F2D000A9F99620F1F706FAF1F7ACF98020F1F7D9
:10F2E00011FB5520F1F70EFB5520F1F70BFB8DF8C4
:10F2F0001B00F1F797F99620F1F7F4F9002007B019
:10F30000BDE8F08FB0B5F1F7A7F98020F1F7FAFA70
:10F310005520F1F7F7FAF1F797F99620F1F7E2F9AE
:10F32000F1F79AF98020F1F7EDFA5520F1F7EAFAB2
:10F33000F1F78AF99620F1F7D5F9F1F78DF9142054
:10F34000F1F7E0FAB620F1F7DDFAF1F77DF9502098
:10F35000F1F7C6F9F1F780F98020F1F7D3FA5520DB
:10F36000F1F7D0FAF1F770F99620F1F7BBF9F1F760
:10F3700073F98020F1F7C6FA5520F1F7C3FA044675
:10F38000F1F762F99620F1F7ADF90F2C1CBFFF20C1
:10F39000B0BDF1F761F90F20F1F7B4FA0020F1F7F1
:10F3A000B1FAF1F751F99620F1F79CF9F1F754F918
:10F3B0008F20F1F7A7FA5520F1F7A4FA0446F1F7E8
:10F3C00043F99620F1F78EF946F62C25C0F6010593
:10F3D00014B1A878B0BD00BFF1F73EF91020F1F7E5
:10F3E00091FA8220F1F78EFAF1F72EF99620F1F7D3
:10F3F00079F9F1F731F99020F1F784FA5520F1F716
:10F4000081FA0446F1F720F99620F1F76BF9822C86
:10F410001ED1F1F721F91120F1F774FA0020F1F76C
:10F4200071FAF1F711F99620F1F75CF9F1F714F997
:10F430009120F1F767FA5520F1F764FA0446F1F7E5
:10F4400003F99620F1F74EF934B10635A878B0BD2E
:10F450000335A878B0BD00BFF1F7FEF81520F1F72D
:10F4600051FA8020F1F74EFAF1F7EEF89620F1F715
:10F4700039F9F1F7F1F89520F1F744FA5520F1F751
:10F4800041FA0446F1F7E0F89620F1F72BF9802CC9
:10F490001ED1F1F7E1F81620F1F734FA0020F1F768
:10F4A00031FAF1F7D1F89620F1F71CF9F1F7D4F819
:10F4B0009620F1F727FA5520F1F724FA0446F1F7E0
:10F4C000C3F89620F1F70EF934B10C35A878B0BD29
:10F4D0000935A878B0BD00BFF1F7BEF81820F1F7E4
:10F4E00011FA0120F1F70EFAF1F7AEF89620F1F7D4
:10F4F000F9F8F1F7B1F89820F1F704FA5520F1F78F
:10F5000001FA0446F1F7A0F89620F1F7EBF8012C88
:10F5100004BF0020B0BD0F35A878B0BD10B5F1F71D
:10F520009BF88020F1F7EEF95520F1F7EBF9F1F7B0
:10F530008BF89620F1F7D6F8F1F78EF88020F1F7E6
:10F54000E1F95520F1F7DEF9F1F77EF89620F1F7B1
:10F55000C9F8F1F781F81420F1F7D4F9B620F1F7E2
:10F56000D1F9F1F771F85020F1F7BAF8F1F774F822
:10F570008020F1F7C7F95520F1F7C4F9F1F764F8E5
:10F580009620F1F7AFF8F1F767F88020F1F7BAF9B4
:10F590005520F1F7B7F9F1F757F89620F1F7A2F8EF
:10F5A000F1F75AF83C20F1F7ADF90120F1F7AAF98B
:10F5B000F1F74AF85020F1F793F8F1F74DF8BC2035
:10F5C000F1F7A0F95520F1F79DF90446F1F73CF861
:10F5D0009620F1F787F8A00700F19280F1F73CF848
:10F5E000BC20F1F78FF95520F1F78CF90446F1F7BB
:10F5F0002BF89620F1F776F8A00700F18180F1F75B
:10F600002BF8BC20F1F77EF95520F1F77BF9044681
:10F61000F1F71AF89620F1F765F8A00770D4F1F722
:10F620001BF8BC20F1F76EF95520F1F76BF9044691
:10F63000F1F70AF89620F1F755F8A00760D4F1F732
:10F640000BF8BC20F1F75EF95520F1F75BF90446A1
:10F65000F0F7FAFF9620F1F745F8A00750D4F0F73D
:10F66000FBFFBC20F1F74EF95520F1F74BF90446AA
:10F67000F0F7EAFF9620F1F735F8A00740D4F0F74D
:10F68000EBFFBC20F1F73EF95520F1F73BF90446BA
:10F69000F0F7DAFF9620F1F725F8A00730D4F0F75D
:10F6A000DBFFBC20F1F72EF95520F1F72BF90446CA
:10F6B000F0F7CAFF9620F1F715F8A00720D4F0F76D
:10F6C000CBFFBC20F1F71EF95520F1F71BF90446DA
:10F6D000F0F7BAFF9620F1F705F8A00710D4F0F77D
:10F6E000BBFFBC20F1F70EF95520F1F70BF90446EA
:10F6F000F0F7AAFF9620F0F7F5FF012101E000BF27
:10F700000021402000EA0410002918BF402010BD4D
:10F71000B0B58AB042F6586401200021C2F200045C
:10F720006D460890CDE90610CDE90011CDE9021132
:10F73000CDE9041120462946F3F7D4FC2046F4F71E
:10F7400055F820460221F3F763FC42F680640E2050
:10F75000C2F200040990059020462946F3F7C2FC46
:10F760002046F4F743F820460221F3F751FC0AB093
:10F77000B0BD00000000000010B52DED0C8B82B074
:10F7800042F29044C2F20004A07B94ED178A94EDFB
:10F7900000CA002866D094ED01DA207B002800F032
:10F7A0008B80B0EE480A00F075FFB0EE409AB0EEE4
:10F7B000480A00F06FFFB0EE40AAB0EE480A00F031
:10F7C00069FFB0EE40BAB0EE480A00F063FFB0EE59
:10F7D000C91AB0EECA2AB4EE412AF1EE10FAB8BF47
:10F7E000B0EE4A9AB0EECB1AB0EEC92AB4EE421A85
:10F7F000F1EE10FAB8BFB0EE4B9AB0EEC01AB0EE10
:10F80000C92AB4EE421AF1EE10FAB8BFB0EE409A2F
:10F8100019EE100A20F0004006F08EF99FED360B2D
:10F8200053EC102B06F0D6F99FED358A002818BF4F
:10F83000B0EE489A04F11000B0EE490AF0EE480A22
:10F84000F9F7CEFD94ED0D0AB3EE042AB0EEC01A1E
:10F85000B4EE421AF1EE10FABEBF00206063B0EEC3
:10F86000480A2BE0B0EE480AFFF734F994ED01AAFC
:10F87000B0EE409AB0EE480AFFF776F92AEE000A99
:10F880002CEE091A94ED00AA31EE00CAB0EE480A37
:10F89000FFF76AF994ED01BAB0EE409AB0EE480A6B
:10F8A000FFF718F92BEE000A2AEE091A30EE41DABA
:10F8B000207B00287FF475AF94ED020A207B617BEA
:10F8C000BDEECC1A11EE102ABDEECD1ABDEEC00A67
:10F8D00041EA400442F6586011EE103A10EE10CAA8
:10F8E000C2F2000040F20131CDE900C4F1F74EF858
:10F8F00002B0BDEC0C8B10BD7B14AE47E17A843FA7
:10F9000000000000000000002DE9F04F81B02DED57
:10F910000E8B42F6A001B0EE40BAC2F2000142F2F4
:10F92000904A91ED060AC2F2000A00F00101B5EE1C
:10F9300040BAB0EE618AB0EE419AB0EE60AA8AF8A1
:10F940000D1000F0020100F00400F1EE10FA8AED53
:10F95000180A8AF80C108AF80E0006DDB2EE0E1AAC
:10F96000B4EE410AF1EE10FA0BDCB5EE40BAF1EE5E
:10F9700010FA0CDABAEE0E1AB4EE410AF1EE10FAF1
:10F9800005DAB7EE080A2BEE00BA2AEE00AA9AEDC5
:10F9900000EA9AED01DA9AED02CA1EEE100A06F0AC
:10F9A000CBF83BEE4E0A064610EE100A0F4606F064
:10F9B000C3F89FED510B58EC109B4A46434605F0A7
:10F9C000CFFE32463B4605F0EFFB9FED4D0B044664
:10F9D00052EC100B4FEAD27B0D4620466BF3DF75DD
:10F9E00005F0B0FB9FED480B0EEE100A56EC107BB5
:10F9F000204629463A46334606F0ECF800281DEE2C
:10FA0000100A9FED45BA18BFB0EE4BEA8AED00EA46
:10FA100006F092F83AEE4D0A044610EE100A0D4632
:10FA200006F08AF84A46434605F09AFE22462B46DF
:10FA300005F0BAFB0D4604466BF3DF7505F082FB5B
:10FA40000AEE100A204629463A46334606F0C2F826
:10FA500000281CEE100A18BFB0EE4BAA8AED01AACE
:10FA600006F06AF839EE4C0A044610EE100A0D460C
:10FA700006F062F84A46434605F072FE22462B46DF
:10FA800005F092FB0D4604466BF3DF7505F05AFB5B
:10FA900009EE100A204629463A46334606F09AF8FF
:10FAA0009FED1E0A9FED1E1A002818BFB0EE4B9A5C
:10FAB00029EE000A80EE010A8AED029A38EE008AE9
:10FAC00018EE100A20F0004006F036F89FED100BFB
:10FAD00053EC102B06F070F8002818BFB0EE48BAAF
:10FAE0008AED17BABDEC0E8B01B0BDE8F04FFFF701
:10FAF00043BE00BF00BF00BF9A9999999999E93F09
:10FB000000000000000000000000000000001C4099
:10FB10007B14AE47E17A843F00000000B81E053E2A
:10FB200000806D4340F21C40C2F200000021816160
:10FB3000704700002DE9F04F81B040F21C44C2F242
:10FB40000004218B608B00296ED043F62C2842F6EE
:10FB5000A00B49F60855C2F20008C2F2000BC2F22F
:10FB600000054FF00D094FF0000A23E0012088F84E
:10FB7000410085F84700002041F2FF11A86411EE12
:10FB8000100AA5F844101421E86410EE100A85F854
:10FB90004610286585F8549005F14400112101F0C4
:10FBA000FDFD6088218B421C608B62800AF1010A96
:10FBB0008A4539D204EB0A02937B87B2B7FBF3F68E
:10FBC00006FB1373002BF1D110791428E4D140F215
:10FBD0007851C2F200010A7840F2FC41C2F2000101
:10FBE0009BED670A9BED361A91F8221000206B2AD4
:10FBF000C8F8440088ED120A88ED131A01D10229D1
:10FC0000B5D1072A01D10229B0D16B2A08BF022938
:10FC100006D0072A08BF022904D098F84100A8E7B7
:10FC20000320A4E70220A2E7013081B2C9087C29A1
:10FC300088BF0020608301B0BDE8F08F80B540F23E
:10FC40001C4ECB0842F2C502C2F2000E5A43BEF867
:10FC500018C0120D4FF47A7302FB13110EF1040257
:10FC600002F80C0088B2BEF81810B3FBF0F0114493
:10FC70008872BEF818000130AEF8180080BD000090
:10FC800040F2B400C2F2000000684DF68361C4F295
:10FC90001B31A0FB011244F6D351C1F26201A0FB5B
:10FCA0000101900C40F2C442C2F2000210708809B7
:10FCB0005060704780B54EF2180140F2C442CEF257
:10FCC0000001C2F2000251F804CC1278002302FBBA
:10FCD00000FE08680AE000BF03449B1A824228BF66
:10FCE00063447345104628BF80BD00BF0A68824246
:10FCF000F2D10A688242EFD10A688242ECD10A68E6
:10FD00008242F3D0E8E7000070B542F20C6600EBE7
:10FD1000C005C2F2000656F8250006EB85046060B7
:10FD200003F05CFDE17C46F825004A0642BF01F085
:10FD3000BF01E174E060A06960B18047E17C48B137
:10FD4000206A41F0A0010028E17408BF70BDBDE841
:10FD50007040004701F07F00E07470BD03F03EFD8D
:10FD600042F20C6A48F21E02C2F2000ACFF6027298
:10FD70000021CAE904214AF20A02CFF20072F523F7
:10FD8000CAE90C024AF20A028AF85B304AF20A0314
:10FD9000AAF85820CFF20033AAF8A020AAF80C2124
:10FDA000F922CAE91F3143F202038AF80F21EF2238
:10FDB00040F2CC49CFF600538AF833218AF8572114
:10FDC0008AF87B210622C2F20009F127CAE9313103
:10FDD00045F205038AF89E2144F26402C9F8040042
:10FDE000CAE90000CAE90200CAE90810CAE90A0023
:10FDF000CAE91200CAE91400CAE91B00CAE91D00D9
:10FE00008AF8A370CAE92310CAE92500CAF89C0041
:10FE1000CAE92D00CAE92F0043F20207FB26CAE90E
:10FE20003510CAE93700CAF8E400CAE93F00CAE958
:10FE30004100CAE94800CAE94A00AAF85431CAE9AF
:10FE40005100CAE953004FF00C0848F22803CAE9F0
:10FE50005A00CAE95C00AAF89C21EB22CAE96300B7
:10FE6000CAE965003920CAE90611CAE90E118AF803
:10FE70005A10CAE91011CAE91711CAE919118AF80A
:10FE8000A210CAE92111CAE92911CAE92B11AAF85D
:10FE9000E8708AF8EA108AF8EB60CAE933118AF848
:10FEA0000E11CAE93B11CAE93D118AF83211AAF8CC
:10FEB0003071CAE94411CAE946118AF85611CAE9F3
:10FEC0004D11CAE94F118AF87A81AAF87831CAE946
:10FED0005611CAE958118AF89F21CAE96811CAE97E
:10FEE0006A11CAE95F11CAE9611101F075FE9FED5F
:10FEF0003B8A07E00A2001F06FFE002001F080FC41
:10FF0000C9F8080003F06AFCC9F804009AF8C301B4
:10FF1000002700F09F00002689F800808AF8C301BE
:10FF20000AE000BF03F12001C17400BF2437B7F518
:10FF3000D87F06F10106DDD00AEB0700C17CCA07B5
:10FF4000F4D0847C058AD9F804305AF807C045EA11
:10FF500004452C46A3EB0C026FF31F34A2421FD9B9
:10FF60008A065EBF41F06001C174836099F8002089
:10FF7000C1F3430102EBC2020AEB8202D27CC2F35C
:10FF80004302914288BF89F800609AF8C31141F09A
:10FF900060018AF8C311C0690028C7D08047C5E74F
:10FFA000C2689A1AB2EB153F01F09F03BAD301F071
:10FFB0001F0249B20029416848BF03F120028C4565
:10FFC000C274B3D9ACEB010100EE101AB8EE400ACE
:10FFD00088EE000A80ED050AA8E700BF00007A4419
:10FFE00070B52DED0C8B90F82050044690ED05BABD
:10FFF00090ED07CA681EB0EE408AB7EE00DA00EE58
:020000040801F1
:10000000100A3DEE4B9AB8EEC0AAB0EE490AF0EEE7
:100010004A0A04F0C7F994ED061A2CEE000A20EE05
:100020000B0A31EE40CAB0EE490AF0EE4A0A04F07B
:10003000B9F9207C28EE000A411C20EE0B0AB1FB26
:10004000F5F230EE0C0A04EB800084ED060A80ED38
:10005000008A02FB151194ED051A94ED062A04EBB3
:1000600081003DEE413A90ED000A23EE022A21EE96
:10007000081A31EE029A84ED070A30EE490A10EEB2
:10008000100A20F00040217419EE106A84ED069ADF
:1000900005F052FD044626F000400D4605F04CFDEB
:1000A0009FED090B53EC102B05F05AFB22462B4613
:1000B00005F07BFD002818BFB0EE498AB0EE480A73
:1000C000BDEC0C8B70BD00BF7B14AE47E17AB43F32
:1000D0002DE9F047EFF3108972B609B3846805463D
:1000E000F4B12E4656F8140F56F8103C984284BFCF
:1000F00028686861A242B8BF14461A1A571CBC424D
:1001000014DD3A46A4EB070A8846F0F77AF9286826
:1001100008EB07015246F0F774F92E460AE000BFDB
:1001200089F310884FF0FF30BDE8F0872246F0F7E2
:1001300068F9A2463068D5E9021250446861081B8C
:100140001119C5E9020189F310882046BDE8F0873E
:10015000F0B581B02DED088B42F6A0040025012AF0
:1001600042F2E473C2F2000408BF04F5C475002A29
:10017000B0EE619AB0EE608AC2F2000308BF254675
:10018000012883F8222017D195F8C02092B96A6916
:100190000646EA6105F1740210460F46B0EE40BA19
:1001A000B0EE41AAF9F7D2F9B0EE4A1A3046B0EEF5
:1001B0004B0A39460C2200E0082285F8C000A81836
:1001C000012985ED071A80ED000A0FD194F884010A
:1001D00060B9D4F8D800C4F8E00004F59C70F9F7D1
:1001E000B5F9012084F8840104E000BF012984F8F6
:1001F000841109D184ED389A04F1D00080ED008A91
:10020000BDEC088B01B0F0BD04F1CC0080ED008A9C
:10021000BDEC088B01B0F0BD40F6640040F22C024A
:10022000C2F20000C2F2000290ED057AD0ED060A9B
:1002300092ED066AD2ED072A90ED075AD2ED083A00
:1002400060EEA22A27EE066A36EE226A65EE233AAF
:1002500090ED024A33EE866A40F22471D2ED103AF4
:1002600090ED013AD2ED0F2AC2F2000190ED032A7F
:1002700040F6080081ED186A24EE236AD2ED113AA7
:10028000C2F2000063EE222AD0ED091A72EE862A2D
:1002900062EE233A73EEA22A40F2B01372EEA11A74
:1002A000C2F2000390ED140A90ED151AC1ED0F1A79
:1002B000D3ED001AD3ED012A90ED166AD3ED023A80
:1002C00061EE222A60EE211A71EEA21A66EE232A4E
:1002D000D0ED0C3A72EEA11A71EEA31AC1ED1B1A01
:1002E000D2ED091AD2ED0A2AD2ED0B3A60EEA22A1B
:1002F00067EE211A71EEA21A65EE233AD2ED122AA8
:1003000073EEA11AD2ED133AC1ED191A64EE231A55
:1003100063EE222A72EEA11AD2ED142AD0ED0A3A27
:1003200062EE222A72EEA11AD3ED032A71EEA31A0D
:10033000D3ED043AC1ED101A61EE231A60EE222AC1
:1003400072EEA11AD3ED052AD0ED0D3A66EE222AFF
:1003500072EEA11A71EEA31AC1ED1C1AD2ED0D1A9C
:10036000D2ED0C2A60EEA10AD2ED0E1A27EE227A07
:1003700037EE207A25EE215A35EE075A81ED1A5ACA
:1003800092ED165A92ED157A24EE054A92ED175A1F
:1003900023EE073A33EE043A22EE052A90ED0B4A9B
:1003A00032EE032A32EE042A81ED112A93ED072A58
:1003B00093ED063A21EE021A93ED082A20EE030A85
:1003C00030EE010A26EE021A90ED0E2A31EE000AF6
:1003D00030EE020A81ED1D0A7047000010B540F2B0
:1003E0002474C2F200042078C00714D043F288605D
:1003F000C2F20000816C09680968C9070BD1C06CA2
:1004000000680068C00706D1607880075CBFA078EC
:100410005FEA80704CD56078C00714D043F28860E2
:10042000C2F20000816C09680968C9070BD1C06C71
:1004300000680068C00706D1207880075CBFA078FC
:100440005FEA807052D5A078C00715D043F288606B
:10045000C2F20000816C09680968C90718BF10BDA5
:10046000C06C00680068C00706D1207880075CBFB8
:1004700060785FEA807001D510BD00BFA0781021C0
:1004800000F0FE00A070A078002240F00200A070F2
:100490000020C4F20200F3F7B3FD40F22C0004F197
:1004A0002001C2F200000422BDE81040F9F760BA52
:1004B0002078012100F0FE0020702078002240F01A
:1004C000020004F8280B0020C4F2020000F580604E
:1004D000F3F796FD40F22C00C2F2000004302146F2
:1004E0000822BDE81040F9F743BA00BF6078102138
:1004F00000F0FE0060706078002240F00200607042
:100500000020C4F20200F3F77BFD40F22C00C2F29F
:1005100000000C3004F130010922BDE81040F9F769
:1005200027BA000043F22871C2F20001096848634B
:10053000704700007047000080B584B0024601207B
:100540000DF10F01CDE9001043F250104FF0640C93
:10055000C2F200001C210123CDF808C0F3F70EFE03
:100560009DF80F0004B080BD80B584B002468DF8C0
:100570000F1001200DF10F01CDE9001043F25010D2
:100580004FF0640CC2F200001C210123CDF808C01A
:10059000F3F720FF04B080BD41F60000C4F2020072
:1005A00040210122F3F72CBD41F60000C4F2020005
:1005B00040210022F3F724BD7047000000F076BA16
:1005C000B0B5FFF7B7FFFFF7F7FFFFF7EDFF3220FA
:1005D000FFF7F4FFFFF7E0FF3220FFF7EFFF002007
:1005E000FFF7AAFF10281CBF4020B0BD0120FFF775
:1005F000E5FF0B200821FFF7B7FF0120FFF7DEFF23
:100600000B20FFF799FF04460120FFF7D7FF46F2C2
:10061000A815082CC0F6010532D141200921FFF7A9
:10062000A3FF0120FFF7CAFF4120FFF785FF044623
:100630000120FFF7C3FF092C24D14220C021FFF77E
:1006400093FF0120FFF7BAFF4220FFF775FF044632
:100650000120FFF7B3FFC02C18D10A200B21FFF7B0
:1006600083FF0120FFF7AAFF0A20FFF765FF04467A
:100670000120FFF7A3FF0B2C04BF0020B0BD0935FC
:10068000A878B0BD0335A878B0BD00BF0635A878FE
:10069000B0BD00009FED4C1A0020B4EE410AF1EE0F
:1006A00010FAB8BF012007DB9FED482AB4EE420ADA
:1006B000F1EE10FA40F386809FED442A30EE023AC4
:1006C00033EE023AC00718BFB0EE430A30EE013AEB
:1006D000B4EE420A33EE013AF1EE10FAC8BFB0EEC2
:1006E000430AB4EE410AF1EE10FA04DBB4EE420A1A
:1006F000F1EE10FA66DD30EE023A33EE023AB4EE75
:10070000410AF1EE10FAB8BFB0EE430A30EE013AFA
:10071000B4EE420A33EE013AF1EE10FAC8BFB0EE81
:10072000430AB4EE410AF1EE10FA04DBB4EE420AD9
:10073000F1EE10FA46DD30EE023A33EE023AB4EE54
:10074000410AF1EE10FAB8BFB0EE430A30EE013ABA
:10075000B4EE420A33EE013AF1EE10FAC8BFB0EE41
:10076000430AB4EE410AF1EE10FA05DBB4EE420A98
:10077000F1EE10FAD8BF704730EE023A33EE023A8B
:10078000B4EE410AF1EE10FAB8BFB0EE430A30EE13
:10079000013AB4EE420A33EE013AF1EE10FAC8BF64
:1007A000B0EE430AB4EE410AF1EE10FA4FF0000049
:1007B000B8BF0120FFF682AFB4EE420AF1EE10FAA4
:1007C0003FF77CAF704700BFDB0F49C0DB0F4940EC
:1007D000F3F716FFFAF798FEF7F73CFFF7F7F0FD8F
:1007E000F7F72AFDF7F75EFDF7F792FDF7F7B2FD91
:1007F000F8F70CF8F8F72CF8F8F762F9F8F7FCF9C5
:10080000F8F750F8F8F7AAFAF8F7C6FAF8F7E4FAA2
:10081000F7F7C2FDF8F7DEF8F8F716F943F64804E3
:10082000C2F2000420460021F6F7AEF9204604216A
:10083000F6F7AAF920460821F6F7A6F900F042FEDD
:10084000FEF766FFFFF71CFA43F22870C2F20000C1
:100850000021F6F799F900F0A3FF43F66810C2F201
:100860000000012180F83810F7F700FE00F026F9AB
:10087000FEE7000040F2D840C2F2000000254570BB
:1008800040F6B000C2F200004FF48071EFF738FE7E
:1008900041F25020C2F2000000F580714FF48072E6
:1008A00000F0E2FEC82001F097F9FBF7A1FB40F24F
:1008B000B007C2F20007388840F6B83188424BF2E0
:1008C0006D1141F25044CFF6FF71C2F2000401D124
:1008D0003D8004E0414389B2B1F5227F2FD840F238
:1008E000D845A520C2F2000505F8060FE8780421D6
:1008F0000130E8706020A5F801002846F0F7AEF955
:10090000296828712071216040F2076040F6B0111B
:10091000A4F80500E01DC2F200016022EFF771FDAE
:1009200020466721F0F73CF9A4F8670043F69000F1
:10093000C2F2000021466922F6F720FE38884CF604
:10094000CD41CFF6FF71414389B243F23339494576
:100950002CD840F2D845A520C2F2000505F8060FB4
:10096000E87804210130E8702D20A5F80100284620
:10097000F0F774F929682871207140F2066021604F
:10098000A4F8050005F14201E01D2D22EFF739FD25
:1009900020463421F0F704F9A08643F69000C2F215
:1009A000000021463622F6F7E9FD388843F6900A22
:1009B00040F6B83B4FF0A508E51DC2F2000A00BFA3
:1009C000013038800A2001F007F9FBF711FB388865
:1009D000584503D10020388009E000BF4BF26D116B
:1009E000CFF6FF71414389B2B1F5227F2BD840F297
:1009F000D846C2F2000606F8068FF07804210130CE
:100A0000F0706020A6F801003046F0F727F9316851
:100A100030712071216040F2076040F6B011A4F8F7
:100A200005002846C2F200016022EFF7EAFC2046EA
:100A30006721F0F7B5F8A4F867005046214669220F
:100A4000F6F79CFD38884CF6CD41CFF6FF71414357
:100A500089B24945B4D840F2D846C2F2000606F839
:100A6000068FF07804210130F0702D20A6F80100E7
:100A70003046F0F7F3F831683071207140F20660CB
:100A80002160A4F8050006F1420128462D22EFF767
:100A9000B8FC20463421F0F783F8A0865046214662
:100AA0003622F6F76BFD38888AE7000080B501280A
:100AB00098BF012001F090F8002080BD80B501F0C2
:100AC000BDF9002080BD0000B0B584B043698E46FA
:100AD00093B1846984B10589D0E9001C026928B208
:100AE000843D18BFC51CCDE900536046734602948F
:100AF00001F09AFE04B0B0BD0589D0E90013028A66
:100B000028B2843D18BFC51C03AC18467346CDE916
:100B1000005401F059FE0399012818BF002108462E
:100B200004B0B0BD28B940F26420C2F200000068F1
:100B300010B13430704700BF4FF0500080F311887F
:100B4000BFF36F8FBFF34F8FFEE70000F0B581B0AA
:100B500040F26424C2F200040D46E76921680022D5
:100B600081F8522021680646081D00F037FE18B1B2
:100B7000701C0CD016E000BF20680121C06A6268BA
:100B800001FA00F022EA00006060701C0AD14DB149
:100B900054F8500B011D204601B0BDE8F04000F0B4
:100BA000B7BE00BF2068BD19456007D3606A2168E1
:100BB000043101B0BDE8F04000F078BE206A216841
:100BC000043100F073FEE06A854238BFE56201B08F
:100BD000F0BD00002DE9F041044600F0B1FE40F206
:100BE0006426C2F20006306943F66C35013030618C
:100BF0003068C2F2000548B17069002840D1306801
:100C0000E16AC06A884298BF346039E03460306974
:100C1000012835D1284600F039FE05F1140000F016
:100C200035FE05F1280000F031FE05F13C0000F032
:100C30002DFE05F1500000F029FE05F1640000F0E2
:100C400025FE05F1780000F021FE40F26C68C2F24A
:100C50000008404600F01AFE08F11407384600F07C
:100C600015FE06F1640000F011FE06F13C0000F0F4
:100C70000DFE06F1500000F009FEC6F820807762F4
:100C80007068B16801220131B160E16A8A401043A5
:100C9000706001EB810005EB8000211D00F038FE43
:100CA00000F072FE706988B13068E16AC06A8842FB
:100CB00028BFBDE8F0814EF60450CEF200004FF0A0
:100CC00080510160BFF34F8FBFF36F8FBDE8F0819C
:100CD00040F2642543F66C364EF60458C2F2000525
:100CE000C2F20006CEF200084FF0805703E000BFCA
:100CF000204600F061FEE868D0B100F021FEA86C4B
:100D0000C468201D00F06AFD286901382861E86880
:100D10000138E86000F038FE94F851000228EAD06B
:100D20000128E5D070B9206B00F046FEE0E700BF77
:100D300030680228DFD3C8F80070BFF34F8FBFF3CD
:100D40006F8FD8E74FF0500080F31188BFF36F8F9B
:100D5000BFF34F8FFEE700002DE9F0470A9C824663
:100D6000206B16460F46DDE908599100A5229846EA
:100D7000EFF7BEFB206B002F00EB8600A0F1040014
:100D800020F0070644D0387884F83400D8B3787857
:100D900084F83500B8B3B87884F8360098B3F8789A
:100DA00084F8370078B3387984F8380058B3787904
:100DB00084F8390038B3B87984F83A0018B3F87970
:100DC00084F83B00F8B1387A84F83C00D8B1787ADE
:100DD00084F83D00B8B1B87A84F83E0098B1F87A4A
:100DE00084F83F0078B1387B84F8400058B1787BB4
:100DF00084F8410038B1B87B84F8420000281CBF59
:100E0000F87B84F84300002084F8430003E000BF2F
:100E1000002084F834000027201D062D28BF062559
:100E2000E562C4E9115700F03DFD04F1180000F03F
:100E300039FD85F00700A0613046514642462461E5
:100E40006462E76484F8507084F8527000F028FB04
:100E5000B9F1000F206018BFC9F80040BDE8F08765
:100E600008480068006880F308884FF0000080F3AD
:100E7000148862B661B6BFF34F8FBFF36F8F00DF88
:100E800000BF000008ED00E081B00020009040F2BB
:100E9000D810C2F2000000684FF0500181F31188B1
:100EA000BFF36F8FBFF34F8F013007D0FEE700BF56
:100EB000009830B9009820B9009810B9009800281F
:100EC000F6D001B07047000088B040F2DC2AC2F2D0
:100ED000000A0DF11009EB46DAF8080005681DB1AB
:100EE000C068046801E000BF002401F01FF802F0B0
:100EF00075FCDAF810100646884220D3002DCAF897
:100F0000106051D0B4424FD802F084FDDAF80800E6
:100F1000C068C7683D1D284600F060FC97F82400B3
:100F2000410745D400F0FA0087F8240082E000BFB2
:100F30007860DAF8080029463F6100F0B7FCDAF87B
:100F40000800016831B3C068C76804683D1D2846C1
:100F500000F044FC396A3846884797F82400400777
:100F6000EDD5B8692044A042E2D8DAF800000028A4
:100F700000F04081002004A991C102F01FFCDAF8C2
:100F8000000049460022002301F04EF90028D6D186
:100F900030E100BFDAF80C10CAF81060CAE902109C
:100FA00002F038FD4FE000BF65B1002210E000BF45
:100FB000B8693F610119B14279601DD90AF1080091
:100FC0001FE000BFDAF80C000068B0FA80F04209B8
:100FD000DAF80000A11B00F0D5FD02F01BFD90BB6C
:100FE0004EF60450CEF200004FF080510160BFF386
:100FF0004F8FBFF36F8F26E0311B814206D20AF17B
:101000000C000068294600F051FC13E0DAF80000FB
:10101000002800F00D81002004A991C102F0CEFB50
:10102000DAF8000049460022002301F0FDF800280C
:1010300000F0FE80396A3846884704E00AF10C0265
:10104000106800F033FCDAF800005946002201F085
:101050004BFA00283FF440AF0098B0F1FF3F06DCA8
:10106000DDE901200399904700980028EBD4029E07
:10107000706910B1301D00F0B1FB02F0AFFBDAF87F
:101080001010074688420CD30098CAF8107009283F
:101090003DD9D8E76860DAF8080021462D6100F0F4
:1010A00005FCDAF80800016841B3C068C568D0F8EB
:1010B00000802C1D204600F091FB296A28468847B5
:1010C00095F824004007ECD5A86940444045E1D894
:1010D000DAF80000002800F083800020CDE9040841
:1010E000069502F06BFBDAF8000049460022002367
:1010F00001F09AF80028D4D172E000BFDAF80C10A1
:10110000CAE902100098CAF8107009289BD8DFE8D5
:1011100000F005050557415F0505574196F8240085
:10112000B26940F00101019886F824101318314685
:1011300041F8043FBB42366108D987420AF10802F0
:10114000BFF47EAF834205D27AE700BF381A9042DF
:10115000FFF474AF316A3046884796F824004007A0
:101160007FF571AFDAF8000000284DD00198B16921
:10117000069608440021CDE9041002F01FFBDAF8BE
:10118000000049460022002301F04EF800287FF4B9
:101190005AAF39E096F8240040F00101019886F832
:1011A00024100028B06139D0384431460AF10C02CD
:1011B00041F8040F3661B84288BF0AF108023FE7E0
:1011C00096F8240000F0FE0086F824003BE700BFFC
:1011D00096F824008107F5D4304600F0EDFB32E7A5
:1011E0004FF0500080F31188BFF36F8FBFF34F8F24
:1011F000FEE700BF4FF0500080F31188BFF36F8F00
:10120000BFF34F8FFEE700BF4FF0500080F311880F
:10121000BFF36F8FBFF34F8FFEE700BF4FF050005B
:1012200080F31188BFF36F8FBFF34F8FFEE700BFCE
:101230004FF0500080F31188BFF36F8FBFF34F8FD3
:10124000FEE70000F0B581B0044600F079FB94F9A8
:101250004560012E0FDB04F1240500BF286850B162
:10126000284602F09DFB002818BF00F013FDF0B2E5
:10127000013E0128F2D8FF2684F8456000F084FB87
:1012800000F05EFB94F94470012F0EDB04F11005B1
:10129000286850B1284602F083FB002818BF00F0F0
:1012A000F9FCF8B2013F0128F2D884F8446001B09B
:1012B000BDE8F04000F068BB70B5044600F036FEB3
:1012C00040F2183CC2F2000CDCF8042012B19CF889
:1012D000000020E043F60850C2F20000420700F58B
:1012E000C04200F1070122F0070218BF21F00700F9
:1012F0000021A2F10803CCE90601CCF8043042E950
:101300000211DCF80420191AC0E900210120CCE9FF
:1013100002118CF800000025002C4FF0000148BF9E
:1013200001215AD0084058D124F0070000F11003E1
:10133000600708BF04F10803DCF80800591E814269
:101340004BD2604650F818EFDEF804509D422CD284
:10135000DEF80010C1B174464D689D4218D20E6887
:10136000B6B175689D4217D23068A8B145689D42F4
:1013700016D20468A4B165689D4215D22168A646BC
:101380000029E9D111E000BF0CF118000DE000BF09
:101390008E46204609E000BFB646084605E000BF7D
:1013A0008646304601E000BFA646964514D0026846
:1013B000DEF80040E91A112904604FD30EEB030553
:1013C000680719D04FF0500080F31188BFF36F8F7A
:1013D000BFF34F8FFEE700BF002502F01BFB68073D
:1013E0005CD04FF0500080F31188BFF36F8FBFF3D4
:1013F0004F8F00BFFEE700BF0CF118006960CEF808
:10140000043000BF0168A9420AD20868A8420BD282
:101410000168A94204D208680B46A842F2D304E04E
:101420000346084601E000BF0B465C6869681E1968
:10143000AE4202D121441D4659606C18844201D04D
:10144000044607E0DCF80440A04203D0D0E90040A5
:1014500008446860AB422C6018BF1D60DEF80400D1
:10146000DCE9021302F10805091A9942CCF80810C8
:1014700038BFCCF80C109CF8001000294FF0000188
:1014800018BF40F00040CEE90010DCF81000013039
:10149000CCF8100002F0BEFA6807A2D1284670BD51
:1014A000034640F6896021F00101C0F601004FF0CB
:1014B000807C03E903106FF00201A3F1440043E9CB
:1014C0000912704740F2BC31C2F2000101F116006E
:1014D0003A312422F8F78EB870B50D46044600F074
:1014E0002FFA40F26426C2F200063068C06C90B950
:1014F0003068012180F850106DB12846FFF726FBB7
:101500004EF60450CEF200004FF080510160BFF360
:101510004F8FBFF36F8F00F037FA00F011FA306889
:10152000C56C2DB131680020002C08BF681EC8644E
:101530003068002180F8501000F026FA284670BD6F
:1015400086B040F2D84A40F2F24842F6586B42F276
:10155000F446C2F2000AC2F20008C2F2000B4FF0D9
:101560000009C2F200060EE0D8F80670584640F2B4
:101570000331002200230097EFF732FA8AF8009037
:101580000A2000F029FB9AF800000228ECD001287C
:10159000F6D130887188030A0C0AC0B23279B57965
:1015A000C9B2CDE9000402A8777986C058464FF445
:1015B000417101220595EFF741FA022000F00CFB82
:1015C000307AF379717AB27A357B747BF77A8DE869
:1015D000870058464FF44171022204950594EFF7B5
:1015E0002DFA022000F0F8FAF07BB37B317C727C9C
:1015F000F57C347DB77C8DE8870058464FF4417107
:10160000032204950594EFF719FA022000F0E4FA9A
:10161000B07D737DF17D327EB57EF47E777E8DE880
:10162000870058464FF44171042204950594EFF762
:1016300005FA022000F0D0FA707F337FB17FF27F8D
:1016400096F8215096F820708DE8870058464FF4A0
:10165000417105220495CDF81490EFF7EFF90220BF
:1016600000F0BAFA8AE7000010B543F69003C2F220
:101670000003D3F800C0DCF8143043F04003CCF88A
:101680001430DCF8143043F08003CCF81430DCF86C
:101690000C3043F01003CCF80C3042F67073C2F2F9
:1016A00000031C68D4F800C02CF0010313E000BF55
:1016B000236823F0010323602368DB071FBF23682F
:1016C00023F001032360236818BF5FEAC3730FD0C0
:1016D000236823F0010323602368DB071FBF23680F
:1016E00023F001032360236818BF5FEAC373DFD1CF
:1016F00046F20C4EC4F2020E0EF14C039C4211D87D
:1017000046F2080EC4F2020E0EF1B0039C4203D959
:101710000EF5806E06E000BF0EF150039C4288BFBC
:101720000EF1040E41F2040CC4F2010C4FF40063FC
:10173000CEF80030C4F808C0E06021616260206823
:1017400040F480202060206840F00100206042F6D4
:10175000D070C2F200000068016821F00101016050
:101760000168C90716D0016821F001010160016814
:10177000C9071FBF016821F001010160016818BF9E
:101780005FEAC17106D0016821F0010101600168C2
:10179000C907E1D1C0F808C010BD0000EFF7E4B9F7
:1017A00049F60850C2F200000021A0F8401080F86D
:1017B0004210F7F72FBB0000FEF7B4F9142040F2F7
:1017C0004B31FEF73BFA0A2000F006FAF7F710FD5E
:1017D000FEF7B0F9012000F0FFF9F7E70169D0E961
:1017E0000132D1F804C09A608445536008BF4A6052
:1017F000002202610868013808600868704700002C
:1018000020B940F26420C2F200000068016B087841
:10181000A5281CBF00207047022000BF0A1812F83C
:10182000013CA52B0ED10B5CA52B0CD15378A52B1D
:101830000CD192780430A52AF0D00238C0F38F0082
:10184000704700BF0138C0F38F0070470130C0F30C
:101850008F00704749F69073C2F20003036049F6A7
:101860009050C2F2000008608020106070470000B5
:101870004AF22443C2F2000303604AF22400C2F297
:10188000000008604FF48070106070474FF0FF3127
:10189000024642F8081F00214260C0E903220160AD
:1018A00070470000002101617047000010B5D1F8B9
:1018B00000C01CF1010213D000F108046268136833
:1018C000634511D853681C68644511D85A68146878
:1018D00064450FD854682368A6466345EED90BE0EB
:1018E0000269D2F804E007E09646224604E000BF11
:1018F0009E4601E096461A46C1F804E0CEF808106C
:101900008A605160086101680131016010BD00000A
:10191000D0F800C0436808619A68C1E9013251609B
:1019200099600CF10101016070470000DFF80C00C4
:10193000016841F4700101607047000088ED00E02B
:101940004FF0500080F31188BFF36F8FBFF34F8FBC
:1019500040F2D810C2F2000001684A1C026009B1CE
:10196000704700BF4EF60450CEF20000006800063B
:1019700008BF70474FF0500080F31188BFF36F8F9E
:10198000BFF34F8FFEE7000040F2D810C2F2000014
:10199000016839B10139016018BF7047002080F338
:1019A000118870474FF0500080F31188BFF36F8F9C
:1019B000BFF34F8FFEE7000070B5002808BF70BD71
:1019C00040F21834C2F20004217850F8042C0029A7
:1019D00018BF4FF0004111420ED0A0F108052B684E
:1019E000A3B14FF0500080F31188BFF36F8FBFF3A6
:1019F0004F8F00BFFEE700BF4FF0500080F311880B
:101A0000BFF36F8FBFF34F8FFEE700BF22EA0101E4
:101A100040F8041C064600F089FA56F8040CA16848
:101A20000144A16004F118010B68AB420AD21968A5
:101A3000A94213D20B68AB4204D219681A46A942D4
:101A4000F2D301E00A4619465368D618AE420AD0CE
:101A50002B188B420DD00B4612E000BF1A4653687C
:101A6000D618AE42F4D11844154650602B188B425C
:101A7000F1D16368994203D0D1E90031084468602C
:101A8000AA422B6018BF1560606901306061BDE833
:101A9000704001F0BFBF00004EF21000CEF2000017
:101AA00000210160816040F2B401C2F200010968C6
:101AB00044F6D352C1F26202A1FB02124FF0FF3191
:101AC00001EB9211416007210160704740F238300C
:101AD000EFF305811029C2F2000011D34EF2F0326B
:101AE000CEF20002895C0278914209D24FF0500098
:101AF00080F31188BFF36F8FBFF34F8FFEE700BFF6
:101B00004EF60C51CEF200010968406801F4E06124
:101B1000814298BF70474FF0500080F31188BFF3A7
:101B20006F8FBFF34F8F00BFFEE7000049F6E47CE4
:101B3000C2F2000CDCF8003003B3634653F8082F00
:101B4000EAB1634653F8102FCAB1634653F8182F11
:101B5000AAB1634653F8202F8AB1634653F8282F61
:101B60006AB1634653F8302F4AB15CF8382F002A27
:101B7000634608BFC3E90010704700BF6346C3E96E
:101B80000010704770B515460E460446FFF7D8FEA4
:101B900094F84400FF2804BF002084F8440094F81F
:101BA0004500FF2804BF002084F84500FFF7ECFE45
:101BB000A06B28B12046BDE87040FFF743BB00BFD3
:101BC00004F1240031462A4600F0ECF82046BDE836
:101BD0007040FFF737BB000070B5002843D040F2DB
:101BE0006424C2F20004A16951B14FF0500080F3A7
:101BF0001188BFF36F8FBFF34F8F00BFFEE700BFA9
:101C00000546A06900210130A061E669206880F8DE
:101C1000521020680430FFF7E1FD48B12068AD198B
:101C2000456012D3606A21680431FFF73FFE15E07A
:101C300020680121C06A626801FA00F022EA00000F
:101C400060602068AD194560ECD2206A21680431DB
:101C5000FFF72CFEE06A854238BFE56201F0DAFE4C
:101C6000002818BF70BD4EF60450CEF200004FF0B1
:101C700080510160BFF34F8FBFF36F8F70BD0000C5
:101C800040F26421C2F200018A6B0260C9694160BE
:101C90007047000040F26420C2F20000012101639D
:101CA000704700002DE9F04120B304460F46FFF7CE
:101CB0000DFFEFF311864FF0500080F31188BFF352
:101CC0006F8FBFF34F8F022194F8500084F85010AB
:101CD000E16C012801F10101E16442D1A06A98B1EF
:101CE0004FF0500080F31188BFF36F8FBFF34F8F19
:101CF000FEE700BF4FF0500080F31188BFF36F8FF5
:101D0000BFF34F8FFEE700BF40F26425C2F200052B
:101D1000A86928B104F1180105F1640014E000BFBE
:101D200004F104084046FFF759FDE06A01216A68A2
:101D300081401143696043F66C3100EB8000C2F2D0
:101D4000000101EB80004146FFF7E2FDE06A2968EF
:101D5000C96A884205D9002F1CBF012038600120C4
:101D6000286386F31188BDE8F081000080B110B5CA
:101D70000C4640F26421C2F2000109681831FFF7F5
:101D800095FD20460121BDE81040FEF7DFBE00BFF3
:101D90004FF0500080F31188BFF36F8FBFF34F8F68
:101DA000FEE7000070B588B140F26426C2F200067A
:101DB0000C46316815461831FFF7AAFD85B14FF082
:101DC000FF302946BDE87040FEF7C0BE4FF050001E
:101DD00080F31188BFF36F8FBFF34F8FFEE700BF13
:101DE000F5693068002180F8521030680430FFF740
:101DF000F5FC58B130686419446014D3706A3168D6
:101E00000431BDE87040FFF751BD00BF30680121CB
:101E1000C06A726801FA00F022EA0000706030685F
:101E200064194460EAD2306A31680431FFF73EFD3C
:101E3000F06A844238BFF46270BD000010B588B00B
:101E40000020CDE9050006A805A904AAFFF702FDB8
:101E5000059800283ED0069C002C45D05421049AB9
:101E600007910799542949D107992063022084F8E2
:101E7000510007A80021CDE9001040F6D140C0F67E
:101E8000010028A100230294FEF766FF2046FEF71A
:101E9000A1FE079840F26424C2F20004A062B0B12F
:101EA00001F02EFE411C33D0012810D14FF050001C
:101EB00080F31188BFF36F8FBFF34F8F4FF0FF3068
:101EC000E062012060610020E06100F07DF808B070
:101ED00010BD00BF4FF0500080F31188BFF36F8F2B
:101EE000BFF34F8FFEE700BF4FF0500080F3118823
:101EF000BFF36F8FBFF34F8FFEE700BF4FF050006F
:101F000080F31188BFF36F8FBFF34F8FFEE700BFE1
:101F10004FF0500080F31188BFF36F8FBFF34F8FE6
:101F2000FEE700BF49444C450000000040F2642039
:101F3000C2F20000816901318161704740F2642082
:101F4000C2F20000816900291EBF012101637047B0
:101F5000002101634168B1FA81F1C9B2C1F11F01E9
:101F600043F66C3201EB8101C2F2000252F82130DB
:101F700063B102EB8102516802F10803496899429A
:101F800051600DD0C9680160704700BF4FF050002C
:101F900080F31188BFF36F8FBFF34F8FFEE700BF51
:101FA00049685160C9680160704700000022C0E9BB
:101FB0000622C0E90022C0E90222027480ED050A6F
:101FC00080F8201070470000B0B584B04EF2004C8D
:101FD000CEF2000C4CF27021C4F20F11DCF8002993
:101FE0004B1C9A420AD14FF0500080F31188BFF386
:101FF0006F8FBFF34F8F00BFFEE700BFDCF80029F3
:102000008A4209D14FF0500080F31188BFF36F8FDF
:10201000BFF34F8FFEE700BF9CF800100291FF2135
:102020008CF800109CF800108DF807109DF8071030
:1020300001F0500240F23831C2F200010A7007226A
:102040004A609DF90720B2F1FF3F6BDC032200BF1D
:10205000D31C4B609DF8070040008DF807009DF9E8
:102060000700B0F1FF3F24DC931C4B609DF8070094
:1020700040008DF807009DF90700B0F1FF3F18DC24
:10208000531C4B609DF8070040008DF807009DF938
:102090000700B0F1FF3F0CDC4A609DF80700043AEE
:1020A00040008DF807009DF90700B0F1FF3FCFDD3C
:1020B000131D032B36D14FF44070486002988CF802
:1020C0000000DCF8200940F47000CCF82009DCF8AE
:1020D000200940F07040CCF82009FFF7DDFC40F209
:1020E000D814C2F2000400252560FFF71FFC4EF64D
:1020F0003470CEF20000016841F040410160FEF70B
:10210000AFFEFFF71BFF039520684FF0500181F3EE
:102110001188BFF36F8FBFF34F8F013012D000BF14
:10212000FEE700BF4FF0500080F31188BFF36F8FC0
:10213000BFF34F8FFEE700BF039830B9039820B973
:10214000039810B903980028F6D0002004B0B0BD61
:1021500010B582B060B1ABB1F1B9EAB14FF0500047
:1021600080F31188BFF36F8FBFF34F8FFEE700BF7F
:102170004FF0500080F31188BFF36F8FBFF34F8F84
:10218000FEE700BF4FF0500080F31188BFF36F8F60
:10219000BFF34F8FFEE700BF51B14AB94FF0500077
:1021A00080F31188BFF36F8FBFF34F8FFEE700BF3F
:1021B00048240194019C482C2CD1019C012483F8D3
:1021C0004640002908BF1A461A60C3E90F011C46A1
:1021D000FFF7B6FB2068D4E90F12002302FB010CC5
:1021E000013901FB0201A363C4E9010CFF20E16096
:1021F00084F8440084F8450004F11000FFF746FB22
:1022000004F12400FFF742FBFFF7BEFB204602B0BB
:1022100010BD00BF4FF0500080F31188BFF36F8FE7
:10222000BFF34F8FFEE700002DE9F04F83B002921D
:10223000C0B11D460446F9B1022D02D1E06B012860
:102240005CD116460F4601F0B9FA18BB16B34FF031
:10225000500080F31188BFF36F8FBFF34F8F00BF23
:10226000FEE700BF4FF0500080F31188BFF36F8F7F
:10227000BFF34F8FFEE700BF206C0028DCD04FF08B
:10228000500080F31188BFF36F8FBFF34F8F00BFF3
:10229000FEE700BFFFF754FBA06B022D65D0E16B9A
:1022A000884262D30298002800F018816846FFF740
:1022B000E7FCFFF769FBFFF739FEFFF741FB94F8F6
:1022C0004400FF2804BF002084F8440094F845002F
:1022D000FF2804BF002084F84500FFF755FB68463F
:1022E00002A900F021FA98B12046FEF7ABFF01F0F9
:1022F00091FB002003B0BDE8F08F00BF4FF050000D
:1023000080F31188BFF36F8FBFF34F8FFEE700BFDD
:1023100004F11008FFF714FBD4F83890E66BFFF7D0
:1023200033FBB14516D102994046FFF71FFD204609
:10233000FEF788FF01F06EFB88B94EF60450CEF22E
:1023400000004FF080510160BFF34F8FBFF36F8FDC
:1023500005E000BF2046FEF775FF01F05BFBFFF7CD
:10236000EFFAA06BE16B884266D2A66B226CDAB101
:1023700039462DB3E068EEF744F8E168206C226836
:10238000091A9142E16003D2A16840420844E0602A
:10239000A81EB0FA80F040093146002E18BF012176
:1023A0000840361A18E000BF2068A8B9A06801F0FC
:1023B0009FFA0021B0FA80F0A16040090DE000BF53
:1023C0006068EEF71EF8D4E90101226C10448842DF
:1023D000606001D3206860600120711CA16354F823
:1023E000241FA9B1204601F0DBFA50B14EF604508B
:1023F000CEF200004FF080510160BFF34F8FBFF36A
:102400006F8FFFF7C1FA012003B0BDE8F08F00BF66
:102410000028F6D14EF60450CEF200004FF0805165
:102420000160BFF34F8FBFF36F8FFFF7ADFA01204D
:1024300003B0BDE8F08F00BFE94602AE0CE000BF7C
:102440002046FEF7FFFE01F0E5FAFFF779FAA06BF0
:10245000E16B8842FFF489AF029800283ED0FFF775
:1024600093FAFFF763FDFFF76BFA94F84400FF2837
:1024700004BF002084F8440094F84500FF2804BFFE
:10248000002084F84500FFF77FFA4846314600F007
:102490004BF900287FF428AFFFF752FAD4F838A0A0
:1024A000D4F83CB0FFF770FADA45C9D1029940463A
:1024B000FFF75CFC2046FEF7C5FE01F0ABFA0028F2
:1024C000C3D14EF60450CEF200004FF080510160AF
:1024D000BFF34F8FBFF36F8FB7E700BFFFF754FA1B
:1024E000002003B0BDE8F08F2DE9F04F83B00292D9
:1024F00090B115460446002948D00E4601F05EF919
:10250000A0B99DB14FF0500080F31188BFF36F8FD9
:10251000BFF34F8FFEE700BF4FF0500080F31188EC
:10252000BFF36F8FBFF34F8FFEE700BFFFF708FACF
:10253000D4F838A0BAF1000F36D0226C52B1D4E9E9
:10254000023130461144E160994224BF2168E160C4
:10255000EDF757FFAAF10100A06354F8100F70B116
:10256000204601F01DFA50B14EF60450CEF20000A4
:102570004FF080510160BFF34F8FBFF36F8F012485
:10258000FFF702FA204603B0BDE8F08F206C002868
:10259000B3D04FF0500080F31188BFF36F8FBFF3BB
:1025A0004F8F00BFFEE700BF0298002800F0B48004
:1025B0006846FFF765FBFFF7E7F9FFF7B7FCFFF7A2
:1025C000BFF994F8440004F12408FF2804BF002058
:1025D00084F8440094F84500FF2804BF002084F8E4
:1025E0004500FFF7D1F9684602A900F09DF878B1DF
:1025F0002046FEF727FE01F00DFAFFF7A1F9A56BC3
:10260000FFF7C2F92DBB0024204603B0BDE8F08FD0
:10261000FFF796F9A56BFFF7B7F92DB12046FEF746
:1026200011FE01F0F7F914E002994046FFF79EFB16
:102630002046FEF707FE01F0EDF950B94EF60450C2
:10264000CEF200004FF080510160BFF34F8FBFF317
:102650006F8FFFF775F9D4F838A0BAF1000F7FF447
:102660006CAF4FF00009EB4602AF13E02046FEF7D7
:10267000E9FD01F0CFF9FFF763F9A56BFFF784F9E6
:10268000002DC0D0FFF75CF9D4F838A0BAF1000FE4
:102690007FF453AF029800283ED0FFF775F9FFF79B
:1026A00045FCFFF74DF994F84400FF2808BF84F873
:1026B000449094F84500FF2808BF84F84590FFF740
:1026C00063F95846394600F02FF80028CED1FFF7BD
:1026D00037F9A56BFFF758F935B12046FEF7B2FD83
:1026E00001F098F9CEE700BF02994046FFF73EFBA4
:1026F0002046FEF7A7FD01F08DF90028C2D14EF665
:102700000450CEF200004FF080510160BFF34F8FB4
:10271000BFF36F8FB6E700BF0024FFF735F92046FF
:1027200003B0BDE8F08F0000C0B109B3B0B50446F6
:102730000D46FFF705F940F26420C2F20000C269BD
:102740006368016891F85210E1B10068002180F8D7
:1027500052100124FFF718F92046B0BD4FF0500089
:1027600080F31188BFF36F8FBFF34F8FFEE700BF79
:102770004FF0500080F31188BFF36F8FBFF34F8F7E
:10278000FEE700BF2968AC464D1C10D0D0F838E0F9
:102790002568AE4501D09A42DBD2D21A91420BD9BC
:1027A000891ACCF80010816B2160C0696060002438
:1027B000FFF7EAF82046B0BD0020CCF80000012465
:1027C000FFF7E2F82046B0BD2DE9F04184B007469E
:1027D0009000984615460E46FEF76EFDF8B1044689
:1027E0005420FEF769FDB8B1DDE90A210023046336
:1027F00080F85130CDE900210446384631462A465A
:1028000043460294FEF7A8FA2046FEF7E3F90120BA
:1028100004B0BDE8F08100BF2046FFF7CDF84FF0CF
:10282000FF3004B0BDE8F08170B586B00B9CCCB130
:102830000C9E0EB354250495049D542D26D1049D61
:10284000DDF828C0022586F8515005AD3463CDE986
:1028500000C50296FEF780FA3046FEF7BBF90598F0
:1028600006B070BD4FF0500080F31188BFF36F8F3A
:10287000BFF34F8FFEE700BF4FF0500080F3118889
:10288000BFF36F8FBFF34F8FFEE700BF4FF05000D5
:1028900080F31188BFF36F8FBFF34F8FFEE7000007
:1028A0002DE9F04381B08146EDF78CFD102809D366
:1028B0004FF0500080F31188BFF36F8FBFF34F8F3D
:1028C000FEE700BF40F2642CC2F2000CDCF81800F6
:1028D00043F66C380130CCF81800C2F20008D8F882
:1028E0007800002800F0A780D8F87C1008F1800359
:1028F0004A68D8F884009A4208BF0246D16800BFEF
:1029000052689A4208BF0246C8F87C20D56899F8F8
:10291000006095F83470B74240F08680002F2C4656
:1029200000F0838095F8357099F80160B7427BD14B
:10293000002F2C4679D095F8367099F80260B7428E
:1029400072D1002F2C4670D095F8377099F803603B
:10295000B74269D1002F2C4667D095F8387099F8A6
:102960000460B74260D1002F2C465ED095F83970D4
:1029700099F80560B74257D1002F2C4655D095F8ED
:102980003A7099F80660B7424ED1002F2C464CD0D1
:1029900095F83B7099F80760B74245D1002F2C4657
:1029A00043D095F83C7099F80860B7423CD12C466A
:1029B000DFB395F83D7099F80960B74234D12C46E1
:1029C0009FB395F83E7099F80A60B7422CD12C4617
:1029D0005FB395F83F7099F80B60B74224D12C464D
:1029E0001FB395F8407099F80C60B7421CD12C4683
:1029F000DFB195F8417099F80D60B74214D12C46BB
:102A00009FB195F8427099F80E60B7420CD12C46F0
:102A10005FB195F8437099F80F60B74204D12C4626
:102A2000002F18BF002400E00024002C40F0BF86D7
:102A30008D427FF465AFD8F86400002800F0A780CD
:102A4000D8F8681008F16C034A68D8F870009A4208
:102A500008BF0246D16800BF52689A4208BF0246CA
:102A6000C8F86820D76899F8005097F83460AE42EB
:102A700040F08680002E3C4600F0838097F8356059
:102A800099F80150AE427BD1002E3C4679D097F8A0
:102A9000366099F80250AE4272D1002E3C4670D09A
:102AA00097F8376099F80350AE4269D1002E3C4642
:102AB00067D097F8386099F80450AE4260D1002E84
:102AC0003C465ED097F8396099F80550AE4257D130
:102AD000002E3C4655D097F83A6099F80650AE4221
:102AE0004ED1002E3C464CD097F83B6099F80750E9
:102AF000AE4245D1002E3C4643D097F83C6099F851
:102B00000850AE423CD13C46DEB397F83D6099F8A0
:102B10000950AE4234D13C469EB397F83E6099F8D6
:102B20000A50AE422CD13C465EB397F83F6099F80C
:102B30000B50AE4224D13C461EB397F8406099F842
:102B40000C50AE421CD13C46DEB197F8416099F87A
:102B50000D50AE4214D13C469EB197F8426099F8B0
:102B60000E50AE420CD13C465EB197F8436099F8E6
:102B70000F50AE4204D13C46002E18BF002400E0A6
:102B80000024002C40F013868F427FF465AFD8F804
:102B90005000002800F0A780D8F8541008F158031E
:102BA0004A68D8F85C009A4208BF0246D16800BF64
:102BB00052689A4208BF0246C8F85420D66899F86D
:102BC000005096F83470AF4240F08680002F3446B3
:102BD00000F0838096F8357099F80150AF427BD1B0
:102BE000002F344679D096F8367099F80250AF42EB
:102BF00072D1002F344670D096F8377099F8035090
:102C0000AF4269D1002F344667D096F8387099F8F2
:102C10000450AF4260D1002F34465ED096F8397030
:102C200099F80550AF4257D1002F344655D096F849
:102C30003A7099F80650AF424ED1002F34464CD02E
:102C400096F83B7099F80750AF4245D1002F3446B3
:102C500043D096F83C7099F80850AF423CD13446C6
:102C6000DFB396F83D7099F80950AF4234D134463D
:102C70009FB396F83E7099F80A50AF422CD1344673
:102C80005FB396F83F7099F80B50AF4224D13446A9
:102C90001FB396F8407099F80C50AF421CD13446DF
:102CA000DFB196F8417099F80D50AF4214D1344617
:102CB0009FB196F8427099F80E50AF420CD134464D
:102CC0005FB196F8437099F80F50AF4204D1344683
:102CD000002F18BF002400E00024002C40F067857E
:102CE0008E427FF465AFD8F83C00002800F0A78042
:102CF000D8F8401008F144034A68D8F848009A42CE
:102D000008BF0246D16800BF52689A4208BF024617
:102D1000C8F84020D76899F8005097F83460AE4260
:102D200040F08680002E3C4600F0838097F83560A6
:102D300099F80150AE427BD1002E3C4679D097F8ED
:102D4000366099F80250AE4272D1002E3C4670D0E7
:102D500097F8376099F80350AE4269D1002E3C468F
:102D600067D097F8386099F80450AE4260D1002ED1
:102D70003C465ED097F8396099F80550AE4257D17D
:102D8000002E3C4655D097F83A6099F80650AE426E
:102D90004ED1002E3C464CD097F83B6099F8075036
:102DA000AE4245D1002E3C4643D097F83C6099F89E
:102DB0000850AE423CD13C46DEB397F83D6099F8EE
:102DC0000950AE4234D13C469EB397F83E6099F824
:102DD0000A50AE422CD13C465EB397F83F6099F85A
:102DE0000B50AE4224D13C461EB397F8406099F890
:102DF0000C50AE421CD13C46DEB197F8416099F8C8
:102E00000D50AE4214D13C469EB197F8426099F8FD
:102E10000E50AE420CD13C465EB197F8436099F833
:102E20000F50AE4204D13C46002E18BF002400E0F3
:102E30000024002C40F0BB848F427FF465AFD8F8AB
:102E40002800002800F0A780D8F82C1008F13003E3
:102E50004A68D8F834009A4208BF0246D16800BFD9
:102E600052689A4208BF0246C8F82C20D76899F8E1
:102E7000005097F83460AE4240F08680002E3C4609
:102E800000F0838097F8356099F80150AE427BD10D
:102E9000002E3C4679D097F8366099F80250AE4241
:102EA00072D1002E3C4670D097F8376099F80350E5
:102EB000AE4269D1002E3C4667D097F8386099F849
:102EC0000450AE4260D1002E3C465ED097F8396087
:102ED00099F80550AE4257D1002E3C4655D097F890
:102EE0003A6099F80650AE424ED1002E3C464CD086
:102EF00097F83B6099F80750AE4245D1002E3C460A
:102F000043D097F83C6099F80850AE423CD13C461B
:102F1000DEB397F83D6099F80950AE4234D13C4693
:102F20009EB397F83E6099F80A50AE422CD13C46C9
:102F30005EB397F83F6099F80B50AE4224D13C46FF
:102F40001EB397F8406099F80C50AE421CD13C4635
:102F5000DEB197F8416099F80D50AE4214D13C466D
:102F60009EB197F8426099F80E50AE420CD13C46A3
:102F70005EB197F8436099F80F50AE4204D13C46D9
:102F8000002E18BF002400E00024002C40F00F8425
:102F90008F427FF465AFD8F81400002800F0A780B6
:102FA000D8F8181008F11C034A68D8F820009A4293
:102FB00008BF0246D16800BF52689A4208BF024665
:102FC000C8F81820D76899F8005097F83460AE42D6
:102FD00040F08680002E3C4600F0838097F83560F4
:102FE00099F80150AE427BD1002E3C4679D097F83B
:102FF000366099F80250AE4272D1002E3C4670D035
:1030000097F8376099F80350AE4269D1002E3C46DC
:1030100067D097F8386099F80450AE4260D1002E1E
:103020003C465ED097F8396099F80550AE4257D1CA
:10303000002E3C4655D097F83A6099F80650AE42BB
:103040004ED1002E3C464CD097F83B6099F8075083
:10305000AE4245D1002E3C4643D097F83C6099F8EB
:103060000850AE423CD13C46DEB397F83D6099F83B
:103070000950AE4234D13C469EB397F83E6099F871
:103080000A50AE422CD13C465EB397F83F6099F8A7
:103090000B50AE4224D13C461EB397F8406099F8DD
:1030A0000C50AE421CD13C46DEB197F8416099F815
:1030B0000D50AE4214D13C469EB197F8426099F84B
:1030C0000E50AE420CD13C465EB197F8436099F881
:1030D0000F50AE4204D13C46002E18BF002400E041
:1030E0000024002C40F063838F427FF465AFD8F852
:1030F0000000002800F0B180D8F8040008F10803AF
:103100004068D8F80C20984208BF1046D0F80CE070
:103110004068984208BF1046C168C8F8040091F89A
:10312000344099F80050AC4240F09080002C0C469E
:1031300000F08D8091F8354099F80150AC4240F094
:103140008580002C0C4600F0828091F8364099F87A
:103150000250AC427AD1002C0C4678D091F837401E
:1031600099F80350AC4271D1002C0C466FD091F805
:10317000384099F80450AC4268D1002C0C4666D017
:1031800091F8394099F80550AC425FD1002C0C46BB
:103190005DD091F83A4099F80650AC4256D1002CD7
:1031A0000C4654D091F83B4099F80750AC424DD1B1
:1031B000002C0C464BD091F83C4099F80850AC429A
:1031C00044D1002C0C4642D091F83D4099F809506A
:1031D000AC423BD1002C0C4639D091F83E4099F8D6
:1031E0000A50AC4232D1002C0C4630D091F83F400E
:1031F00099F80B50AC4229D1002C0C4627D091F8FD
:10320000404099F80C50AC4220D1002C0C461ED006
:1032100091F8414099F80D50AC4217D1002C0C4662
:1032200015D091F8424099F80E50AC420ED1002CC6
:103230000C460CD091F8434099F80F50AC4205D1A0
:10324000002C0C4618BF002401E000BF0024002C15
:1032500040F0AD8271457FF45BAFDCF82010086868
:10326000002800F0A480486801F1080342689A42EF
:1032700008BF5268D06800BF52689A424A6001D1C4
:1032800052684A60D76899F8005097F83460AE42A7
:1032900040F08680002E3C4600F0838097F8356031
:1032A00099F80150AE427BD1002E3C4679D097F878
:1032B000366099F80250AE4272D1002E3C4670D072
:1032C00097F8376099F80350AE4269D1002E3C461A
:1032D00067D097F8386099F80450AE4260D1002E5C
:1032E0003C465ED097F8396099F80550AE4257D108
:1032F000002E3C4655D097F83A6099F80650AE42F9
:103300004ED1002E3C464CD097F83B6099F80750C0
:10331000AE4245D1002E3C4643D097F83C6099F828
:103320000850AE423CD13C46DEB397F83D6099F878
:103330000950AE4234D13C469EB397F83E6099F8AE
:103340000A50AE422CD13C465EB397F83F6099F8E4
:103350000B50AE4224D13C461EB397F8406099F81A
:103360000C50AE421CD13C46DEB197F8416099F852
:103370000D50AE4214D13C469EB197F8426099F888
:103380000E50AE420CD13C465EB197F8436099F8BE
:103390000F50AE4204D13C46002E18BF002400E07E
:1033A0000024002C40F0038287427FF465AFDCF8F4
:1033B00024100868002800F0A480486801F1080380
:1033C00042689A4208BF5268D06800BF52689A4269
:1033D0004A6001D152684A60D76899F8005097F85E
:1033E0003460AE4240F08680002E3C4600F0838080
:1033F00097F8356099F80150AE427BD1002E3C46DB
:1034000079D097F8366099F80250AE4272D1002E0A
:103410003C4670D097F8376099F80350AE4269D1B6
:10342000002E3C4667D097F8386099F80450AE42B9
:1034300060D1002E3C465ED097F8396099F805506F
:10344000AE4257D1002E3C4655D097F83A6099F8D5
:103450000650AE424ED1002E3C464CD097F83B6011
:1034600099F80750AE4245D1002E3C4643D097F81C
:103470003C6099F80850AE423CD13C46DEB397F828
:103480003D6099F80950AE4234D13C469EB397F85E
:103490003E6099F80A50AE422CD13C465EB397F894
:1034A0003F6099F80B50AE4224D13C461EB397F8CA
:1034B000406099F80C50AE421CD13C46DEB197F802
:1034C000416099F80D50AE4214D13C469EB197F838
:1034D000426099F80E50AE420CD13C465EB197F86E
:1034E000436099F80F50AE4204D13C46002E18BFFD
:1034F000002400E00024002C40F0598187427FF432
:1035000065AFDCF85000002800F0A780DCF854100C
:103510000CF158024968DCF85C00914208BF014692
:10352000CB684968914208BF0146CCF85410CF6877
:1035300099F8005097F83460AE4240F08780002E32
:103540003C4600F0848097F8356099F80150AE420F
:103550007CD1002E3C467AD097F8366099F802501C
:10356000AE4273D1002E3C4671D097F8376099F87F
:103570000350AE426AD1002E3C4668D097F83860BE
:1035800099F80450AE4261D1002E3C465FD097F8C6
:10359000396099F80550AE4258D1002E3C4656D0BD
:1035A00097F83A6099F80650AE424FD1002E3C464B
:1035B0004DD097F83B6099F80750AE4246D1002EA7
:1035C0003C4644D097F83C6099F80850AE423DD153
:1035D0003C46E6B397F83D6099F80950AE4235D1C4
:1035E0003C46A6B397F83E6099F80A50AE422DD1FA
:1035F0003C4666B397F83F6099F80B50AE4225D130
:103600003C4626B397F8406099F80C50AE421DD165
:103610003C46E6B197F8416099F80D50AE4215D19D
:103620003C46A6B197F8426099F80E50AE420DD1D3
:103630003C4666B197F8436099F80F50AE4205D109
:103640003C46002E18BF002401E000BF0024002CDF
:1036500040F0AD809F427FF464AFDCF83C00002472
:10366000002800F0A480DCF840100CF14402496806
:10367000DCF84800914208BF0146CB684968914296
:1036800008BF0146CCF84010CF6899F8005097F871
:103690003460AE4240F08680002E3C4600F08380CD
:1036A00097F8356099F80150AE427BD1002E3C4628
:1036B00079D097F8366099F80250AE4272D1002E58
:1036C0003C4670D097F8376099F80350AE4269D104
:1036D000002E3C4667D097F8386099F80450AE4207
:1036E00060D1002E3C465ED097F8396099F80550BD
:1036F000AE4257D1002E3C4655D097F83A6099F823
:103700000650AE424ED1002E3C464CD097F83B605E
:1037100099F80750AE4245D1002E3C4643D097F869
:103720003C6099F80850AE423CD13C46DEB397F875
:103730003D6099F80950AE4234D13C469EB397F8AB
:103740003E6099F80A50AE422CD13C465EB397F8E1
:103750003F6099F80B50AE4224D13C461EB397F817
:10376000406099F80C50AE421CD13C46DEB197F84F
:10377000416099F80D50AE4214D13C469EB197F885
:10378000426099F80E50AE420CD13C465EB197F8BB
:10379000436099F80F50AE4204D10024002E08BFB8
:1037A0003C4600E0002414B99F427FF467AF00F06C
:1037B00031F9204601B0BDE8F083000040F26420FA
:1037C000C2F20000416900290FBF01208069B0FAF0
:1037D00080F0400918BF40007047000040F26420AC
:1037E000C2F20000C06970472DE9F04740F264263C
:1037F000C2F20006B06928B1706B0130706300201E
:10380000BDE8F087F06910F1010AC6F81CA020D3CA
:10381000306A006850B14FF0500080F31188BFF358
:103820006F8FBFF34F8F00BFFEE700BF306A716A32
:1038300031627062B06B0130B063306A006828B1E9
:10384000306AC068C068406802E000BF4FF0FF30D7
:10385000F062F06A43F66C388245C2F2000801D289
:10386000002434E0306A0024006868B34FF0010996
:1038700016E000BFF86A716809FA00F2114300EB24
:103880008000716008EB80002946FEF741F8F86A75
:103890003168C96A326A8842106828BF4C4698B1BC
:1038A000306AC068C7683D4655F8040F82450DD39D
:1038B0002846FDF793FFB86A0028DBD007F118000F
:1038C000FDF78CFFD6E700BF4FF0FF30F0623068A5
:1038D000C06A00EB800058F82000012888BF01244E
:1038E000306B002818BF01242046BDE8F087000097
:1038F00070B588B140F26425C2F20005296888429B
:103900000CD04FF0500080F31188BFF36F8FBFF3DE
:103910004F8F00BFFEE700BF002070BD816CA9B3D0
:10392000013981644FF000012ED1C26A436C9A4282
:103930002AD0041D06462046FDF750FF002843F616
:103940006C303146C2F200000CD1CA6A02EB82032D
:1039500050F8233033B901236E6803FA02F226EAE5
:1039600002026A604A6CC2F10703CA628B610121DC
:103970006B6891401943696002EB820100EB8100A2
:103980002146FDF7C5FF0121084670BD4FF05000EC
:1039900080F31188BFF36F8FBFF34F8FFEE70000F6
:1039A00070B5C068C5686DB105F118042046FDF713
:1039B00015FF40F26426C2F20006B06960B106F15C
:1039C00064001BE04FF0500080F31188BFF36F8F4D
:1039D000BFF34F8FFEE700BF2C1D2046FDF7FEFE14
:1039E000E86A0121726881401143716043F66C31CD
:1039F00000EB8000C2F2000101EB80002146FDF7E0
:103A000087FFE86A3168C96A884292BF00200120B6
:103A1000306370BD2DE9F04140F26425C2F200052B
:103A2000A86968B1FDF78CFFA8690138A861A86989
:103A300080B10024FDF7A8FF2046BDE8F08100BF5B
:103A40004FF0500080F31188BFF36F8FBFF34F8F9B
:103A5000FEE700BF28690028EBD0686E78B343F614
:103A60006C380126C2F20008286FC76807F11800F9
:103A7000FDF7B4FE3C1D2046FDF7B0FEF86A69680C
:103A800006FA00F2114300EB8000696008EB800049
:103A90002146FDF73DFFF86A2968C96A884228BFB8
:103AA0002E63686E0028DFD1286A006820B1286A7A
:103AB000C068C068406801E04FF0FF30E8626C6B9E
:103AC0004CB10126FFF790FE002818BF2E63013C81
:103AD000F8D100206863286B0028AAD04EF6045065
:103AE000CEF200004FF080510160BFF34F8F0124F0
:103AF000BFF36F8FFDF748FF2046BDE8F08100005F
:103B000070B586B0FDF71CFF40F2DC26C2F200065D
:103B1000306808BB06F114042046FDF7B7FE06F135
:103B200028052846FDF7B2FE43F6842243F62433E7
:103B3000C6E902450025C2F20002C2F200030A20D3
:103B400010210095FEF704FB306028B146F61521E0
:103B5000C0F60101FDF7EAFFFDF716FF3068D8B1A6
:103B60000020CDE9040005A804A903AAFDF780FE02
:103B7000DDE903200221059DCDE9001040F6C96072
:103B8000C0F6010009A100230295FEF74DFE70600A
:103B900010B1012006B070BD4FF0500080F31188C5
:103BA000BFF36F8FBFF34F8FFEE700BF546D7220DE
:103BB00053766300F0EE400AF5EEC00AF1EE10FA1B
:103BC00002DDB0EE600A7047B1EE600AFBE700006C
:103BD00070B52DED0C8B84B006460C4615469FED56
:103BE000990AF0EE408A9FED970AB0EE409A9FED59
:103BF000950AF0EE40BA9FED930AF0EE409A9FEDE1
:103C0000910AB0EE40AA0EB104B11DB904B0BDECEA
:103C10000C8B70BD8C48ECF7EDFC8C48ECF7F0FC9D
:103C20008A48D0ED000A9FED8A1A60EE810AB0EE54
:103C3000600AECF7F5FCF0EE408A28EEA80AF0EEF8
:103C4000408A8248D0ED000AB0EE001A60EE810A88
:103C50009FED7F1A60EE810AB0EE600AECF7E0FC9F
:103C6000B0EE409A29EE090AB0EE409ADFED790AEB
:103C7000B7EE000A00EEA80ADFED770A00EEC90AE7
:103C8000DFED760A20EE200A754880ED000A6E48C6
:103C900090ED000ADFED730A80EE201AB7EE000AFD
:103CA00031EE000A20EE000A6D48D0ED000A80EEE9
:103CB000801A6D4880ED001A94ED000AB5EEC00A36
:103CC000F1EE10FA0DD194ED010AB5EEC00AF1EE55
:103CD00010FA06D194ED020AB5EEC00AF1EE10FA20
:103CE00046D09FED580AB0EE408A00200190029025
:103CF0000390D4ED000A60EEA00A94ED011AD4ED11
:103D0000011A41EE210A94ED021AD4ED021A41EE95
:103D1000210AB0EE600AECF77BFCB0EE408A94ED2D
:103D2000000A20EE080A8DED010A94ED010A20EE4A
:103D3000080A8DED020A94ED020A20EE080A8DEDC4
:103D4000030ADDED010AF1EE600AB0EE600AECF75D
:103D50004BFCF0EE409A9DED031AF0EE410A9DED0A
:103D6000021AB0EE410AECF741FCB0EE40AA07E0BF
:103D70009FED340AF0EE409A9FED320AB0EE40AA71
:103D800095ED000AB5EEC00AF1EE10FA0DD195EDF1
:103D9000010AB5EEC00AF1EE10FA06D195ED020A5D
:103DA000B5EEC00AF1EE10FA3CD0B0EE690AECF7BD
:103DB00037FCB0EE408AB0EE690AECF719FCB0EEC1
:103DC00040DAB0EE4A0AECF72BFCF0EE40AAB0EE77
:103DD0004A0AECF70DFCB0EE40BA28EE2A0AD5EDFF
:103DE000010A20EE200AD5ED000A0DEE200A68EE49
:103DF0000B0A95ED021A00EE810AB0EE40CA95ED6D
:103E0000010A20EE0B0AD5ED020A0AEEE00AF0EEF6
:103E100040CAF0EE6C0AB0EE4C0AECF7E7FBF0EEAD
:103E200040BA03E09FED070AF0EE40BAB0EE4A1A3E
:103E3000F0EE690AB0EE6B0A304600F0BBFF00BF3F
:103E4000E4E6000000000000000000200400002064
:103E500035FA8E3CC1BFAD3B9DF8C5362F7C1C4169
:103E600008000020506CC24A0C0000202DE9F041EF
:103E70002DED028B9AB00546B0EE408A0E461746ED
:103E8000984600201790189019901490159016904D
:103E90004DB146B13FB1B8F1000F04D0B5EEC08AC4
:103EA000F1EE10FA05D100201AB0BDEC028BBDE88E
:103EB000F08196ED000A8DED170A96ED010A8DED61
:103EC000180A96ED020A8DED190A97ED000A8DED9C
:103ED000140A97ED010A8DED150A97ED020A8DED92
:103EE000160A17AA14A9284600F0B6FD402104A816
:103EF000ECF706FB00200090019002900390002454
:103F000017A904A801F0E1F800BF30E004A800EB15
:103F1000041090ED000AD5ED000A20EE200A04A856
:103F200000EB0410D0ED010A95ED011A00EE810AB4
:103F300004A800EB0410D0ED020A95ED021A00EE81
:103F4000810A04A800EB0410D0ED030A95ED031AD2
:103F500000EE810A20EE080AF0EE000A80EE201A38
:103F6000684600EB840080ED001A601CC4B2042C8B
:103F7000CCDB002410E005EB840090ED000A6846DD
:103F800000EB8400D0ED000A30EE200A05EB84003F
:103F900080ED000A601CC4B2042CECDB284601F062
:103FA00033F8012080E74100080218BF04200A0E00
:103FB00018BF40F001004FF07F4232EA010108BF14
:103FC00040F00200012808BF0520704710B54FF0EF
:103FD0000E402DED028BB0EE408A18EE104A00EB39
:103FE0004400B0F1506F4AD84FF0FC40B0EB440FA2
:103FF00022D2B0EEC80AF7EE000A30EEC00AF6EEA2
:10400000000A60EE208A18EE900A01F03FF801EEF7
:10401000100A14F0004F1DBFDFED2D0A9FED2D0A91
:10402000B1EE411ADFED2C0A08BF9FED2C0AF8EE25
:10403000001A21EE218A05E0DFED290A68EE088AE0
:10404000B0EE600A9FED271ADFED271A30EE080A5E
:1040500048EE811A9FED251A08EEA11ADFED241A09
:1040600048EE811A9FED231A08EEA11A68EE281A6D
:10407000BDEC028B01EE810A30EE200A10BD4FF03C
:10408000E440B0EB440F0CD918EE100AFFF78BFF99
:10409000042808BF00F0D8FCB0EE480ABDEC028B43
:1040A00010BD4FF07F40B0EB440F07D2B0EE480A8E
:1040B000BDEC028BBDE8104000F0B0BC0120ECF775
:1040C0004EFABDEC028BBDE8104000F0ADBC000024
:1040D0000000C9BF22AAFDB90000C93F22AAFD39CC
:1040E0000000000024FE1C3DC78AD83C1E67383DF6
:1040F0001B93993DAFAA2A3E70B54FF068422DED53
:10410000048BF0EE408A18EE900AB0EE608A18EE4A
:10411000101A02EB4003B3F1654F3CBF02EB4102C2
:10412000B2F1654F7DD200BFC0F3C753C1F3C75290
:104130009A1A1B2A09DD10F0004F14BF9FED830A65
:104140009FED830ABDEC048B70BD12F11A0F36DAB5
:1041500011F0004F09D010F0004F0CBF9FED7D0A09
:104160009FED7D0ABDEC048B70BD88EE889A19EE38
:10417000100AFFF718FF042808BF00F065FC18EECE
:10418000900AFFF710FF054618EE100AFFF70BFF25
:10419000044619EE100AFFF706FF042D18BF052D7F
:1041A00008D1042C18BF052C04D1002804BF02201C
:1041B000ECF7D5F9B0EE490ABDEC048B70BD4200B6
:1041C000B2EB410F3AD910F0004F19BFDFED630A8F
:1041D0009FED630ADFED630A9FED630AB0EE481AB4
:1041E0000A46B1EE688A80F00041F0EE418A10463E
:1041F0000A1A5200B2F1807F34D2484010F0004FCA
:10420000DFED5A1A9FED5A2A1DBFBEEE001A70EE5E
:10421000E10A30EE420AB6EE001A08BF70EEA10ABB
:1042200000E040E008BF30EE020AB0EE682A01EE7E
:10423000482A08EE818AC2EE081A15E011F0004FF4
:1042400004BF9FED4C0AF0EE400AD1D010F0004FB1
:1042500019BFDFED490A9FED490ADFED490A9FEDDD
:10426000490AC5E7C8EE881A21EEA11A9FED462A31
:10427000DFED462A41EE022A9FED452A01EE222A71
:10428000DFED442A41EE022A9FED432ABDEC048B68
:1042900001EE222A21EE811A01EE020A30EE210AF5
:1042A00030EE200A70BD4FF07F42B2EB400F28BFC6
:1042B000B2EB410F09D2F0EE480AB0EE680ABDEC4D
:1042C000048BBDE8704000F0ACBB40EA01035B002A
:1042D00008BF41F0FF410BD0B2EB400F08BFB2EB7B
:1042E000410F08D120F0804008EE900A21F0804173
:1042F00008EE101A18E7B2EB400F12BF5FEA410355
:1043000040F0FF4001F000413FF40EAFB2EB410F2F
:1043100012BF5FEA400200F0004041F0FF413FF46D
:1043200003AF4A0092EA40033FF5FEAE002AACBF5D
:104330009FED1A0A9FED1A0A68EE808A28EE008A1D
:1043400018EE900A18EE101AEEE60000DB0FC9BF57
:10435000DB0FC93FDB0F4940DB0F49C00000C9BF7D
:1043600022AAFDB90000C93F22AAFD390060ED3E36
:10437000C30ACE3700000000000049C022AA7DBA5F
:104380000000494022AA7D3A2DAD65BD8FB8D53DCC
:104390000FB511BE61C84C3EA8AAAABE0000804F4E
:1043A0000000802F10B510EE100A2DED068BB7EE31
:1043B000001A10EE901AB0EE418A0022A0F5000C0F
:1043C000DFEDFE9A4FF00073BCF1FE4F4FF07F44DB
:1043D00003EB410C80F0B481BCF1804FC0F020822F
:1043E000F74901449FEDF73AB1F5005F40F2D482FE
:1043F00000F58021CB0C03F00F0101EE901AC3F3FE
:1044000007137F3BA0EBC350B8EEE12A00EE100A81
:104410001A44DFEDED2AF0EE411A42EE221AF0EED8
:10442000613A70EE232A30EE632A12EE900A00F50C
:1044300000606FF30B0001EE900A73EEE13A33EE89
:10444000804AC1EE223A22EE230A10EE100A00F54D
:1044500000606FF30B0000EE100A00EE612A00EE20
:10446000442A62EE232A70EE221A21EEA12ADFED01
:10447000D73A02EE233A23EE023A20EE012A22EE48
:10448000811A03EE211A32EE010A10EE100A00F52D
:1044900000606FF30B0000EE100A72EE401A31EE6E
:1044A000812A9FEDCB1A60EE011A9FEDCA1A20EE09
:1044B000011A9FEDC90A02EE001A31EE810A10EED0
:1044C000100A00F500606FF30B0000EE100AC348FD
:1044D00071EEC01A31EE812A784400EBC10090EDF4
:1044E000003AD0ED011A100101EE100AF8EEC12ACF
:1044F00032EE211A31EE001A31EE031A31EE221A91
:1045000011EE100A00F500606FF30B0009EE100ABF
:1045100039EE621A31EE431A31EE400A30EE610A8A
:1045200032EE40AA10EE900A002100F500606FF311
:104530000B0008EE900A084670EEE8AA4FF0000063
:1045400029EE280A00F00C01F0EEC00A10EE900AE5
:10455000B0F18B4F0DDD10EE900AB4EB400F08D395
:1045600010EE100A4FF08B4262F31E0008EE900A24
:1045700013E069EE2A0A38EEAA1A4AEE010A30EE72
:10458000201A11EE100A00F500606FF30B0008EE20
:10459000900A30EE680A70EE209A0C204FF000006E
:1045A00038EEA90AB5EEC00AF1EE10FA34BFFEEEFD
:1045B000000AF6EE000A30EE800ABDEEC00A10EEE8
:1045C000100A011100EE101AF8EEC00A00EE100AEF
:1045D000B8EEC00A38EEC00A30EE290ADFED801AC4
:1045E0009FED801A00EE211ADFED7F1A7F4900F05F
:1045F0000F0040EE011A21EE800A794401EB8001A0
:1046000091ED001A7A49794401EB8001D1ED001A4D
:10461000784901EE801A794401EB8000764990EDEB
:10462000000A31EE001AB0EEE00A10EE100A8842DD
:1046300015DA10EE100AB4EB400F10D39FED6F0A9D
:1046400030EE800ADFED6E0A20EE200A68EE010AE5
:10465000BDEC068BBCEEC00A20EE200A10BD10EEA9
:10466000100A6849884243DA10EE100AB4EB400F92
:104670003ED3BDEEE00A68EE010A10EE100A00EB30
:10468000D0725110C90501F17E5100EE101AA0EB55
:104690006200C00560EE200A00F17E5000EE100AB4
:1046A00060EE808A18EE900AB4EB400F0FD1022022
:1046B000EBF755FF00F0C0F910EE101A18EE100AD3
:1046C000BDEC068B61F31E0000EE100A10BD18EE63
:1046D000900A400011D018EE900AFFF764FC0428FD
:1046E00008BF00F0B1F9B0EE680ABDEC068B10BD52
:1046F000F5EEC00AF1EE10FA0FD20220EBF72FFF11
:1047000000F0A2F910EE101A18EE100ABDEC068B9C
:1047100061F31E0000EE100A10BD0220EBF71FFF30
:1047200000F08AF910EE101AB0EE480A10EE100AE6
:10473000BDEC068B61F31E0000EE100A10BD00BF39
:10474000BCF1804F6CD300BF00F1FF43B3F1FE4FCB
:1047500024D200BFB0EEC00A10EE100AC1F3C75356
:104760007F2B0DDB972BBFF63BAEC3F196034FF0CB
:10477000010C0CFA03F3A3F1010C1CEA010F08D0A1
:104780000120EBF7ECFEBDEC068BBDE8104000F01D
:104790004BB90B4218BFBFEE008A21E643001CBF95
:1047A0004FF08073B3EB400F34D96FF01A02DFED96
:1047B000161A20EE210A10EE100A27E00000000071
:1047C000001080C0ABAAAA3E0000803D7EE24C3EB5
:1047D00000B03842D49AB8BB3BAA3842C417000094
:1047E000FC596337C9FF753A1872313D62170000F2
:1047F00096170000061700000000FC420000FE4271
:104800000000004B000040430000004D10F0004F3E
:10481000A0D1E5E5A0F50003B3F1FE4F21D2DFE51D
:1048200003EB4103B3F1007F11D3F5EEC00AF1EEC3
:1048300010FA05D1430018BFB4EB400F76D883E7D8
:1048400001F0004141F0FC5100EE901A7CE7B3F119
:10485000807F06D210EE903AA3F5000300EE903A66
:1048600072E720F000426FF0FF4C604C02EB0C034B
:10487000A34210D321F000439C44A4450BD3B0F1D4
:104880007E5F18BF5FEA410C50D0B2F1FF4F98BF76
:10489000B3F1FF4F05D9BDEC068BBDE8104000F029
:1048A000C0B8B0F1FF4F0FD0C1F3C7527F2A09DB68
:1048B000972A11DAC2F19602012303FA02F2531E7B
:1048C0000B4205D0002208E011F0004F55D128E03E
:1048D0000A4218BF012200D1022210F5000F13D0A6
:1048E00028B3B0F1004F26D010F1814F4FD04FF0D8
:1048F000FE42B2EB400F94BF01200020012202EBE8
:10490000E171884239D10CE011F0004F02D0012A48
:1049100038D032E0012A02BF9FED350ABDEC068B8C
:1049200010BD9FED340ABDEC068B10BD2FE011F0D9
:10493000004F0CD121E0B1F1FF4F1ED011F5000F57
:1049400005D011F0004F15D00AB1012A08D002207D
:10495000EBF705FEBDEC068BBDE8104000F054B847
:104960000220EBF7FCFD00F04FF8BDEC068BB1EE3A
:10497000400A10BD0AB1012A04D0B0EE690ABDECAC
:10498000068B10BDBDEC068B9FED1B0A10BDBDEC68
:10499000068BB7EE000A10BD30EE410AB5EE001AE4
:1049A0009FED172A00EE413AB6EE001A60EE001AAB
:1049B00000EE431A61EEC11A9FED101A20EE011AA3
:1049C00020EE020A9FED0F2A01EE820A71EE001A14
:1049D00011EE900A00F500606FF30B0009EE100A6B
:1049E00031EE491A31EE00AA9CE50000FFFF3F00BE
:1049F000000080FF0000807F0000008000B0B84110
:104A0000D49A38BB3BAAB841DFED030AB7EE001ACF
:104A100081EE200A704700000000000030EE000A1E
:104A2000704730EE200A7047DFED020A80EEA00AE0
:104A300070470000000000009FED020A20EE000A0F
:104A400070470000000000709FED020A20EE000A8F
:104A5000704700000000001070B52DED028B8AB089
:104A600005460C4616460DB104B11EB90AB0BDECA0
:104A7000028B70BD94ED000AB5EEC00AF1EE10FA9B
:104A80000DD194ED010AB5EEC00AF1EE10FA06D18F
:104A900094ED020AB5EEC00AF1EE10FA7DD09FED5A
:104AA000600AB0EE408A00200790089009900490B8
:104AB000059006905B4A07CA01AB07C395ED010A52
:104AC000D5ED030A20EE200AD5ED000A95ED021A75
:104AD00000EEC10AF0EE000A20EE200A8DED070A72
:104AE00095ED000AD5ED010A20EE200AD5ED020A67
:104AF00095ED031A00EE810AF0EE000A20EE200A7E
:104B00008DED080A95ED000A20EE000AD5ED030AA6
:104B100095ED031A00EE810AF7EE000AB0EE001AD6
:104B200051EE000ACDED090A01AB22463146284676
:104B300000F07AF8D4ED000A60EEA00A94ED011AB4
:104B4000D4ED011A41EE210A94ED021AD4ED021AB5
:104B500041EE210AB0EE600AEBF75AFDB0EE408A52
:104B600094ED000A20EE080A84ED000A94ED010A93
:104B700020EE080A84ED010A94ED020A20EE080AEC
:104B800084ED020A94ED010ADDED090A20EE200A07
:104B9000D4ED020A9DED081A00E03EE000EEC10AE5
:104BA0008DED040A94ED020ADDED070A20EE200ADD
:104BB000D4ED000A9DED091A00EEC10A8DED050A3B
:104BC00094ED000ADDED080A20EE200AD4ED010A7A
:104BD0009DED071A00EEC10A8DED060A96ED000A5A
:104BE000DDED010A9DED041A00EE810A86ED000A52
:104BF00096ED010ADDED020A9DED051A00EE810A2F
:104C000086ED010A96ED020ADDED030A9DED061A16
:104C100000EE810A86ED020A00BF00BF26E7000011
:104C200000000000945C01082DE9F0412DED048B9B
:104C300007460D4614461E469FED580AB0EE409AB0
:104C40009FED560AB0EE408A9FED540AF0EE408A7E
:104C5000D4ED000A60EEA00A94ED011AD4ED011A19
:104C600041EE210A94ED021AD4ED021A41EE210A16
:104C7000B0EE600AEBF7CCFCF7EE000A80EE801A8B
:104C8000B0EE419AD5ED000AB0EE600AFEF792FF51
:104C9000F0EE409AD5ED010AB0EE600AFEF78AFF09
:104CA00079EE809AD5ED020AB0EE600AFEF782FF37
:104CB00039EE800AF0EE408A3948D0ED000A79EEEC
:104CC000600AB0EE600AFEF775FFB0EE408A9FED15
:104CD000350AB4EEC08AF1EE10FA06DC9FED320A16
:104CE000F4EEC08AF1EE10FA53DD9FED2C2AB0EEFF
:104CF000420A9FED2A2AF0EE421AB7EE002AF0EEA1
:104D0000420A9FED262AB0EE421AB5EEC08AF1EEB5
:104D100010FA05DD9FED232AC2EE082AB0EE620AE2
:104D20009FED222AB4EEC20AF1EE10FA03D29FEDF3
:104D30001B2AB0EE420AF5EEC08AF1EE10FA05DD4C
:104D40009FED192AC2EE282AF0EE621AB7EE002A69
:104D5000B4EEC20AF1EE10FA03D220EE802AF0EE91
:104D6000420AB7EE002AF4EEC21AF1EE10FA03D2AC
:104D700020EEA12AF0EE420A9FED0D2A20EE822AB3
:104D8000B0EE421A86ED001A86ED011A86ED021A7F
:104D900000BFBDEC048BBDE8F08100000000000006
:104DA0000C000020CDCCCC3D8FC2F53D9A99993EA8
:104DB000CDCC4C3E10B52DED048B86B00446B0EE44
:104DC000408AF0EE608AB0EE419A00200390049091
:104DD0000590009001900290B0EE000AC8EE000A23
:104DE000F0EE609AB0EE690AEBF702FC8DED030A73
:104DF000B0EE000AC8EE800AF0EE609AB0EE690AE2
:104E0000EBF7F6FB8DED040AB0EE000AC9EE000ADE
:104E1000F0EE609AB0EE690AEBF7EAFB8DED050A59
:104E2000B0EE000AC8EE000AF0EE609AB0EE690A31
:104E3000EBF7F6FB8DED000AB0EE000AC8EE800A33
:104E4000F0EE609AB0EE690AEBF7EAFB8DED010A2D
:104E5000B0EE000AC9EE000AF0EE609AB0EE690A00
:104E6000EBF7DEFB8DED020A9DED050ADDED040A90
:104E700020EE200ADDED030A20EE200ADDED020A15
:104E80009DED011A60EE810A9DED001A00EE810A87
:104E900084ED000A9DED020ADDED040A20EE200AF1
:104EA000DDED030A20EE200ADDED050A9DED011A75
:104EB00060EE810A9DED001A00EEC10A84ED010A40
:104EC0009DED050ADDED010A20EE200ADDED030A65
:104ED00020EE200ADDED020A9DED041A60EE810A43
:104EE0009DED001A00EE810A84ED020A9DED050A8F
:104EF000DDED040A20EE200ADDED000A20EE200A96
:104F0000DDED020A9DED011A60EE810A9DED031AA6
:104F100000EEC10A84ED030A06B0BDEC048B10BD9F
:104F20002DE9F04104460D4616461F4614B10DB159
:104F300006B10FB9BDE8F081D4ED010A94ED031A72
:104F400060EE810A94ED001AD4ED021A41EE610A76
:104F5000B8EE001A60EE810AB0EE600AEBF744FB8F
:104F600086ED000A94ED001A21EE011AD4ED011A23
:104F700094ED012A01EE821AF7EE001AB0EE002A33
:104F800052EE011AF0EE610A94ED001AD4ED031A04
:104F900021EE211AD4ED011A94ED022A01EE821AB3
:104FA000F0EE001A21EE211AB0EE410AEBF71EFBDB
:104FB00085ED000A94ED001A21EE011AD4ED031AD2
:104FC00094ED032A01EE821AF7EE001AB0EE002AE1
:104FD00052EE011AF0EE610A94ED001AD4ED011AB6
:104FE00021EE211AD4ED021A94ED032A01EE821A61
:104FF000F0EE001A21EE211AB0EE410AEBF7F6FAB4
:1050000087ED000A00BF95E710B52DED028B044631
:105010009FED1D0AB0EE408AD4ED000A60EEA00AB2
:1050200094ED011AD4ED011A41EE210A94ED021A11
:10503000D4ED021A41EE210A94ED031AD4ED031ABD
:1050400041EE210AB0EE600AEBF7E2FAB0EE408AD8
:1050500094ED000A20EE080A84ED000A94ED010A9E
:1050600020EE080A84ED010A94ED020A20EE080AF7
:1050700084ED020A94ED030A20EE080A84ED030A87
:10508000BDEC028B10BD00000000000010B500EE6A
:10509000100A2DED028BB1EEC08A18EE100A20F036
:1050A0000040C0F1FF40C00F0AD010EE100A20F0FF
:1050B0000040C0F1FF40C00F04BF0120EBF74FFAE2
:1050C00018EE100ABDEC028B10BD91ED000AB1EE96
:1050D000400A80ED010A91ED010AB1EE400A80ED2F
:1050E000020A91ED020AB1EE400A80ED030A91ED49
:1050F000000A80ED040A91ED020A80ED060A91EDA6
:10510000010AB1EE400A80ED070A91ED010A80ED37
:10511000080A91ED020AB1EE400A80ED090A91ED0C
:10512000000A80ED0B0A91ED020A80ED0C0A91ED68
:10513000010A80ED0D0A91ED000AB1EE400A80ED02
:105140000E0A704721F0004201F00043A2F16052C4
:10515000B2F5801F28BFD2F17F6C0BD95FEA001C2B
:1051600043EAC20242EB507018BF704728BF20F0DC
:1051700001007047B2F5801FBCBF184670474FEA68
:10518000410C1CF5001F02D2084600F07DBD70B531
:1051900000F090FB00000089FFF7F6BF4FF00040E1
:1051A000A0F580007047000010B591EA030F48BFDA
:1051B00083F0004300F1DA83841A71EB030C05D20B
:1051C000121943EB0C03001B61EB0C014FEA115465
:1051D000A4EB135CDFF81CE11EEA430F18BF9EEA44
:1051E000445F00F0748021EA045123EA0E0343F483
:1051F0008013DCF1200E32D322FA0CFE10EB0E00ED
:1052000023FA0CFE41EB0E01CCF1200E03FA0EFE48
:1052100010EB0E00CCF1200E51F10001B1F5801F12
:1052200032D201EB045112FA0EF2BDE8104058BF21
:105230007047401C38BF5FEA420218BF7047002821
:1052400014BF20F0010041F100014FEA410313F5C2
:10525000001F38BF7047A1F1C04100F079BB012A9F
:1052600043EB0302ACF1200CDCF11F0E32BF4FF018
:10527000000E23FA0CF310EB030041EB0451B4EBE6
:10528000115FD0D0A1EB045101F58011490801EB69
:1052900004515FEA30000ED350F1000038BF12FA1B
:1052A0000EFE08D1BDE81040C9E7401C38BF5FEAD8
:1052B0004202CAD1C3E7BDE810404FEA410313F5EB
:1052C000001F38BF7047A1F1C04100F041BB9EEA0A
:1052D000445F08D011EA5E0FBDE8104004BF01F042
:1052E000004100207047BDE8104070B500F0E2FAC0
:1052F00064FBBE3E0000E0FF491058BFC1F14041D1
:105300005B1058BFC3F140438B42EFF300807047FE
:105310002DE9C04130B4DFF8A8C23CEA111418BF2F
:105320003CEA131400F0F0801CEA111481EA030532
:1053300044EAD57418BF1CEA131500F0CB80A4EB27
:10534000050404F17F7404F500344FF0004545EA8C
:10535000C12145EAC32341EA505143EA52534FEA7F
:10536000C0204FEAC222994208BF904200F0A080BC
:105370004FEA13650FF24816765D4FEA134506FBB8
:1053800005F7C7F1807706FB07F74FEAD737A7FB8A
:1053900003687642A7FB06CEC8F5803838BFA8F16F
:1053A000010807FB08E6A6FB028C4FF0000EE6FBA7
:1053B00003CED8F100086FEA0C0C5CF1000C6FEA28
:1053C0000E0E4EF1004EA6FB0C584FF00007E6FB08
:1053D0000E87A1FB08C6A0FB07CE16EB0E064FF00A
:1053E000000545F10005E1FB076515F1E04E7EBFC4
:1053F000A4F580345FEA46066D4116F1800745F159
:1054000000054FEA172747EA05674FEA15254FEAD7
:105410000666A6F1DE46B6F1805F20D9384605EB78
:10542000C47124F0010C01EB0C11BCF1FE6F02D829
:10543000F0BCBDE8008124425CBF01F5801E9EEAFD
:10544000C47F02D4F0BCBDE80081244200F1398061
:10545000A1F1C041F0BCBDE8004100F079BA4FEACB
:10546000D02040EA41504FEAD1214FEAD22242EA0D
:1054700043524FEAD323A7FB028607FB036605FBD3
:1054800002661EEA0E0F58BFA6EB0056B6EB00569A
:105490004FEA520E4EEAC37E18EB0E0E56EB530E39
:1054A000BCD518EB02085E417F1C55F10005B5E73D
:1054B0004FF480154FF000074FF000064FF0000842
:1054C000ACE701F1C04101F000414FF00000F0BC39
:1054D000BDE800810CEA131511EA0C1F00D00CE0A6
:1054E00013EA0C1F00F025804FF0000081EA030151
:1054F00001F00041F0BCBDE80081F0BCBDE8004116
:1055000081EA030100F024BAF0BCBDE8004170B5A7
:1055100000F0D0F9097EFC3E00F007B84FF0000023
:1055200081EA030101F00041704781EA030100F0C4
:105530000FBAF0BCBDE8004122494FF000007047AF
:10554000FFFDFBF9F7F5F4F2F0EEEDEBE9E8E6E448
:10555000E3E1E0DEDDDBDAD8D7D5D4D3D1D0CFCDCF
:10556000CCCBCAC8C7C6C5C4C2C1C0BFBEBDBCBB08
:10557000BAB9B8B7B6B5B4B3B2B1B0AFAEADACAB03
:10558000AAA9A8A8A7A6A5A4A3A3A2A1A09F9F9EDD
:105590009D9C9C9B9A99999897979695959493938F
:1055A000929191908F8F8E8E8D8C8C8B8B8A898926
:1055B00088888787868585848483838282818180A9
:1055C0000000FF070000F87F51EA030C17D41CF518
:1055D000801F58BFBCF5801F00F10680994218BF9C
:1055E000704708BF9042704707D711F5801F58BF1A
:1055F00013F5801F19D499427047894270471CF5F2
:10560000801F08D5BCF5801FF7D58B4218BF7047A7
:1056100008BF824270474FF4001C1CEB410F38BF9B
:105620001CEB430F01D28B42704770B500F042F97A
:10563000922449004FF000514FF08053FFF75CBEB9
:1056400010F0004248BF4042B0FA80F310FA03F174
:105650000AD0C3F11D0303F5806302EB03524FEA46
:10566000415002EBD12170474FF00000704700001D
:1056700051EA030C17D41CF5801F58BFBCF5801FDE
:1056800000F10680994218BF704708BF90427047EA
:1056900007D711F5801F58BF13F5801F19D4994201
:1056A0007047894270471CF5801F08D5BCF5801FE4
:1056B000F7D58B4218BF704708BF824270474FF43E
:1056C000001C1CEB410F38BF1CEB430F01D28B4277
:1056D000704770B500F0EEF8922449004FF0805109
:1056E0004FF00053FFF708BE51EA030C17D41CF526
:1056F000801F58BFBCF5801F00F10680994218BF7B
:10570000704708BF9042704707D711F5801F58BFF8
:1057100013F5801F19D499427047894270471CF5D0
:10572000801F08D5BCF5801FF7D58B4218BF704786
:1057300008BF824270474FF4001C1CEB410F38BF7A
:105740001CEB430F01D28B42704770B500F0B2F8EA
:10575000922449004FF000514FF08053FFF7CCBD29
:1057600070B5DFF848C11CEA111E1EBF1CEA1315F4
:105770009EEA0C0F95EA0C0F00F06F8081EA03049B
:105780004EEAD47EAE4421EA4C1123EA4C1341F494
:10579000801143F48013AEF17F7EA1FB024CA0FB8D
:1057A0000365361955EB0C05A1FB034C4CF10003C6
:1057B000A0FB021C16EB0C06654153F100030942E5
:1057C00018BF46F0010613F4007F0BD14FEA0331F6
:1057D0004FEA053041EA155140EA165034036FF0A4
:1057E00003020AE04FEAC3214FEAC52041EA5551BE
:1057F00040EA5650F4026FF0020202EB2E4201EB37
:10580000025585EACE710AD05FEA440C18BF24F035
:10581000004450F1000041F1000120EAD47040F250
:10582000FE7C624500D270BDA84214BF4FF0804498
:105830004FF04044002E08BF0024BEF1806FA8BF87
:10584000A1F1C041BDE8704080F2828001F1C04109
:1058500001F000414FF0000070470CEA13159EEA7A
:105860000C0F18BF95EA0C0F06D081EA030E4FF01B
:1058700000000EF0004170BD00F01CF88900013EF0
:1058800000F007B800F009B84FEA430C5FEA5C5C2F
:1058900008D081EA030100F05BB84FEA410C5FEAEF
:1058A0005C5CF6D102494FF0000070470000FF0732
:1058B0000000F87F0EF1020E2EF0030E5EF8046B6E
:1058C000364205D4012A43EB030515F5001F12D813
:1058D000012841EB010C1CF5001F0CD80ED14FEA3A
:1058E000D17C0CEB4C0C0CF1020C15F5001F08BF21
:1058F0004CEBD37C04E04FF0080C01E04FEAD37C82
:105900000CEB4C0526FA05F606F00706B6F1040C7A
:1059100006D20EEB860CBDE870404CF0010C6047DF
:10592000DFE80CF0090B02024FF00041A1F5002165
:105930004FF0000070BD19461046012851EB0104DC
:1059400018BFD4F5001484BF002001F0004170BDE1
:105950000808A0F500114FEA3101704710B591EA2F
:10596000030F48BF83F000433FF526AC841A71EB68
:10597000030C07D28CF0004C121943EB0C03001BF4
:1059800061EB0C014FEA1154A4EB135CDFF8A4E1C6
:105990001EEA430F18BF9EEA445F00F0B48021EA7C
:1059A000045123EA6E035242C3EB6E0338BF5B1E01
:1059B000DCF1200E25D322FA0CFE10EB0E0043FA88
:1059C0000CFE41EB0E01CCF1200E03FA0EFE10EBA3
:1059D0000E00CCF1200E51F1000129D401EB04514D
:1059E00012FA0EF2BDE8104058BF7047401C1CBFB1
:1059F000B2F1004F704700280CBF491C20F0010095
:105A0000704712EB020E43EB030218BF4FF0010E7A
:105A10004EEA4202ACF1200CDCF11E0E56D943FADC
:105A20000CFE10EB0E00CCF11E0E51F1FF31D5D55E
:105A30000EF1010E12FA0EFE404141EB010101EBA5
:105A4000445C5FEA5C5C10D901EB045110EBDE7042
:105A500038BFBEF1004FBDE8104018BF70470028A6
:105A60000CBF491C20F00100704734D24FEAD42CFF
:105A700024F4006411F500111BD0B1FA81F20B3A45
:105A8000A41AA41ED2F12003914030FA03F3194363
:105A9000904001EBCC7101EB0451002CBDE81040AB
:105AA000A8BF704701F1C04101F000414FF0000074
:105AB0007047B0FA80F310FA03F102D1BDE810404C
:105AC0007047E41A173C4805C90AE2E701EB0451A4
:105AD000BDE81040704749104FEA300001EB045117
:105AE000BDE8104002E04FF0000170474A0008BFD7
:105AF0000042F8D0B2F5001F28BF704701F0004106
:105B00004FF0000070479EEA445F07D011EA5E0F35
:105B1000BDE8104004BF002100207047BDE81040E0
:105B200070B5FFF7C7FE00BF40DFF63E104683F0BA
:105B3000004170470000E0FF43004FEAD30C4FEAFA
:105B40003C0C43401FBF40070CF1605113F0FE4F67
:105B500070471CF0006F03D10CF00041002070472B
:105B60000CF0004343EA507040EACC0010B500F05E
:105B700038F800BF000000924FEA0001FFF7E8BECE
:105B80004FF00041A1F500214FF00000704710B523
:105B9000FFF71AFD0CBF0120002010BD10B5FFF764
:105BA00013FD14BF0120002010BD10B5FFF760FDEC
:105BB0008CBF0120002010BD10B5FFF759FD2CBF90
:105BC0000120002010BD10B5FFF78EFD94BF01200D
:105BD000002010BD10B5FFF787FD34BF0120002065
:105BE00010BD0EF1020E2EF0030E5EF8044B24429F
:105BF00004D44FEA4102B2F17F4F11D84FEA40037B
:105C0000B3F17F4F0CD80ED14FEAD07C0CEB4C0C8B
:105C10000CF1020CB2F17F4F08BF4CEBD17C04E0D9
:105C20004FF0080C01E04FEAD17C0CEB4C0324FA56
:105C300003F404F00704B4F1040C06D20EEB840C58
:105C4000BDE810404CF0010C6047DFE80CF007089D
:105C500002024FF00040A0F5800010BD084642004F
:105C600018BFD2F1807288BF00F0004010BDF1EE85
:105C7000100A4FF6FF71C0F2C03120EA010040F077
:105C80004070E1EE100A7047FF2141EAD050C00594
:105C900070470000CDCC4C3ECDCC4C3ECDCC4C3EE4
:105CA00000000000000000000000B33FB2BE7D3ADB
:105CB00000002E40DFCF513800007E40BF51FABABD
:105CC00000E0A44019DAC3BA00E0C840C2ED8AB9C6
:105CD0000040EB40CD1F2CBA001006412AFFFABA53
:105CE00000C01541DFCFD13700D024419A97703AD8
:105CF0000050334189478E3600404141E75B9D3873
:105D000000B04E41C00A98B900A05B41558F943A4B
:105D100000306841DA92C0BA0040744162B3C63ABA
:105D20000000803F00A0853F00908B3F00C0913F66
:105D30000030983F00F09E3F00F0A53F0050AD3F7F
:105D40000000B53F0000BD3F0060C53F0020CE3FD2
:105D50000040D73F00C0E03F00C0EA3F0020F53FD1
:105D6000000000007D36AC397D3C3839EBDCF4387E
:105D7000320A7E39124C26399B6AED39A4EE8339FA
:105D80007F661E39F6398A392B426539A48211396A
:105D90005B991F39C3EECD39DDE7C637A5A22F3990
:105DA0000000803FC3AA853FC2958B3FD3C3913F7C
:105DB000F037983F32F59E3FD7FEA53F3F58AD3FA5
:105DC000F304B53FA408BD3F2A67C53F8C24CE3FEE
:105DD000FD44D73FDFCCE03FC7C0EA3F7D25F53F1C
:105DE000CF690108E9250008FDFF00000000000060
:105DF000000100000000000000000000C66901086A
:105E0000357D000803000000000000008000000055
:105E10000000000000000000EA690108D1AF00089E
:105E200000000000000000008000000000000000F2
:105E300000000000DB69010885A70008FDFF0000E5
:105E400000000000800000000000000000000000D2
:105E5000000000000000000001020304060708091A
:105E60000000000001020304005EBCE2613FDD832C
:105E7000C29C7E20A3FD1F419DC3217FFCA2401E2A
:105E80005F01E3BD3E6082DC237D9FC1421CFEA01A
:105E9000E1BF5D0380DE3C62BEE0025CDF81633D0A
:105EA0007C22C09E1D43A1FF4618FAA427799BC5FA
:105EB00084DA3866E5BB5907DB856739BAE40658EA
:105EC0001947A5FB7826C49A653BD987045AB8E6DA
:105ED000A7F91B45C6987A24F8A6441A99C7257BCA
:105EE0003A6486D85B05E7B98CD2306EEDB3510FBA
:105EF0004E10F2AC2F7193CD114FADF3702ECC92AA
:105F0000D38D6F31B2EC0E50AFF1134DCE90722C99
:105F10006D33D18F0C52B0EE326C8ED0530DEFB189
:105F2000F0AE4C1291CF2D73CA947628ABF5174979
:105F30000856B4EA6937D58B5709EBB536688AD469
:105F400095CB2977F4AA4816E9B7550B88D6346A59
:105F50002B7597C94A14F6A8742AC896154BA9F749
:105F6000B6E80A54D7896B350000891112239B3299
:105F70002446AD573665BF74488CC19D5AAFD3BE19
:105F80006CCAE5DB7EE9F7F88110080193331A2229
:105F9000A5562C47B7753E64C99C408DDBBF52AEF9
:105FA000EDDA64CBFFF976E802218B301002991309
:105FB0002667AF763444BD554AADC3BC588ED19FD9
:105FC0006EEBE7FA7CC8F5D983310A2091121803E9
:105FD000A7772E66B5543C45CBBD42ACD99E508FB9
:105FE000EFFB66EAFDD874C904428D5316619F70B9
:105FF0002004A9153227BB364CCEC5DF5EEDD7FC99
:106000006888E1997AABF3BA85520C4397711E60A8
:10601000A1142805B3373A26CDDE44CFDFFD56EC78
:10602000E9986089FBBB72AA06638F7214409D5188
:106030002225AB343006B9174EEFC7FE5CCCD5DD58
:106040006AA9E3B8788AF19B87730E6295501C4168
:10605000A3352A24B1163807CFFF46EEDDDC54CD38
:10606000EBB962A8F99A708B088481951AA793B648
:106070002CC2A5D33EE1B7F04008C919522BDB3A38
:10608000644EED5F766DFF7C899400859BB712A608
:10609000ADD224C3BFF136E0C1184809D33B5A2A18
:1060A000E55E6C4FF77D7E6C0AA583B418869197E8
:1060B0002EE3A7F23CC0B5D14229CB38500AD91BF8
:1060C000666FEF7E744CFD5D8BB502A499961087C8
:1060D000AFF326E2BDD034C1C3394A28D11A580BD8
:1060E000E77F6E6EF55C7C4D0CC685D71EE597F498
:1060F0002880A1913AA3B3B2444ACD5B5669DF78B8
:10610000600CE91D722FFB3E8DD604C79FF516E487
:10611000A9902081BBB332A2C55A4C4BD7795E6897
:10612000E11C680DF33F7A2E0EE787F61CC495D567
:106130002AA1A3B03882B193466BCF7A5448DD5977
:10614000622DEB3C700EF91F8FF706E69DD414C547
:10615000ABB122A0B9923083C77B4E6AD5585C4957
:10616000E33D6A2CF11E780F000090400000000013
:106170009A99993F0000B8400AD7233CCDCC4C3EB9
:1061800040AC037D04014103057C00026D0D026DEE
:106190000902000610160006101600000000C84490
:1061A000CDCC4C3E000000000B080141090242C06A
:1061B000030A0B0400000000920E493CB10AC93CDE
:1061C0002BC3163D2EFB483D752B7B3D04A9963D08
:1061D00080B6AF3D36BDC83D2FBCE13D73B2FA3D40
:1061E00087CF093E8340163EB5AB223EA2102F3E1C
:1061F000CF6E3B3EC2C5473E0115543E135C603E28
:106200007F9A6C3ECCCF783EC07D823E938E883E96
:10621000229A8E3E32A0943E86A09A3EE59AA03EF7
:10622000128FA63ED47CAC3EEF63B23E2A44B83E09
:10623000491DBE3E15EFC33E53B9C93ECA7BCF3E92
:106240004136D53E80E8DA3E4F92E03E7533E63E79
:10625000BBCBEB3EEA5AF13ECBE0F63E275DFC3E7F
:10626000E4E7003F3D9C033F824B063F9BF5083F20
:106270006B9A0B3FDA390E3FCDD3103F2A68133F9C
:10628000D9F6153FC07F183FC6021B3FD17F1D3F87
:10629000CBF61F3F9967223F25D2243F5636273F32
:1062A0001594293F4AEB2B3FDE3B2E3FBB85303F09
:1062B000C9C8323FF304353F233A373F4268393F7C
:1062C0003B8F3B3FF9AE3D3F67C73F3F70D8413FF3
:1062D00001E2433F03E4453F65DE473F12D1493FBA
:1062E000F8BB4B3F029F4D3F207A4F3F3D4D513F02
:1062F0004918533F31DB543FE595563F5348583FCB
:106300006AF2593F1A945B3F532D5D3F05BE5E3FD5
:106310002146603F97C5613F5A3C633F59AA643F9D
:10632000880F663FD86B673F3CBF683FA7096A3F4D
:106330000C4B6B3F5E836C3F93B26D3F9ED86E3FBC
:1063400073F56F3F0809713F5213723F4714733F53
:10635000DD0B743F0BFA743FC6DE753F07BA763F1C
:10636000C58B773FF853783F9812793F9DC7793FA7
:1063700002737A3FBE147B3FCDAC7B3F283B7C3F12
:10638000C9BF7C3FAC3A7D3FCCAB7D3F23137E3F02
:10639000B0707E3F6DC47E3F580E7F3F6D4E7F3F95
:1063A000AB847F3F0FB17F3F97D37F3F43EC7F3F6D
:1063B00011FB7F3F0000803F11FB7F3F43EC7F3F9D
:1063C00097D37F3F0FB17F3FAB847F3F6D4E7F3FC1
:1063D000580E7F3F6DC47E3FB0707E3F23137E3FDB
:1063E000CCAB7D3FAC3A7D3FC9BF7C3F283B7C3F77
:1063F000CDAC7B3FBE147B3F02737A3F9DC7793F94
:106400009812793FF853783FC58B773F07BA763FAC
:10641000C6DE753F0BFA743FDD0B743F4714733FC4
:106420005213723F0809713F73F56F3F9ED86E3F5C
:1064300093B26D3F5E836C3F0C4B6B3FA7096A3F85
:106440003CBF683FD86B673F880F663F59AA643FDF
:106450005A3C633F97C5613F2146603F05BE5E3FA2
:10646000532D5D3F1A945B3F6AF2593F5348583FA2
:10647000E595563F31DB543F4918533F3D4D513F61
:10648000207A4F3F029F4D3FF8BB4B3F12D1493F0F
:1064900065DE473F03E4453F01E2433F70D8413F9B
:1064A00067C73F3FF9AE3D3F3B8F3B3F4268393FB7
:1064B000233A373FF304353FC9C8323FBB85303FED
:1064C000DE3B2E3F4AEB2B3F1594293F5636273FA4
:1064D00025D2243F9967223FCBF61F3FD17F1D3F36
:1064E000C6021B3FC07F183FD9F6153F2A68133FED
:1064F000CDD3103FDA390E3F6B9A0B3F9BF5083F27
:10650000824B063F3D9C033FE4E7003F275DFC3E96
:10651000CBE0F63EEA5AF13EBBCBEB3E7533E63EAE
:106520004F92E03E80E8DA3E4136D53ECA7BCF3E10
:1065300053B9C93E15EFC33E491DBE3E2A44B83E7D
:10654000EF63B23ED47CAC3E128FA63EE59AA03EED
:1065500086A09A3E32A0943E229A8E3E938E883E2A
:10656000C07D823ECCCF783E7F9A6C3E135C603E0D
:106570000115543EC2C5473ECF6E3B3EA2102F3E92
:10658000B5AB223E8340163E87CF093E73B2FA3D3B
:106590002FBCE13D36BDC83D80B6AF3D04A9963D58
:1065A000752B7B3D2EFB483D2BC3163DB10AC93CE4
:1065B000920E493C00000000920E49BCB10AC9BCD1
:1065C0002BC316BD2EFB48BD752B7BBD04A996BD04
:1065D00080B6AFBD36BDC8BD2FBCE1BD73B2FABD3C
:1065E00087CF09BE834016BEB5AB22BEA2102FBE18
:1065F000CF6E3BBEC2C547BE011554BE135C60BE24
:106600007F9A6CBECCCF78BEC07D82BE938E88BE92
:10661000229A8EBE32A094BE86A09ABEE59AA0BEF3
:10662000128FA6BED47CACBEEF63B2BE2A44B8BE05
:10663000491DBEBE15EFC3BE53B9C9BECA7BCFBE8E
:106640004136D5BE80E8DABE4F92E0BE7533E6BE75
:10665000BBCBEBBEEA5AF1BECBE0F6BE275DFCBE7B
:10666000E4E700BF3D9C03BF824B06BF9BF508BF1C
:106670006B9A0BBFDA390EBFCDD310BF2A6813BF98
:10668000D9F615BFC07F18BFC6021BBFD17F1DBF83
:10669000CBF61FBF996722BF25D224BF563627BF2E
:1066A000159429BF4AEB2BBFDE3B2EBFBB8530BF05
:1066B000C9C832BFF30435BF233A37BF426839BF78
:1066C0003B8F3BBFF9AE3DBF67C73FBF70D841BFEF
:1066D00001E243BF03E445BF65DE47BF12D149BFB6
:1066E000F8BB4BBF029F4DBF207A4FBF3D4D51BFFE
:1066F000491853BF31DB54BFE59556BF534858BFC7
:106700006AF259BF1A945BBF532D5DBF05BE5EBFD1
:10671000214660BF97C561BF5A3C63BF59AA64BF99
:10672000880F66BFD86B67BF3CBF68BFA7096ABF49
:106730000C4B6BBF5E836CBF93B26DBF9ED86EBFB8
:1067400073F56FBF080971BF521372BF471473BF4F
:10675000DD0B74BF0BFA74BFC6DE75BF07BA76BF18
:10676000C58B77BFF85378BF981279BF9DC779BFA3
:1067700002737ABFBE147BBFCDAC7BBF283B7CBF0E
:10678000C9BF7CBFAC3A7DBFCCAB7DBF23137EBFFE
:10679000B0707EBF6DC47EBF580E7FBF6D4E7FBF91
:1067A000AB847FBF0FB17FBF97D37FBF43EC7FBF69
:1067B00011FB7FBF000080BF11FB7FBF43EC7FBF99
:1067C00097D37FBF0FB17FBFAB847FBF6D4E7FBFBD
:1067D000580E7FBF6DC47EBFB0707EBF23137EBFD7
:1067E000CCAB7DBFAC3A7DBFC9BF7CBF283B7CBF73
:1067F000CDAC7BBFBE147BBF02737ABF9DC779BF90
:10680000981279BFF85378BFC58B77BF07BA76BFA8
:10681000C6DE75BF0BFA74BFDD0B74BF471473BFC0
:10682000521372BF080971BF73F56FBF9ED86EBF58
:1068300093B26DBF5E836CBF0C4B6BBFA7096ABF81
:106840003CBF68BFD86B67BF880F66BF59AA64BFDB
:106850005A3C63BF97C561BF214660BF05BE5EBF9E
:10686000532D5DBF1A945BBF6AF259BF534858BF9E
:10687000E59556BF31DB54BF491853BF3D4D51BF5D
:10688000207A4FBF029F4DBFF8BB4BBF12D149BF0B
:1068900065DE47BF03E445BF01E243BF70D841BF97
:1068A00067C73FBFF9AE3DBF3B8F3BBF426839BFB3
:1068B000233A37BFF30435BFC9C832BFBB8530BFE9
:1068C000DE3B2EBF4AEB2BBF159429BF563627BFA0
:1068D00025D224BF996722BFCBF61FBFD17F1DBF32
:1068E000C6021BBFC07F18BFD9F615BF2A6813BFE9
:1068F000CDD310BFDA390EBF6B9A0BBF9BF508BF23
:10690000824B06BF3D9C03BFE4E700BF275DFCBE92
:10691000CBE0F6BEEA5AF1BEBBCBEBBE7533E6BEAA
:106920004F92E0BE80E8DABE4136D5BECA7BCFBE0C
:1069300053B9C9BE15EFC3BE491DBEBE2A44B8BE79
:10694000EF63B2BED47CACBE128FA6BEE59AA0BEE9
:1069500086A09ABE32A094BE229A8EBE938E88BE26
:10696000C07D82BECCCF78BE7F9A6CBE135C60BE09
:10697000011554BEC2C547BECF6E3BBEA2102FBE8E
:10698000B5AB22BE834016BE87CF09BE73B2FABD37
:106990002FBCE1BD36BDC8BD80B6AFBD04A996BD54
:1069A000752B7BBD2EFB48BD2BC316BDB10AC9BCE0
:1069B000920E49BC000000805749545F4441544145
:1069C0005F5441534B00494E535F5441534B004772
:1069D000696D62616C5F5441534B0053686F6F7413
:1069E0005F5441534B0075736200535749544348F9
:1069F0005F5461736B007570746F646F776E0064C1
:106A00006574656374006D616E69666C6F645F7553
:106A10007361727400546D7251007D04017C000238
:106A200040AB034100055308065804070F00081047
:106A3000820911000A15800B16000C18010D0000C8
:106A4000606A010800000020E0010000EC0100087D
:106A5000586B0108E001002098A800004C020008D3
:106A6000812DCDCC1C4104320132102009E7416B4D
:106A70003A58A08B3A4B803F0418082043A2FFFFEE
:106A8000FF820429015A920852FF2920C1091210DD
:106A90000922241B70C26814C145C81B087D041A52
:106AA0008D041AB9041AE9041A21041A550429A0FC
:106AB000111324F413E5C414083DC3140835C64269
:106AC000081A9D0C1B89C2201908C11A39281AE519
:106AD000141A91081AD5081409024313020125C09B
:106AE0003209041B01020B130524161001052401B1
:106AF0001009010424020205240617010705820378
:106B000008151009040133020A2E07050102400787
:106B10002A810711130A0632022A408C1A12231303
:106B200002021E4083044057591B0203151B050B2C
:106B300088190413FD0A1B0831081A6504073C0470
:106B40000309041A033B807FFC11DB803F18F91016
:086B500014F4010A1AAA014124
:040000050800018965
:00000001FF
