:020000040800F2
:10000000108F002039020008BD6700084155000824
:10001000B9670008AD0A0008B995000800000000A3
:10002000000000000000000000000000717D0008DA
:10003000A11300080000000071690008A57E0008F7
:10004000530200085302000853020008530200083C
:100050005302000853020008A513000853020008C9
:1000600053020008AD130008B5130008530200083E
:100070004D13000853020008530200085302000801
:1000800053020008530200085302000853020008FC
:10009000B10A00085302000853020008BD1300080B
:1000A00053020008530200085302000853020008DC
:1000B000957F00085302000853020008530200080D
:1000C00053020008530200085302000853020008BC
:1000D000530200087583000853020008818300085A
:1000E000530200085302000853020008530200089C
:1000F000530200085302000853020008530200088C
:10010000530200085302000853020008530200087B
:10011000530200085302000853020008530200086B
:1001200053020008591300086513000871130008F2
:10013000530200085302000853020008530200084B
:10014000BD0A00085302000853020008C1670008F6
:100150007D13000889130008951300088D8300089B
:10016000530200085302000853020008530200081B
:100170005302000853020008530200080000000068
:10018000530200085302000800F002F800F044F89F
:100190000AA090E8000C82448344AAF10107DA45E2
:1001A00001D100F039F8AFF2090EBAE80F0013F0F0
:1001B000010F18BFFB1A43F00103184700F40000B9
:1001C00020F40000103A24BF78C878C1FAD852074A
:1001D00024BF30C830C144BF04680C6070470000C1
:1001E0000023002400250026103A28BF78C1FBD840
:1001F000520728BF30C148BF0B607047752900F017
:10020000DD80632900F04C82002070471FB50EF09E
:10021000C4FB1FBD10B510BD00F057FA1146FFF723
:10022000F5FF0AF077F900F075FA03B4FFF7F2FF73
:1002300003BC00F079FA00000948804709480047EC
:10024000FEE7FEE7FEE7FEE7FEE7FEE7FEE7FEE786
:10025000FEE7FEE704480549054A064B70470000E3
:10026000817F00088901000810890020108F00207C
:10027000108B0020108B002053EA020C00F06980E4
:100280002DE9F04B4FF00006002B1FBFB3FA83F5AA
:1002900003FA05F424FA05F65E4012BF1643B2FADB
:1002A00082F502FA05F4C5F120051EBF22FA05FC0D
:1002B00044EA0C04203556EA044C4FEA144418BFB3
:1002C000641C4FF000084FF00009904271EB030CE2
:1002D00039D3002919BFB1FA81F701FA07F6B0FA4C
:1002E00080F700FA07F6C7F120071EBF20FA07FCC7
:1002F00046EA0C062037B6FBF4FCA7EB0507103FD7
:1003000007F01F0BCBF120062CFA06F60CFA0BFBBC
:1003100044BFB3460026202FA4BF5E464FF0000B1B
:100320005BEA060C08BF4FF0010B19EB0B0948EB19
:100330000608ABFB027C06FB02CC0BFB03CCC01B0C
:1003400071EB0C01C1E70B46024641464846BDE849
:10035000F08B13B5084318BF4FF0FF300146AFF3E1
:100360000080BDE81C40704770B50C460546012A68
:1003700005D02878800600D5EA69002302E0012331
:1003800005E05B1C934202D2E05C0028F9D1A86929
:10039000E618C01AA861286A184428622846AFF3F4
:1003A000008004E0D5E9012114F8010B9047B44224
:1003B000F8D32846AFF3008070BD00002DE9F0416E
:1003C0000646002410687529314616A510D0AFF3F3
:1003D0000080002802DA404213A507E031688A074E
:1003E00001D512A502E0490704D511A5012401E0B9
:1003F000AFF3008000210A2206F1240709E0B0FBD8
:10040000F2FCB0FBF2F302FB1C00303078541846CB
:10041000491C0028F3D123462A463046BDE8F04166
:1004200000F0DBB8000000002D0000002B000000F1
:100430002000000010B5431C02E010F8011B71B150
:100440008107FAD14FF0013202C88C1A8C4314EAAA
:10045000C211F9D0C01A0A0603D0C01E10BDC01ABE
:1004600010BD0A0401D0801E10BD0902FCD0401E40
:1004700010BD032A40F2308010F0030C00F015800C
:1004800011F8013BBCF1020F624498BF11F801CB97
:1004900000F8013B38BF11F8013BA2F1040298BFFC
:1004A00000F801CB38BF00F8013B11F0030300F066
:1004B0002580083AC0F0088051F8043B083A51F80A
:1004C00004CBA0E80810F5E7121D5CBF51F8043B0F
:1004D00040F8043BAFF30080D20724BF11F8013B82
:1004E00011F801CB48BF11F8012B24BF00F8013BE4
:1004F00000F801CB48BF00F8012B704710B5203A37
:10050000C0F00B80B1E81850A0E81850B1E81850BE
:10051000A0E81850203ABFF4F5AF5FEA027C24BF90
:10052000B1E81850A0E8185044BF18C918C0BDE879
:1005300010405FEA827C24BF51F8043B40F8043B42
:1005400008BF7047D20728BF31F8023B48BF11F8F7
:10055000012B28BF20F8023B48BF00F8012B704751
:1005600002F0FF0343EA032242EA024200F002B82B
:100570004FF0000200B5134694469646203922BF3C
:10058000A0E80C50A0E80C50B1F12001BFF4F7AF87
:10059000090728BFA0E80C5048BF0CC05DF804EB69
:1005A000890028BF40F8042B08BF704748BF20F8D7
:1005B000022B11F0804F18BF00F8012B70477047D5
:1005C0007047704710B500F07BF8006810BD10B59B
:1005D000044600F075F8046010BD2DE9F0470D46A3
:1005E00099469246044600F124080168880604D51D
:1005F000E06921F01001216000E00120A84201DD46
:10060000471B00E00027A1697A1902EB0900081ACC
:10061000A0612078C00602D42046AFF300800026F7
:1006200008E0D4E901211AF806009047206A401C2E
:10063000761C20624E45F4DB2078C0060AD52046A1
:10064000AFF3008006E0D4E9012130209047206A12
:10065000401C2062381EA7F10107F4DC07E0D4E952
:10066000012118F805009047206A401C2062281ECE
:10067000A5F10105F3DC2046AFF3008020780006E9
:1006800002D50220BDE8F0870120FBE710B54369E1
:1006900013B1AFF3008001E0FFF766FE012010BD4B
:1006A000127800F124010A7000224A700122EDE75D
:1006B00011684FF0FF32E9E700487047B0000020B2
:1006C00000487047B000002070477546FFF7F4FF00
:1006D000AE4605006946534620F00700854618B02F
:1006E00020B5FFF7B7FDBDE820404FF000064FF002
:1006F00000074FF000084FF0000BAC46ACE8C00913
:10070000ACE8C009ACE8C009ACE8C00921F00701B9
:100710008D46704710B50446AFF300802046BDE813
:100720001040FFF782BD000001491820ABBEFEE774
:10073000260002000CF044BF0CF0D8BF09F064B8EA
:1007400000281CBF002101607047000000281EBF68
:100750000021C4F2B011016070470000B0EE401AF1
:10076000B1EEC00AB4EE400AF1EE10FA04D6B7EECC
:10077000001A81EE000A704780B5B0EE410A0DF014
:1007800048F9BDE88040F2E709F088B80020C4F2DB
:1007900002001021012201F021BF00000020C4F25C
:1007A00002001021002201F019BF00007047000074
:1007B00040F20040C4F202000121012201F00EBF0C
:1007C00040F20040C4F202000121002201F006BF05
:1007D000B0F9003040F2100CC2F2000C00EE103AFA
:1007E0009CED001AB8EEC00A21EE000A81ED000A65
:1007F000B0F902309CED001A00EE103AB8EEC00AD3
:1008000021EE000A81ED010AB0F9043000EE103A41
:10081000B8EEC00A21EE000A81ED020AC37981799F
:10082000007A1B0243EA0040084400EE100A9FEDE4
:10083000041AB8EE400A20EE010A82ED000A704761
:1008400000401C427047000009F08EBE09F09ABBC0
:10085000B0F9002000EE102A40F21402C2F20002A9
:1008600092ED001AB8EEC00A21EE000A81ED000AEE
:10087000B0F9023092ED001A00EE103AB8EEC00A5C
:1008800021EE000A81ED010AB0F9040000EE100A21
:10089000B8EEC00A21EE000A81ED020A704700009E
:1008A00010B5FFF783FFFFF7CDFF09F0DBF808B1C4
:1008B000802402E009F038F8044609F0C5FA00285F
:1008C0001CBF44F0400010BD09F042FA204310BDA7
:1008D0002DE9F04383B08146002090460E46CDE9D5
:1008E0000000FFF75BFF922000F0AAF8922000F0D2
:1008F000A7F86846451E06242F4600BF552000F085
:100900009FF8013C210607F8010FF7D1FFF73EFFE2
:10091000BDF90000BDF9021000EE100A40F210000F
:10092000C2F2000090ED001AB8EEC00ABDF9042032
:1009300021EE000A86ED000A00EE101A90ED001A72
:1009400002EE102AB8EEC00AB8EEC22A21EE000A62
:1009500021EE021A86ED010A86ED021AFFF730FF3A
:10096000802000F06DF808242E4600BF552000F0CE
:1009700067F8013C210606F8010FF7D1FFF718FFD1
:100980009DF800000F2825D1BDF90200BDF9041023
:1009900000EE100A40F21400C2F2000090ED001ABE
:1009A000B8EEC00ABDF9062021EE000A89ED000A62
:1009B00000EE101A90ED001A02EE102AB8EEC00AEE
:1009C000B8EEC22A21EE000A21EE021A89ED010AD0
:1009D00089ED021AFFF7E2FEA22000F031F8A22012
:1009E00000F02EF8022400BF552000F029F8013C49
:1009F000210605F8010FF7D1FFF7C8FE9DF80000AA
:100A00009DF80110C00040EA51114FF6000200238A
:100A1000CFF6FF72B3EB902F18BF114300EE101A00
:100A2000B8EEC00AB4EE001A20EE010AB3EE071ABF
:100A300030EE010A88ED000A03B0BDE8F083000043
:100A400080B582B08DF8070041F6C0004FF47A7C83
:100A5000C2F200000DF107010DF106020123CDF8ED
:100A600000C003F06BFB9DF8060002B080BD0000E3
:100A700002784078D20042EA50104FF6000C002372
:100A8000CFF6FF7CB3EB922F18BF40EA0C0000EECC
:100A9000100AB8EEC00AB4EE001A20EE010AB3EE56
:100AA000071A30EE010A81ED000A7047FEE70000E8
:100AB00041F29000C2F2000000F066BF41F2B800BF
:100AC000C2F2000000F060BF10B58AB00024CDE98A
:100AD000034403910821DDE90CECCDE907440791BB
:100AE000110A8DF80410190A8DF806104FEA1E211C
:100AF0008DF808104FEA1C218DF805208DF807307D
:100B00008DF80A1003A901AA09ABCDE905448DF8B7
:100B100009E08DF80BC000F0E7FD0AB010BD000041
:100B200080B58AB00022CDE9032203910821CDE9E6
:100B30000722CDE90522079103A901AA09AB8DED92
:100B4000010ACDED020A00F0CFFD0AB080BD000021
:100B50002DE9F04F81B02DED0E8B41F6F44A48F2AD
:100B60000000C2F2000AC4F20440CAF89C0042F23B
:100B70000000C4F29950CAF850010020C4F20C40A1
:100B8000CAF804024CF20000C4F29950CAF8B80244
:100B900040F63850C2F2000090ED02CA9FED7D0A87
:100BA00090ED00EA2CEE000A9FED7B1A90ED01DA41
:100BB00030EE0E8A2CEE412A3EEE40AA2CEE010ABF
:100BC00018EE100A32EE4DBA30EE4D9A0DF074FE6A
:100BD00002460B460DF0B8FB80461BEE100A894614
:100BE0000DF06AFE02460B460DF0AEFB06460F46C0
:100BF0004046494632463B460DF0E6FA41EC100BC2
:100C00000CF0CAFE51EC100B0DF0ACFA47F6E8748C
:100C1000C2F2000460651AEE100A0DF04DFE0246A5
:100C20000B460DF091FB32463B4683460D460DF0D8
:100C3000CBFA41EC100B0CF0AFFE51EC100B0DF0A9
:100C400091FAC4F8AC0019EE100A0DF035FE024618
:100C50000B460DF079FB06460F46584629463246AC
:100C60003B460DF0B1FA41EC100B0CF095FE51EC47
:100C7000100B0DF077FAC4F804014046494632469D
:100C80003B460DF0A1FA41EC100B0CF085FE51EC47
:100C9000100B0DF067FAC4F85C010AF1A400B0EE85
:100CA0004B0AF0EE480A08F089FC0AF5AC70B0EE89
:100CB0004B0AF0EE4A0A08F081FC0AF50370B0EE28
:100CC000490AF0EE4A0A08F079FC0AF53070B0EEF5
:100CD000490AF0EE480A08F071FCB5EE40EAF1EE80
:100CE00010FA12D1B5EE40DAF1EE10FA0DD1B5EEF0
:100CF00040CAF1EE10FA08D10020CAF8A400CAF8E0
:100D00005801CAF80C02CAF8C0029FED248A9FED70
:100D1000249A40F6DB770AF1A8055426C4F2490765
:100D200006E000BF5836B6F5DA7F05F1B4052CD0E1
:100D300035F8A60C15ED031A00EE100AB8EE400ABD
:100D400030EE410A80EE080A15ED011A30EE410A34
:100D500009F0A6FBB0EEC01AB4EE491AF1EE10FA93
:100D600085ED000ADEDD10EE100A67F31E0001EECD
:100D7000100AA01930EE410A90ED001A85ED000A24
:100D8000B1EE410A80ED000ACCE7BDEC0E8B01B05C
:100D9000BDE8F08FADE2243F16D4433F83F9A2446F
:100DA000DB0FC93F002904BFFF2070474EF6042C1B
:100DB000421EFF20C0F6000C12F8013FC0B258409E
:100DC0001CF800000139F7D1704700004FF0000215
:100DD000F0B103291CD310B5B1F1010C0FD04EF6C0
:100DE000042E4B42421EFF21C0F6000E12F8014FA6
:100DF000013361401EF801105C1CF7D100E0FF21B7
:100E000010F80C00081AB0FA80F04209BDE8104052
:100E10001046704700284FF6FF7218BF002911D006
:100E20004EF6043C0138C0F6000C00BF10F8013F3C
:100E3000013983EA0203DBB23CF8133092B283EA51
:100E40001222F3D190B27047B0B54FF0000248B310
:100E5000032927D3B1F1020C4FF6FF7212D04EF6E0
:100E6000043E431EC0F6000E644600BF13F8015F47
:100E7000013C85EA0205EDB23EF8155092B285EAD2
:100E80001222F3D110F80C30D5B2AB421CBF0020B7
:100E9000B0BD084410F8010C91B2A0EB1120B0FADB
:100EA00080F042091046B0BDA0F20121072988BF99
:100EB00070472DE9F04381B04EF6CC12C0F6000227
:100EC00052F8215017A252F821601EA213A052F826
:100ED000217024A2405C52F821802AA20B9C52F877
:100EE000219009F06DF828883080208800BA000C25
:100EF00028806088C0BA00EE100AB8EEC00A87EDFC
:100F0000000AA08800BA000CA8F80000A07989F8AF
:100F1000000001B0BDE8F043704700BF02010403C8
:100F200008060507E87F002040800020F0800020B0
:100F300098800020101F0020A81D0020F41C002015
:100F40005C1E0020EC7F002044800020F480002004
:100F50009C800020141F0020AC1D0020F81C0020E5
:100F6000601E0020F07F002048800020F8800020D4
:100F7000A0800020181F0020B01D0020FC1C0020B5
:100F8000641E0020F27F00204A800020FA800020AA
:100F9000A28000201A1F0020B21D0020FE1C00208D
:100FA000661E0020000000002DE9F04F81B00446CD
:100FB00040F2023084420D466EDCB4F5987F00F0BA
:100FC000938040F20130844240F0AC8028886988E8
:100FD000C3BAAA8800EE103A40F61043C2F20003EA
:100FE000CFBAD6BA5B8940F6385B01EE107A02EED2
:100FF000106AB8EEC00AC2F2000BB8EEC11AB8EE21
:10100000C22A312B8BED000A8BED011A8BED022ADF
:1010100037D840F29C13C2F200031B7803F0F003B0
:10102000402B2ED100BA000C09BA4FEA114A11BA6E
:1010300000B24FEA11490DF06FF99FED530B58ECD8
:10104000107B3A4643460DF07FF90DF08BF8CBF854
:1010500000000FFA8AF00DF05FF93A4643460DF0B2
:1010600073F90DF07FF8CBF804000FFA89F00DF05A
:1010700053F93A4643460DF067F90DF073F8CBF893
:101080000800E87900F001008BF85C00E879C0F313
:1010900040008BF85D0033E040F20330844227D0FB
:1010A000B4F5417F3ED195F900004FF0FF3111FAC0
:1010B00080F0042824D8DFE800F0033844505B00B7
:1010C000B5F8010040F69C5100BA000CC2F20001D4
:1010D0000880E879B5F80320887110BAB5F80520C2
:1010E000000C48808A800BE028460AF047FD07E0A4
:1010F000686840F6244100BAC2F20001C1F8060057
:1011000040F20330844207D0B4F5417F0AD141F662
:10111000ED40C2F2000003E041F6EC40C2F20000F4
:101120000121017001B0BDE8F08FD5F801006968B8
:1011300040F69C52C2F20002C2F80A10C2F8070040
:10114000DEE7D5F80100696840F69C52C2F2000261
:10115000C2F81110C2F80E00D2E7D5F80100696894
:1011600040F69C52C2F200029161C2F81500C7E736
:10117000B5F8050040F69C51C2F200010884D5F88C
:101180000100C861BCE700BF333333333333E33F7F
:10119000B0B582B047F6E870C2F2000090ED0B0ADD
:1011A00090ED211A90ED4D3ABDEEC00A90ED372A30
:1011B00010EE102ABDEEC10A10EE103ABDEEC30AC1
:1011C00041F2B80510EE100ABDEEC20AC2F20005E7
:1011D00010EE104A009028464FF400710194FFF77A
:1011E00073FC01200AF08AFE41F6F440C2F20000CE
:1011F00090ED0B0A90ED381A90ED922A90ED653A39
:10120000BDEEC00ABDEEC22ABDEEC11A10EE100A34
:10121000BDEEC30A12EE102A11EE103A10EE104A7B
:101220000090284640F2FF110194FFF74DFC012089
:1012300002B0BDE8B0400AF061BE0000B0B582B0B7
:1012400041F2B804C2F20004002520464FF40071B8
:101250000022002300950195FFF736FC01200AF0DB
:101260004DFE204640F2FF1100220023009501951B
:10127000FFF72AFC012002B0BDE8B0400AF03EBEF4
:101280002DE9F04381B02DED048B47F6E8709FED1A
:10129000200BC2F2000041F6F4499FED1F8A00F1D5
:1012A00054070024C2F2000955EC108B09EB040628
:1012B00096ED2A0A06F15400F0EE480A05F086FA87
:1012C00096ED010AD6ED1D0A06F10C0005F07EFA36
:1012D00017ED149AA7F1480657F8580B0DF0ECFAE1
:1012E00042462B460DF030F80CF03CFF00EE900A21
:1012F0003046B0EE490A05F069FAB434B4F5347FEB
:10130000D4D1BDEC048B01B0BDE8F08300BF00BFB9
:10131000E27A1448067801400000000005F05AFB0C
:1013200040F63854C2F2000405E000BFFFF730FF7A
:1013300001200AF0E3FDFFF70BFCFFF7A1FF94F893
:101340005C000028F2D1FFF779FFF1E741F2682055
:10135000C2F2000000F036BE41F2C820C2F2000026
:1013600000F030BE41F2E800C2F2000000F02ABEF8
:1013700041F24810C2F2000000F024BE41F2A81071
:10138000C2F2000000F01EBE41F22830C2F200009E
:1013900000F018BE41F20820C2F2000000F012BEB8
:1013A00070470000012001F03DB80000082001F066
:1013B00039B80000102001F035B80000202001F0FD
:1013C00031B8000072B600BFFEE70000B0B581B0D2
:1013D0000022009290F83C20012A01D1022176E0FF
:1013E000D1F800E001221FFA8EFC80F83C204FEA81
:1013F0004C0212FA8EF30268BEF10A0F32BF1032AD
:101400001E3B0C32072415689C4025EA0404146036
:101410008C68156804FA03F32B4313604A68062AA4
:1014200007D802EB82014A1F01681F2351F8344F8D
:101430000CE001680C2A02EB820203D851F8304F0D
:10144000233A02E051F82C4F413A1F23934024EAFB
:1014500003030B600D680CFA02F22A4342F20433D4
:101460000A60C4F201030168A3F54172914208BF0A
:10147000BEF1120F02D0914206D025E01D6845F45E
:1014800080051D6091421FD12EF0010110291BD152
:101490001968BEF1100F41F40001196014D140F237
:1014A0001C01C2F2000109684DF68362C4F21B32CE
:1014B000A1FB0212910C01EB8101490000910099FE
:1014C00011B100990139F9E7002180F83C10084674
:1014D00001B0B0BD002804BF0120704710B504461C
:1014E000006C30B9204600F09BF80020606484F85E
:1014F0003C00206CC0063AD4206C41F202118843B3
:10150000023042F204312064C4F20101086820F480
:10151000403008600A6894E809101A43D4F810E0D3
:101520000A604168012321F4807141604168C0F67E
:10153000007341EA0E214160416821F04071416031
:10154000416841EA0C014160816821F400618160D9
:10155000E168826811438160A16A8268994222F041
:1015600070628260826804D122F040510AE001205A
:1015700052E011438160816821F040518160E16A4D
:10158000826811438160816821F002018160816875
:10159000227E94F8203041EA42018160416883B1A3
:1015A00041F40061416041684EF2000221F4604163
:1015B0004160616ACFF6FF72436802EB4131194323
:1015C00001E021F400614160C16A40F2000C21F4A5
:1015D0007001C162E2696169CFF6F07CC36A0CEB0D
:1015E00002521A43C262826822F40072826094F846
:1015F0003020836843EA42228260826822F480625B
:101600008260826842EA8121816000206064216CEE
:10161000012262F301012164002184F83C1010BD15
:1016200080B586B0006842F20022C4F201020021B7
:101630009042CDE90411CDE90211019116D042F298
:101640000001C4F20101884238D10020009043F625
:101650004400C4F20200016841F480710160006836
:1016600000F480700090009806B080BD43F64400FE
:101670000091C4F20200026842F4806202600268D3
:1016800002F480620092009A009150F8142C42F00B
:10169000200240F8142C50F8140C00F020000090A8
:1016A00000984FF4806001900320CDE9020141F2DF
:1016B0000040C4F2020001A900F0C0FE06B080BDE7
:1016C00090F82020013A012A04D8006800F11402A1
:1016D000002004E000F1240201204FF4802113686F
:1016E000194311607047000010B590F820E0D0F861
:1016F00000C0AEF1010EBEF1010FDCF808E010D819
:101700001EF0E05F13D0CEF3016E012000FA0EF060
:1017100018608B688BB14868CC6844EAC00003430A
:101720000FE000F1240101204FF4802223E000F1BA
:10173000240101204FF400121DE00868CB6843EA41
:1017400040530CEB0E10C0F880310B69C0F88431A7
:10175000097D012905D100F5C2710B6843F480733E
:101760000B605168C0F88C11126800F5C071C0F8A8
:101770008821002001220B681A430A6010BD000076
:10178000B0B590F82020013A012A2FD846F2006027
:10179000C4F20000026842F001020260026822F412
:1017A0007C520260D1F814E0CC694A6A0368012CCB
:1017B00043EA022202600EF01F024FF0010303FA17
:1017C00002F2C3696FEA020C23EA0203C36113D079
:1017D0002CBBC36803EA0C03C360CB688C8844EA63
:1017E000034300EBCE0423640B4611E0416A41F44D
:1017F000802141620120B0BDC3681343C3600B6800
:101800008C8844EA034300EBCE04236401F10C030B
:101810008C681B8843EA044300EBCE04636443688E
:101820008D6943EA0204D1F810E0096A002D08BF6F
:1018300003EA0C0444604369BEF1000F43EA02046A
:1018400008BF03EA0C040129446102D1C1691143B4
:10185000C161016821F0010101600020B0BD0000FC
:101860007047000010B590F82040013C012C0AD8C8
:10187000046871B12469A4070ED100F1240101208C
:101880004FF4001276E000F1240101204FF4802291
:1018900070E0E468A40771D0046804EB011CDCF874
:1018A000B0410CF5D87E14F004049460DCF8B0412B
:1018B00019BFE4085460640D1460DEF800400CF5B4
:1018C000DA7E04F00204D460DCF8B44124075ABF85
:1018D000DEF8004004F00F0408241461DEF8004034
:1018E0000029C4F307249461DEF800404FEA144451
:1018F0005461DCF8B8211A70026802EB0112D2F8C8
:10190000B8214FEA12225A70026802EB0112D2F893
:10191000B8214FEA12429A70026802EB0112D2F823
:10192000B8214FEA1262DA70026802EB0112D2F8B3
:10193000BC211A71026802EB0112D2F8BC214FEAF5
:1019400012225A71026802EB0112D2F8BC214FEA4E
:1019500012429A71026802EB0112D2F8BC214FEADE
:101960001262DA71006814BF00F1100100F10C017D
:10197000002020220B681A430A6010BD00F12401E8
:1019800001204FF40012F5E72DE9F04F81B0044635
:1019900000684669D0F804908768D0F80CB0D0F899
:1019A00010A0D0F81880F10703D1002530071CD40F
:1019B00023E0F90710D00121BA07816009D4780724
:1019C00000F1AA80380700F1B080204600F06EFADE
:1019D00002E0204600F06CFA0025F80500F1848052
:1019E000F80300F1AA80300707D51BF0100004D0DF
:1019F000206845F400751021C160700708D51BF000
:101A0000080005D020680821C160204600F0E6F9F2
:101A1000B00706D52068C068800702D0204600F0D5
:101A2000DFF9700607D51AF0100004D0206845F4DD
:101A3000806510210161B00608D51AF0080005D0B4
:101A4000206808210161204600F0FCF9F00606D567
:101A500020680069800702D0204600F0F5F9B00345
:101A600008D519F0100005D02068102141602046EB
:101A700000F0ECF9F00308D519F0080005D0206853
:101A800008214160204600F01DFA300440F18F80AB
:101A90005FEA497040F1888006F4807008EA1020FF
:101AA00028435FEA8871014648BF41F00201B20550
:101AB00058BF01465FEA48700D4648BF45F004052F
:101AC000700558BF0D4630056ED518F070006BD00C
:101AD00010380009052862D8DFE800F00353565992
:101AE0005C5F45F008055AE020684FF48071BA0544
:101AF00081600AD4780512D4380519D4204600F044
:101B0000D9F9F8037FF56FAF17E0204600F0D4F95C
:101B1000F8037FF568AF10E04FF400655DE705F569
:101B20000055F8037FF55FAF07E04FF4805554E7A9
:101B300005F58045F8037FF556AF20684FF48031F6
:101B4000BA0381600AD478030FD4380313D4204633
:101B500000F0B4F930073FF548AF4EE7204600F0FB
:101B6000AFF930073FF541AF47E705F500453007CE
:101B70003FF53BAF41E705F5803530073FF535AF21
:101B80003BE745F010050AE045F0200507E045F089
:101B9000400504E045F0800501E045F480752068CB
:101BA000816921F0700181612068042141604DB19B
:101BB000606A40EA05012046616201B0BDE8F04F6D
:101BC000FFF74EBE01B0BDE8F08F0000B0B5C8B160
:101BD000044690F8200010B9204600F071F8206803
:101BE000016841F00101016000F0FEFC054600BF04
:101BF00020684168C90707D100F0F6FC401B0B289C
:101C0000F6D312E00120B0BD016821F002010160AD
:101C100000F0EAFC054600BF2068416889070DD541
:101C200000F0E2FC401B0B28F6D3606A052140F46B
:101C300000306062012084F82010B0BD217E02686F
:101C4000012922F0800208BF80320260617E0268B2
:101C5000012922F0400208BF40320260A17E0268E2
:101C6000012922F0200208BF20320260E17E0268D2
:101C7000012922F0100218BF10320260217F026891
:101C8000012922F0080208BF08320260617F026861
:101C9000012922F0040208BF04320260D4E901C223
:101CA000D4E9033561691A432A431143ACF10102B7
:101CB0001143C16100200121606284F82010B0BD91
:101CC00010B586B0006846F60002C4F2000200219A
:101CD0009042CDE90411CDE90211019133D046F2D1
:101CE0000041C4F20001884276D140F2D411C2F220
:101CF00000010A6843F64000C4F20200531C0B6066
:101D000052B900210091016841F000710160016841
:101D100001F00071009100990021009150F8101C11
:101D2000142441F0080140F8101C50F8100C032155
:101D300000F008000090009840F20040C4F2020059
:101D400000F5006034E043F64000C4F20200009168
:101D5000016841F080610160016801F080610091DB
:101D6000009940F2D411C2F200010A68531C0B60C2
:101D700052B900210091016841F0007101600168D1
:101D800001F00071009100990021009150F8101CA1
:101D9000402441F0020140F8101C50F8100C602162
:101DA00000F002000090009840F20040C4F20200EF
:101DB0000191022102910021039103210491092143
:101DC000059101A900F03AFB20460521002201F00F
:101DD00095F8204601F082F806B010BD704700006B
:101DE0002DE9F04184B040F6045440F6FC48C2F2BC
:101DF0000004C2F200080021224643460546FFF7D0
:101E000031FD41F2B800C2F20000854207D194E8EA
:101E1000CF10CDF80C808DE8C010FFF745F841F2E7
:101E20009000C2F2000085421CBF04B0BDE8F08102
:101E3000206840F6FC41C2F2000104B0BDE8F04168
:101E4000FFF7B2B87047000070470000704700000D
:101E5000B0B5044690F8200001281DD1022084F876
:101E600020002068016821F00101016000F0BCFB46
:101E7000054600BF20684068C00713D000F0B4FBDF
:101E8000401B0B28F6D3606A40F4003060620520E6
:101E900084F820000120B0BD606A40F40020606238
:101EA0000120B0BD00206062B0BD0000704700009E
:101EB0007047000070470000704700007047000046
:101EC0007047000070470000002804BF01207047E1
:101ED00010B50446407920B900202071204600F05A
:101EE00005F801206071002010BD000081B043F6AC
:101EF0003001C4F202010068A1F50362904201D0F2
:101F000001B0704700200090086840F480500860DD
:101F1000086800F480500090009801B070470000FD
:101F200070B5866D044600F05FFB94F83510022909
:101F300025D105462068216C026822F01602026055
:101F4000426922F08002426109B9A16C19B10168AD
:101F500021F008010160016821F00101016000BF6A
:101F600020680068C0070ED000F03EFB401B06282A
:101F7000F6D320206065032084F835000CE0802033
:101F80006065012008E0E06D3F2101FA00F0B060DB
:101F9000012084F835000020002184F8341070BD41
:101FA00090F83510022909D1052180F83510006814
:101FB000016821F001010160002070478021416526
:101FC00001207047F0B581B004460020009040F237
:101FD0001C00C2F200000268D4E9166048F2B51392
:101FE00037680821C1F64E3381403942A2FB0325F0
:101FF0000CD0226813685B0708D5136823F004032C
:102000001360B160616D41F00101616501218140A2
:10201000394208D022685269120604D5B160616D58
:1020200041F00201616504218140394208D02268F3
:102030001268920704D5B160616D41F004016165D9
:1020400010218140394215D020680268120711D54D
:10205000B16002680168520306D4C90506D401685C
:1020600021F00801016001E008033ED4216C09B1B0
:1020700020468847E16D202000FA01F23A4240D024
:1020800020680368DB063CD5B26094F835300268FE
:10209000052B1AD122F016020260426922F080025A
:1020A0004261226C0AB9A26C1AB1026822F00802DD
:1020B00002603F208840B060012084F83500216D27
:1020C000002084F83400D9BB3FE00168520310D4EB
:1020D000C90512D4016821F010010160012084F8C3
:1020E0003500002084F8340007E0A16C0029BFD13E
:1020F000C0E7080301D4616C00E0E16B09B1204640
:102100008847606D08B3606DC00717D0052084F85C
:1021100035002068A90A026822F00102026000BFAF
:10212000009A01328A42009202D80268D207F7D19F
:10213000012084F83500002084F83400E16C21B1DE
:10214000204601B0BDE8F040084701B0F0BD0000F6
:102150002DE9F041044600F047FAC4B105460220DB
:1021600084F835000020216884F83400086820F0E5
:102170000100086020680168C9070BD000F034FA3C
:10218000401B0528F6D90321202203207AE00120F4
:10219000BDE8F081016848F23F02CFF21002D4E9B5
:1021A000013501EA020ED4E9032143EA0E032B4371
:1021B000D4E9056C1A43D4E907781143314341EA65
:1021C0000702616A42EA0802042942EA0C0303D1C9
:1021D000D4E90B273A43134303604269042922F0F0
:1021E000070241EA02012DD1D4E90A5341EA05016F
:1021F00043B3BCF5005F08D0BCF1000F12D1022D33
:1022000016D0012D07D09DB119E0032D17D8DFE8B6
:1022100005F00B0F0B02A3F1C072B2FA82F2520961
:102220004AB90FE0032D02D2012222B90AE006D1F9
:10223000C3F3006232B101214022012022E00022DA
:10224000002AF8D100F0F8024AF6AB23103ACAF699
:10225000AA23A2FB03374EF63E5341613909C0F66B
:102260000003595C40F2FF3398435F2A4FF03F026E
:1022700088BF0430C4E9160102FA01F1816000222E
:1022800001210020626584F83510BDE8F08100006E
:1022900070B590F834C0BCF1010F45D04FF0010C7F
:1022A00080F834C0D0F858E090F835C0BCF1010F88
:1022B00037D14FF0020C80F835C04FF0000CC0F859
:1022C00054C0D0F800C08468056CC06DDCF80060B4
:1022D000402C26F48026CCF80060CCF804300B4665
:1022E00004BF13460A463F2101FA00F0CCF808303B
:1022F000CCF80C20CEF80800DCF8000040F0160006
:10230000CCF800002DB1DCF8000040F00800CCF85B
:102310000000DCF8000040F00100CCF800000020D4
:1023200070BD002180F83410022070BD10B5013856
:102330001F2800F27680DFE800F010747474747463
:1023400074537474747474747436747474747474AC
:102350007474747474747474745F41F61130C2F2DE
:102360000000012101700AF0CBFC012859D040F295
:10237000E010C2F2000040F2D0140068C2F2000483
:10238000214609F033FE2068002808BF10BD4EF634
:102390000450CEF200004FF080510160BFF34F8F28
:1023A000BFF36F8F3DE00A2007F00AFE40F6B14010
:1023B000C2F20000017841F00101017040F6B04026
:1023C000C2F20000017841F00101017041F61230C3
:1023D000C2F20000007820B3BDE8104007F01EBF35
:1023E0000B2007F0EDFD41F67830C2F200000178D5
:1023F00041F00101017010BD092007F0E1FD40F638
:10240000FE70C2F20000017841F00101017041F656
:102410001230C2F20000007818B1BDE8104007F099
:10242000FDBE10BD43F61441C4F201010A68024228
:1024300014BF08607047FFF779BF00002DE9F04F27
:1024400082B000F13E4241F6004502F1FF77C4F24E
:10245000020508224FEAB726A84208BF0722072E26
:1024600038BF4FEAB7224FF0010A002400274FF08F
:102470000009009209E000BF09F101090237B9F132
:10248000100F04F1040400F0A6800A680AFA09FC9F
:1024900012EA0C08F0D0D1F804B00BF0030AAAF14C
:1024A0000102012A12D882680323CE6803FA07FECC
:1024B00022EA0E02BE40324382604268CBF300162D
:1024C00022EA0C0206FA09F632434260BAF1030F1F
:1024D0001DD0C26803238D6803FA07F6B24305FADC
:1024E00007F63243BAF1020FC26010D16FF0030257
:1024F00002EA59020244D2F820C004F01C050F235E
:102500000E69AB402CEA0303AE403343136202680A
:1025100003234E68BB409A4306F00303BB401A43B3
:1025200016F4403F4FF0010A0260A5D0002243F6A6
:1025300044030192C4F202031A6843F6004E42F4C7
:1025400080421A601A68C4F2010E02F480420192BD
:10255000019A29F003024FF6084C7244CFF6FF7C33
:1025600052F80C3004F00C060F25B540AB43009D2B
:1025700005FA06F6334342F80C30DEF808204B68C3
:1025800042EA080643F60C4CDD0258BF22EA080670
:10259000CEF80860C4F2010CDCF800209D0242EA8B
:1025A000080658BF22EA0806CCF80060DEF80420CE
:1025B0009D0342EA080658BF22EA0806CEF80460E6
:1025C000DEF80020DB0342EA080658BF22EA0806CC
:1025D000CEF8006050E702B0BDE8F08F002A08BFD7
:1025E000090481617047000047F6D070C2F2000014
:1025F00000687047F0B581B0B0B3044690F83D0074
:1026000028B9002084F83C00204600F06BFB242011
:1026100084F83D002068016821F001010160016833
:1026200041F400410160016821F40041016001F0C2
:1026300095FA48F28041C0F21E0140F6001265682A
:1026400088424FF00001C0F23D0248F2A16C4FF009
:10265000000338BF01219042C0F2010C38BF0123B2
:10266000654538BF0B4613B1012001B0F0BD4DF6F2
:102670008361C4F21B31A0FB011221684FEA924E24
:102680004B684FF4967623F03F0343EA92434B6046
:1026900044F6D3530F6A0EFB06F6C1F26203A6FBA3
:1026A000033627F03F03B709654538BF970C7A1CFE
:1026B0001A430A62CA6948F2A0674CF6FF73C0F277
:1026C0000107BD4222EA030C0AD801386A00B0FBB8
:1026D000F2F001306FF31F30042898BF04202BE084
:1026E000A368A0F1010E9BB119206843BEFBF0F076
:1026F0000422013062F31F30000512D09BB1192073
:102700006843BEFBF0F00422013062F31F3011E099
:1027100005EB4500BEFBF0F001306FF31F30000504
:10272000ECD1012008E005EB4500BEFBF0F00130E4
:102730006FF31F3040F4004040EA0C00C8610868A5
:10274000D4E9072320F0C0001043184308608868CC
:1027500048F2FF3204F10C0790438CCF184310432A
:10276000A6698860C86820F0FF0038433043C8601D
:10277000086840F00100086000202021206484F8EF
:102780003D10206384F83E0001B0F0BD2DE9F04F0C
:1027900083B0984692468B460446FFF725FF94F88F
:1027A0003D10202909D105462068806910F00200FB
:1027B00007D194F83C00012828D1022003B0BDE8DD
:1027C000F08F012686EA500707E000BF2068806985
:1027D00010F0020086EA5007EBD0FFF705FF401B20
:1027E0001A28F3D3206880698007EFD500202021C4
:1027F000206384F83D1084F83E00216C41F02001F4
:102800002164F90784F83C00D7D0D2E7012122687F
:1028100084F83C101368DDE90D090C99DB0703D13E
:10282000136843F001031360136823F4006313601B
:10283000222284F83D20402284F83E200022226497
:1028400061626085608D594620850020CFF6FF705B
:10285000E062204652464346CDF80090019502F0D2
:1028600071FE18B1012003B0BDE8F08F208D022861
:1028700006D0012810D000BB00200290206812E092
:102880002068016821F480610160016841F4006101
:1028900001600021029113E02068016821F4806149
:1028A00001600021029141690291816902910299BE
:1028B000016841F40071016007E000200290206887
:1028C00041690291806902900298208D002800F0F1
:1028D00008814FF0010B09F101074FF000084FF09C
:1028E000200A032811D802286AD001283AD020688B
:1028F000406910F0040040F095808BEA900621E0DA
:1029000020684069400640F1FF80206850F8141F9D
:10291000490639D40168C90600F1EA80FFF764FE70
:10292000B9F1000FECD0401B4845EED9E8E720682C
:102930004069400767D52068406910F004008BEAC1
:1029400090066FD1002FF6D0FFF74EFEB9F1000FC1
:10295000EDD0401B4845EED9E9E7206840694006C4
:1029600040F1D280206850F8141F490646D401680F
:10297000C90600F1BD80FFF737FEB9F1000FECD0BA
:10298000401B4845EED9E8E72068616A0069087095
:10299000606A228D0130013A606222852168638D70
:1029A000013B63854B695B0740F1978092B2032A34
:1029B00003D10A6822F480620A600969017083E029
:1029C0002068406910F004006AD18BEA90060AE0A2
:1029D00020684069400754D52068406910F0040021
:1029E0008BEA90065CD1002FF6D0FFF7FDFDB9F120
:1029F000000FEDD0401B4845EED9E9E72068616A39
:102A00000069087060E0C4F8308084F83DA084F864
:102A10003E80206C40F020002064F00784F83C8069
:102A20007FF420AF2068616A026822F4806202604D
:102A300000690870606A216801306062208D013889
:102A40002085608D01386085486910F0040027D129
:102A50008BEA90060AE020684069400711D520689B
:102A6000406910F004008BEA900619D1002FF6D0CF
:102A7000FFF7BAFDB9F1000FEDD0401B4845EED984
:102A8000E9E7C4F8308084F83DA084F83E80206CEB
:102A900040F020002064F00784F83C807FF4E2AE30
:102AA0002068616A026842F400720260006908707E
:102AB000606A2268411C6162218D01392185618D26
:102AC0000139618511694170606A218D0130606250
:102AD000481E2085608D01386085208D00287FF498
:102AE00000AF202084F83D00002084F83E0017E06D
:102AF0006FF01001016000202021206384F83D1058
:102B000084F83E00206C09E000202021206384F836
:102B10003D1084F83E00206C40F02000206401202D
:102B2000002184F83C1003B0BDE8F08F2DE9F04F90
:102B300083B0994692468B460446FFF755FD94F8BC
:102B40003D10202909D105462068806910F0020057
:102B500007D194F83C00012828D1022003B0BDE839
:102B6000F08F012787EA500607E000BF20688069E0
:102B700010F0020087EA5006EBD0FFF735FD401B4E
:102B80001A28F3D3206880698007EFD50020202120
:102B9000206384F83D1084F83E00216C41F0200150
:102BA0002164F10784F83C00D7D0D2E701212268E4
:102BB00084F83C101368DDE90D080C99DB0703D19C
:102BC000136843F001031360136823F40063136078
:102BD000212284F83D20402284F83E2000222264F5
:102BE00061626085608D594620850020CFF6FF70B8
:102BF000E062204652464B46CDF80080019502F037
:102C0000DBFD002869D1208DB8B308F1010603E08F
:102C10002068406900064BD5206850F8141F09064B
:102C20000DD4016849053ED4002EF5D0FFF7DCFC39
:102C3000B8F1000FECD0401B4045EDD9E8E7606AE1
:102C40002168034613F8012B0A61228D6362531E2B
:102C50002385678D013F67854F697F070AD51B0470
:102C600008D0437802300B616062901E2085608D31
:102C700001386085208D0028CED1204641462A4665
:102C800002F092FE08BB2068016841F40071016007
:102C9000202084F83D00002084F83E0084F83C00A9
:102CA00003B0BDE8F08F6FF480610160042000E0A4
:102CB000202000212022216384F83D2084F83E104A
:102CC000226C1043206484F83C10206C042804D14A
:102CD0002068016841F400710160012003B0BDE883
:102CE000F08F00002DE9F04786B045F600460068F9
:102CF000C4F200060025B0420595CDE903550295C2
:102D0000019502D006B0BDE8F08743F63007009584
:102D1000C4F20207386801AC40F00400386038683B
:102D20004FF0120800F004000090009800953868F9
:102D30004FF0030940F00100386038684FF0040A92
:102D400000F00100009000984FF40070019006F52B
:102D5000D6302146CDE90285CDF81090CDF814A0EB
:102D6000FFF76CFB4FF48070CDE9010803A880E801
:102D7000200606F5D2302146FFF760FB0095386942
:102D800040F400003861386900F4000000900098B9
:102D900006B0BDE8F087000040F2A40047F6D0710D
:102DA000C2F20000C2F2000100780A681044086014
:102DB0007047000080B543F60040C4F2020001688D
:102DC00041F400710160016841F4806101600168B3
:102DD00041F480710160032000F0BCF80F2000F086
:102DE00005F800F059F8002080BD000070B586B0ED
:102DF000002543F640010195C4F202010A68044629
:102E000042F001020A60096801A801F00101019184
:102E10000199694600F07CFE049E002E18BF012631
:102E200000F09CFE4DF68361B040C4F21B31A0FB64
:102E300001014FF0FF3000EB914141F66010C2F20A
:102E400000004FF0804240F2E733C0E90021C0E9C2
:102E500002530561856101F0FDFA0546C0B941F6EE
:102E60006010C2F2000001F06BFB054680B91C2027
:102E700000F034F80F2C0AD81C202146002200F064
:102E80003DF840F2A800C2F20000046000E0012515
:102E9000284606B070BD000082B0002043F6400115
:102EA0000190C4F202014A6842F480424A604A68D2
:102EB00002F480420192019A00900868002240F0DA
:102EC0008050086008680F2100F080500090009842
:102ED0006FF0010002B000F011B80000002848BFF8
:102EE000704700F01F01012202FA01F14EF20012B8
:102EF0004009CEF2000242F82010704710B54EF69D
:102F00000C5CCEF2000CDCF80030C3F3022E8EF025
:102F10000704042C28BF0424BEF103034FF0FF3E36
:102F20000EFA04F438BF0023A14399400EFA03F3CC
:102F30009A43114300F1604200F00F03090102F5CA
:102F40006442043B6344002848BF03F10C02117043
:102F500010BD00004EF60C51CEF200010A684FF68B
:102F6000FF031A4060F30A2242F0806040F0FD70D7
:102F70000860704770470000D0F8E00405F070BBAF
:102F800001EBC102D0F8E03400EB8200026A18467F
:102F900005F0CABA01EBC102D0F8E03400EB8200C0
:102FA000D0F86022184605F019BB0000D0F8E00404
:102FB00005F058BBB0B50279044601F00F0090420D
:102FC00084BF0120B0BD49B2B1F1FF3F09DD00EB84
:102FD000C00104EB810202F51571002382F855321D
:102FE00007E000EBC00104EB8102012302F11401B0
:102FF000537594F894240025012A8D70087004BF3D
:103000000220B0BD2068012284F8942406F00EF856
:10301000284684F89454B0BD70B5064648B2B0F165
:10302000FF3F01F00F0000EBC00107DD06EB81045C
:1030300004F51571002584F8555206E006EB810C65
:1030400001240CF114018CF815404D786FF3DF2248
:10305000002D08708A600B7118BF4883022B04BFD3
:103060000020487196F89404012804BF022070BD26
:103070003068012286F8942405F05AFF002086F873
:10308000940470BD10B501F00F0404EBC40100EB13
:10309000810E4FF0000CCEF868C28EF855C290F841
:1030A00006C0CEF86022CEF86432BCF1010F8EF873
:1030B000544208BFCEF8702200680EF515716246C2
:1030C00005F0FAFF002010BDB0B50446007901F00C
:1030D0000F05854284BF0120B0BD48B2B0F1FF3F6B
:1030E00009DD01EBC10004EB800000F51571002241
:1030F00080F8552207E005EBC50004EB80000122B3
:1031000000F11401427594F89404012201288A7098
:103110000D7004BF0220B0BD206884F8942405F02F
:10312000ADFF2DB92068A17904F29C4205F050FF53
:10313000002084F89404B0BD80B501F00F0C0CEBB6
:10314000CC0100EB810E714601F814CF4FF0000C5A
:10315000C1F814C04FF0010C81F801C090F806C00E
:10316000CA60BCF1010F0B6108BFCEF830200068C7
:10317000624605F0A1FF002080BD00002DE9F04F60
:1031800089B005680646284606F002F910B109B074
:10319000BDE8F08F306806F029F90028F7D0D5F89F
:1031A0000808C0F30D213068C6F8D41406F01EF9E3
:1031B000800704D53068416901F00201416130683F
:1031C00005F50061039106F011F9C00604953CD5A0
:1031D0003068816921F0100181612C6AC4F3434099
:1031E000062804F00F0519D0022828D147F6F07000
:1031F00014EA000823D005EBC50006EB8007D7F8DA
:1032000060124FEA18140498224606F0F3F8D7F833
:10321000600200EB1810C7F8600207E0049806F29D
:103220009C41082206F0E6F8C4F30A1405EBC50039
:1032300006EB8000D0F868122144C0F868123068AC
:10324000816941F010018161049D3068089606F0A3
:10325000CDF8000340F1F1800898006806F0A4F86A
:10326000002800F0EA80064608984FF4306800F223
:103270009C4000244FF0000B07901BE005EB08007A
:10328000022181605FEA8A6042BF05EB08002021CD
:1032900081605FEA8A4042BF05EB08004FF40051AD
:1032A00081600BF1010B760808F1200804F1240479
:1032B00000F0C380F007F4D008985FFA8BF900683B
:1032C000494606F08BF88246C0075DD005EB080042
:1032D00001218160089F386808EB0001036C8A684F
:1032E000BF79012F29D1170735D4970676D412F06C
:1032F000280F49D143F20B07C4F65477BB4202D3DF
:1033000012F4004230D1089F002C07EB0402D2F8DF
:10331000743209696FF3DF41A3EB0101C2F868124F
:1033200040F08980D2F86432002B00F07F80D2F820
:1033300060020844C2F860027CE043F20B07C4F666
:103340005477FF37BB4212D110040DD4900644BF0E
:103350002020886014E043F20B00C4F654708342CE
:1033600012D312F400400FD04FF4004037E03CB9C4
:103370000899D1F8641219B9079A002105F028FEBE
:1033800008984946FFF706FE5FEA0A702CD505EB60
:10339000080008218160089843F20B020068C4F617
:1033A0005472056C40448168571EBD4205D911F422
:1033B00000411CBF4FF400418160089800F0D6FA2C
:1033C000BD42049D10D90898807901280CD1089835
:1033D000079A0068012105F0FBFD05E020208860C8
:1033E0005FEA0A70D3D400BF5FEACA6042BF05EB50
:1033F0000800102181605FEA8A707FF543AF686939
:10340000000604D50399486840F480604860089835
:10341000204490F8571201297FF430AF002180F842
:1034200057120898494600F06DFA27E7079A0121DC
:1034300005F0CEFD089F3846A3E7DDF820B0DBF8A5
:10344000000005F0D3FF400340F1D580DBF8000019
:1034500005F0A2FF002800F0CE80824605F510603E
:1034600002900BF29C400027019005E05FEA5A0AA7
:1034700007F1010700F0BF805FEACA70F6D0DBF801
:103480000000F9B2079105F097FF029E0446C007BD
:1034900026D0039A07F00F00516B012303FA00F0C6
:1034A00021EA0000506306EB471083609BF806009A
:1034B000012811D107EBC7000BEB8000D0E9071200
:1034C0001144016247B9406A30B9DBF80000019A43
:1034D000012105F07DFD00BF07995846FFF750FD1B
:1034E000200742BF06EB471008218160E00642BF7B
:1034F00006EB471010218160600642BF06EB4710C3
:1035000040218160A00715D52846394605F00EFFF9
:1035100007EBC7000BEB800010F8171F012905D13E
:10352000002101700799584600F0E8F906EB4710B2
:1035300002218160200699D507EBC7000BEB8000C4
:10354000814659F8241FC84658F8042F91428DD35C
:10355000DBF8006083465BF81C3F891A994238BF4C
:103560000B46069606EB4711D1F81829033392B2A1
:10357000B2EB930F28D301F5106100F120050591FE
:10358000D8F80000D9F8001081421DD9DBF80040BE
:10359000089A081AA0422968967938BF0446DDE9DE
:1035A0000602A3B2009605F0E9FF2868D8F80010DB
:1035B000204428600819C8F800000598E11C8069BB
:1035C00080B2B0EB910FDBD2D9F80000D8F8001030
:1035D000DDF820B0049D88423FF648AF069B07F017
:1035E0000F00D3F83418012202FA00F021EA00009B
:1035F000C3F834083AE7DBF8000005F0F7FE039C57
:10360000B0F1FF3F18DC606820F0010060609BF8BB
:10361000CC04012807D100208BF8CC0458460021A7
:10362000FFF7A8FC02E0584600F084F9DBF8000040
:10363000416901F000414161DBF8000005F0D6FE70
:1036400000050BD5A068C00702D0584600F096F9D7
:10365000DBF80000416901F400614161DBF8000022
:1036600005F0C4FEC00453D56068102120F00100AD
:103670006060DBF8000005F059FE9BF80400D0B153
:1036800005F510614FF67F328A600B68013823F42C
:1036900000130B60C1F80822D1F8003223F40013A4
:1036A000C1F80032D1F8003243F00063C1F80032B3
:1036B00001F12001E8D1E06940F00110E0619BF8E0
:1036C0000F0040B1D4F8840040F00B00C4F884002F
:1036D00004F1440006E0606942F22B010843606196
:1036E00004F1100001680BF29C4241F00B010160F3
:1036F000206820F4FE602060DBF800009BF80610D4
:1037000005F066FCDBF80000416901F4805141617D
:10371000DBF8000005F06AFE80041CD5DBF8000031
:1037200005F046FCDBF8000005F024FEDBF8004065
:103730008BF8070000F00CFA9BF8072001462046A2
:1037400005F090FE584600F0E1F8DBF80000416912
:1037500001F400514161DBF8000005F047FE00076D
:1037600008D5584600F0EAF8DBF80000416901F09E
:1037700008014161DBF8000005F038FE000629D59C
:103780000499886920F0800088619BF80400022871
:1037900020D3012440F27B2507E000BF9BF8040002
:1037A0000134844205F1240514D21BF805000128D8
:1037B000F4D104F00F0000EBC0000BEB80022006F8
:1037C000DBF8000002F1140158BF02F5157105F095
:1037D00069FDE3E7DBF8000005F008FEC0022ED526
:1037E0009BF80400022824D304980BF13C0500F553
:1037F00012640126012707E09BF8040001372034FA
:10380000874205F1240514D2206829780129F3D1D3
:10381000B0F1FF3FF0DC07F00F0000EBC0000BEB56
:103820008001DBF80000143105F8016C05F03AFD69
:10383000E2E7DBF80000416901F480114161DBF847
:10384000000005F0D3FD800232D59BF80410049DE2
:10385000022927D305F5326001390BF51F720123C8
:1038600005E000BF2030013902F124021AD00768B8
:103870001678012EF6D1B7F1FF3FF3DCDBF8D46404
:1038800086EA1747FF07EDD102F8013CAF6947F020
:103890008007AF616F693F06E4D40399486840F43C
:1038A00000704860DBF80000416901F400114161DB
:1038B000DBF8000005F09AFD400008D55846FFF7F8
:1038C0005BFBDBF80000416901F080414161DBF8FE
:1038D000000005F08BFD40077FF559ACDBF80000D8
:1038E0004468600702D55846FFF760FBDBF800002C
:1038F00041682143416009B0BDE8F08FD0F8E00491
:1039000004F0D2BED0F8E00404F0E2BE10B5C179F4
:10391000044621B1022918BFFDF754FD0121D4F856
:10392000E00404F05BFFD4F8E004BDE8104004F0CC
:1039300009BF0000D0F8E00404F038BFD0F8E0047C
:1039400004F03EBF10B5044690F89404012804BF6B
:10395000022010BD012084F894046174206805F0F1
:103960006FFD002084F8940410BD0000D0F8E0241E
:1039700000F29C41104604F047BF000010B5044619
:10398000D0F8E00404F082FF2068D0F8001E41F077
:103990000101C0F8001EE07A002808BF10BD4EF6F5
:1039A0001050CEF20000016841F00601016010BD28
:1039B0002DE9F041002800F08B8043F60808C4F29E
:1039C00002080446D8F8F8030D4600F007008842C4
:1039D00007D288F8F853D8F8F80300F00700A84297
:1039E00076D12068810717D5410705D5D8F8001092
:1039F00041F4E051C8F80010010705D5D8F80010CF
:103A000041F46041C8F80010D8F80010A26821F015
:103A1000F0011143C8F80010C0073FD1D8F8F803EF
:103A200000F00700A84207D988F8F853D8F8F8033F
:103A300000F00700A8424BD12068410707D5D8F80D
:103A40000010E26821F4E0511143C8F800100007AB
:103A500008D5D8F80000216920F4604040EAC10090
:103A6000C8F8000000F0A2F8D8F800104EF6EC12EA
:103A7000C1F30311C0F60002515C40F21C0220FAAF
:103A800001F140F2A800C2F200000068C2F2000298
:103A90001160FFF7ABF90020BDE8F0816068811E7E
:103AA000022907D258F8081C89015CBF0120BDE833
:103AB000F08110E0012807D158F8081C89035CBF89
:103AC0000120BDE8F08106E058F8081C890702D4FF
:103AD0000120BDE8F081D8F8001021F0030108436F
:103AE000C8F80000FEF780FD064641F2883700BFA7
:103AF000D8F80000616800F00C00B0EB810F8DD0A9
:103B0000FEF772FD801BB842F2D90320BDE8F081B8
:103B10000F22026043F60802C4F20202136803F0A7
:103B200003034360136803F0F0038360136803F436
:103B3000E053C360D2F800C04FF4E05303EADC0363
:103B40000361D2F8F80300F0070008607047000036
:103B500040F21C00C2F200000068704740F21C00F6
:103B600043F60801C2F20000C4F2020100680968CD
:103B70004EF6FC12C1F38221C0F60002515CC8402F
:103B80007047000040F21C0043F60801C2F200003A
:103B9000C4F20201006809684EF6FC12C1F342311A
:103BA000C0F60002515CC8407047000010B543F6F3
:103BB0000404C4F20204606800F00C0008280AD073
:103BC000042819BF42F20040C0F2F40041F6003070
:103BD000C0F2B70010BD206821682368490241F691
:103BE0000031C0F2B70100F03F02C3F388105CBFA0
:103BF00042F20041C0F2F401A1FB00010023FCF7F6
:103C00003BFB21680222C1F3014102EB4101B0FB01
:103C1000F1F010BD2DE9F04182B0002800F0A18044
:103C20000446007843F60006C007C4F2020643D0FB
:103C3000B06800F00C00042805D1306880033BD543
:103C40006068C8BB8DE0B06800F00C00082802D1A5
:103C500070684002F1D46568B5F5A02F0AD0B5F5BB
:103C6000803F0BD0306820F480303060306820F422
:103C7000802006E0306840F480203060306840F4F6
:103C800080303060FEF7B0FC002D054611D000BF3B
:103C90003068800310D4FEF7A7FC401B6428F7D9D6
:103CA00020E100BFFEF7A0FC401B64284FF003009A
:103CB00054D830688003F5D4207880071AD5B068CE
:103CC00010F00C0F09D0B06800F00C00082840F08C
:103CD00088807068400200F184803068800702D5D7
:103CE000E06801283DD13068216920F0F80040EA01
:103CF000C10030602078000737D4207840074AD4CC
:103D0000A56955B3B06800F00C00082840F09C800D
:103D1000012D26D07068E16900F480028A4220D12A
:103D2000216A00F03F028A421BD147F6C071626AE5
:103D30000140B1EB821F14D1A16A4FF6FF73C90392
:103D4000994300F44032A1F580318A4209D1E16AF9
:103D500000F07060B0EB016F03D1002002B0BDE84D
:103D6000F081012002B0BDE8F0816069002840F2D6
:103D70000000C4F2472056D00121C0F8801EFEF793
:103D800033FC0546706F8007B7D4FEF72DFC401B4F
:103D90000228F7D9A6E0306C10F080580AD1002034
:103DA0000190306C40F080503064306C00F08050F6
:103DB0000190019847F20007C4F200073868C00577
:103DC00024D4386840F480703860FEF70DFC054656
:103DD0003868C0051AD4FEF707FC401B0228F7D943
:103DE00080E0E068002851D00020C4F24720012183
:103DF0000160FEF7F9FB0546306880073FF573AFB9
:103E0000FEF7F2FB401B0228F6D96BE0A568052DF2
:103E100050D0012D52D0306F20F001003067306F4C
:103E200020F004004DE00021C0F8801EFEF7DCFB0E
:103E3000054600BF706F80077FF55FAFFEF7D4FBCC
:103E4000401B0228F6D94DE00027C4F24727002086
:103E50003866FEF7C9FB022D05460BD1306880019C
:103E600058D5FEF7C1FB401B02284FF00300F5D9DF
:103E700074E700BF306880017FF56FAFFEF7B4FBD9
:103E8000401B02284FF00300F4D967E70020C4F27A
:103E9000472000210160FEF7A7FB05463068800738
:103EA0007FF528AFFEF7A0FB401B02284FF0030070
:103EB000F4D953E7306F40F004003067306F40F0C2
:103EC00001003067FEF790FB002D054641F2883770
:103ED00014D000BF306F800713D4FEF785FB401B62
:103EE000B842F7D9032002B0BDE8F081FEF77CFBB1
:103EF000401BB8424FF003003FF630AF306F8007F1
:103F0000F4D4B8F1000F7FF4FBAE306C20F0805099
:103F10003064F5E604F11C052FCD084340EA821019
:103F2000D9034FF6FF729143A1F5803140EA056055
:103F30000843706001203866FEF756FB044600BF58
:103F4000306880013FF509AFFEF74EFB001B0228E9
:103F50004FF00300F4D901E770B538B10446406A68
:103F600030B10020206104F1140007E0012070BD91
:103F70006068B0F5827F03D004F11C00002101606D
:103F80000026A66294F8510020B9204684F85060BB
:103F900000F03CF8022084F8510094E80F0001F48E
:103FA0008271056802F4044225F040050560114461
:103FB00003F400622369114403F0020263691144AF
:103FC00003F00102A369E569114403F4007211448E
:103FD00005F03802256A114405F08002A56A1143F4
:103FE00005F4005211430160626A042101EA1341A1
:103FF00002F0100211444160C16921F40061C16105
:104000000120666584F85100304670BD2DE9F04FFF
:1040100087B0044643F200070068C4F20107002697
:10402000B8420696CDE904660396029602D007B020
:10403000BDE8F08F43F630000196C4F202004169FA
:1040400002AD41F480514161416946F2404801F4BA
:10405000805101910199019601684FF0020941F0E8
:104060000201016001684FF0030A01F002010191B1
:104070000199019601684FF0050B41F001010160C3
:104080000068294600F00100019001981820029074
:1040900007F55440C4F20208CDE90396CDF814A008
:1040A000CDF818B0FEF7CAF98020CDE9020904A8BE
:1040B00080E8400C07F550402946FEF7BFF941F271
:1040C000E805C2F200054FF440304FF0C0674FF4EE
:1040D0008069C5E908062846C5E90087C5E9026682
:1040E000C5E90496C5E90666FEF732F8002818BF50
:1040F000FDF768F9E564AC6341F2481508F1180072
:10410000C2F200054021C5E9000705F108000022C0
:1041100080E806024FF40030C5E908022846C5E9E8
:104120000522EA61FEF714F8002818BFFDF74AF9E6
:10413000A564AC6307B0BDE8F08F00002DE9F04343
:1041400083B01E4615460F460446FEF74DFA94F816
:104150005110814601290DD06068B0F5827F15D1DC
:10416000A06800284FF0020008BF042902D003B065
:10417000BDE8F083002F4FF0010018BF002DF6D0EE
:10418000002EF4D094F85000012803D1022003B08F
:10419000BDE8F083012084F8500094F8510000211C
:1041A00004281CBF052084F851006165A563E687DB
:1041B000A6872763E6862068A68621646164016875
:1041C000490603D4016841F0400101606168731E33
:1041D000E268B1FA81F1B3FA83F3DDF82880490986
:1041E0005B09B2F5006F41EA030138D131B137F80C
:1041F000021BC1602763E08E0138E086012608F1CA
:10420000010500BFE08E10B9E08F00286CD0206857
:10421000816889070CD5E18E51B1012E08D1216B3F
:10422000002631F8022BC2602163E18E0139E1865C
:104230008168C9070AD0E18F41B1C068A16B01262E
:1042400021F8020BA163E08F0138E087FEF7CCF97B
:10425000002DD7D0A0EB09004045D3D33AE039B1C7
:1042600039780173206B01302063E08E0138E086DD
:10427000012608F1010500BFE08E08B9E08F98B370
:104280002068816889070DD5E18E59B1012E09D1C9
:10429000216B002609780173206B01302063E08ECA
:1042A0000138E08620688168C9070BD0E18F49B1E9
:1042B000C068A16B01260870A06B0130A063E08F7D
:1042C0000138E087FEF790F9002DD5D0A0EB09006A
:1042D0004045D1D3012084F85100002084F85000DB
:1042E000032003B0BDE8F0832046022101224346AB
:1042F000CDF8009003F0C8FC60B1606D40F0200084
:10430000606520206065002084F85000012003B023
:10431000BDE8F08340F21C00C2F20000006849F6DC
:104320008171C1F25E61A0FB0101480D4FF47A7109
:10433000484302906068B0F5827F0AD12046802110
:1043400000224346CDF8009003F09EFC0028D4D113
:1043500008E0029830B10298013802902068806825
:104360000006F6D4A06838B9002001902068C16822
:104370000191806801900198012084F8510000208B
:1043800084F85000606D002818BF012003B0BDE81C
:10439000F0830000704700007047000010B590F8EF
:1043A0003C20012A4FF0020252D0012380F83C3019
:1043B00080F83D200268D2F804E0D2F808C00C680A
:1043C0002EF07003234341F2FF74C4F20004A242B2
:1043D00053600DDC40F2FF73C4F200039A4215DC17
:1043E000B2F1804F29D040F20043C4F2000322E032
:1043F00040F2FF33C4F201039A4212DC41F600039B
:10440000C4F200039A4218D0002312E040F60003E1
:10441000C4F200039A4210D040F60043C4F20003F5
:1044200009E044F20003C4F201039A4205D040F2CD
:104430000043C4F201039A4204D149682CF080037E
:10444000194391600121002280F83D1080F83C2042
:10445000104610BD002804BF0120704710B5044667
:1044600090F83D0028B9002084F83C00204600F078
:104470001FF8022084F83D002068211D03F090FD04
:10448000012084F8460084F83E0084F83F0084F858
:10449000400084F8410084F8420084F8430084F826
:1044A000440084F8450084F83D00002010BD000061
:1044B00083B0006844F20041C4F2010188421CD07C
:1044C00040F60041C4F20001884227D040F60001C6
:1044D000C4F2000188421FD10020029043F6400040
:1044E000C4F20200016841F004010160006800F0BC
:1044F00004000290029803B070470020009043F639
:104500004000C4F20200416841F40031416040685B
:1045100000F400300090009803B070470020019034
:1045200043F64000C4F20200016841F00801016056
:10453000006800F008000190019803B07047000087
:1045400090F83D1001291CBF01207047022180F81E
:104550003D10006841F2FF72C168C4F2000290424F
:1045600041F00101C1600DDC40F2FF71C4F20001B5
:10457000884215DCB0F1804F29D040F20041C4F2EE
:10458000000122E040F2FF31C4F20101884212DC56
:1045900041F60001C4F20001884218D0002112E067
:1045A00040F60001C4F20001884210D040F60041FC
:1045B000C4F2000109E044F20001C4F201018842A2
:1045C00005D040F20041C4F20101884206D1816861
:1045D00001F00701062904BF00207047016841F07F
:1045E000010101600020704780B590F83C20012A4D
:1045F0004FF0020200F0C280012380F83C3080F8C6
:104600003D20D0F800C04FF67772DCF8083023EA7E
:104610000202CCF808200B684F2B28DC1F2B43DD4F
:10462000202B44D0302B42D0402B40F0A980D1F831
:1046300004E0C968DCF82030DCF8202022F0010218
:10464000CCF82020DCF8182022F0F00242EA011118
:1046500023F00A0242EA0E02CCF81810CCF820200F
:10466000DCF8081041F0470121F030017DE06F2BAC
:1046700025DDB3F5005F46D0B3F5805F77D0702BB2
:104680007ED1D1E901E3C968DCF8082043EA0E03D2
:1046900022F47F4243EA01211143CCF80810DCF8F0
:1046A000081041F0770160E00BB1102B68D1DCF805
:1046B000081021F07001194341F0070155E0502B1B
:1046C00034D0602B5CD1D1F804E0C968DCF820302C
:1046D000DCF8202022F01002CCF82020DCF8182092
:1046E00022F4704242EA013123F0A00242EA0E12A3
:1046F000CCF81810CCF82020DCF8081041F0670145
:1047000021F0100131E0D1E901E3C968DCF80820AB
:1047100043EA0E0322F47F4243EA01211143CCF81D
:104720000810DCF8081041F480411EE0D1F804E0E4
:10473000C968DCF82030DCF8202022F00102CCF837
:104740002020DCF8182022F0F00242EA011123F0C8
:104750000A0242EA0E02CCF81810CCF82020DCF84D
:10476000081041F0570121F02001CCF80810002278
:10477000012180F83D10002180F83C10104680BDDA
:104780000122F5E77047000070B504460068C5686F
:104790000669B10716D515F0020113D06FF00201BA
:1047A0000161012121778069800703D02046FFF74E
:1047B000E9FF05E0204600F0CFF9204600F03AFB83
:1047C00000202077700718D515F0040015D0206858
:1047D0006FF00401016102212177806910F4407FAC
:1047E00003D02046FFF7CEFF05E0204600F0B4F9E5
:1047F000204600F01FFB00202077300717D515F06A
:10480000080014D020686FF00801016104212177AD
:10481000C069800703D02046FFF7B4FF05E02046BB
:1048200000F09AF9204600F005FB00202077F00602
:1048300018D515F0100015D020686FF01001016137
:1048400008212177C06910F4407F03D02046FFF78C
:1048500099FF05E0204600F07FF9204600F0EAFAD3
:1048600000202077F00718BF15F0010002D13006B4
:1048700009D412E020686FF001010161204600F0C8
:10488000DBFA300609D515F0800006D020686FF0FD
:10489000800101612046FFF77DFD700609D515F006
:1048A000400006D020686FF040010161204600F012
:1048B000CBFAB00658BF70BD15F0200008D02168B3
:1048C0006FF0200220460A61BDE87040FFF764BD2A
:1048D00070BD000080B586B0006844F20042C4F2AA
:1048E000010200219042CDE90411CDE902110191AC
:1048F00024D040F60041C4F20001884236D040F690
:104900000001C4F2000188424ED10020009043F61D
:104910003000C4F20200016841F008010160006843
:10492000022100F00800009000984FF480400190B0
:104930000020C4F2020000F540602CE043F6300095
:104940000091C4F20200016841F0020101600068B8
:10495000032100F00200009000984FF48070019055
:104960000020C4F2020000F5806014E000200090F6
:1049700043F63000C4F20200016841F00101016019
:104980000068022100F001000090009807200190CB
:104990000020C4F20200022202920022059101A925
:1049A000CDE90322FDF74AFD06B080BDF0B590F8D1
:1049B0003C30012B04BF0220F0BD4FEAB2020123BC
:1049C000032A80F83C3000F2C180DFE802F00233B5
:1049D00066980268136A166A23F0020326F001063D
:1049E0001662D2F804E0D2F818C08D6840F2004692
:1049F00042F48064C4F20106B44243EA050305D1DF
:104A0000CD6823F00C0325F004052B430D68B44258
:104A100007D1D1E905462EF4407E44EA0E0444EA6B
:104A2000060E2CF073062E43C2F804E09661496826
:104A3000516389E0026840F20045136A166A23F068
:104A4000200326F010061662D2F804E0D2F818C04F
:104A50008E6842F48064C4F20105AC4243EA061356
:104A600007D1CE686FF0400723F0C00307EA0616AF
:104A700033430E68AC4206D1D1E905452EF44067B8
:104A8000254347EA850E2CF4E64747EA0627C2F895
:104A900004E097614968916356E0026840F200457E
:104AA000136A176A23F4007327F480771762D2F829
:104AB00004E0D2F81CC08E6842F48064C4F20105A0
:104AC000AC4243EA062307D1CE6840F2FF473602E4
:104AD00023F44063BE4333430E68AC4206D1D1E9B0
:104AE00005452EF44057254347EA051E2CF0730771
:104AF0003743C2F804E0D7614968D16324E0026813
:104B000040F20047D2F820C0136A42F4806623F4D2
:104B1000805313625368D4690D68D1F808E0C4F279
:104B20000107BE4204D14E6923F4804343EA861351
:104B300024F4E64646EA05265360D6612CF4005775
:104B4000496847EA0E33116413620023002180F89C
:104B50003C101846F0BD000070470000002804BF5C
:104B60000120704710B5044690F83D0028B9002098
:104B700084F83C00204600F01FF8022084F83D0035
:104B80002068211D03F00CFA012084F8460084F807
:104B90003E0084F83F0084F8400084F8410084F827
:104BA000420084F8430084F8440084F8450084F807
:104BB0003D00002010BD0000704700002DE9F043CB
:104BC00090F83C30012B04BF0220BDE8F0834FEA8F
:104BD000B2020123032A80F83C3000F2F580DFE8BE
:104BE00002F0023E7DBD036840F200471C6A1A6A6B
:104BF00024F0020422F001021A621A46D3F804E0FB
:104C000052F818CF8E6843F48065C4F20107BD42A4
:104C100044EA060405D1CE6824F00C0426F004060C
:104C200034430E68BD4207D1D1E905572EF4407ECA
:104C300045EA0E0545EA070E2CF073073743C3F823
:104C400004E09F614F6809695F631C629F6947F0D8
:104C500008079F619F6927F004079F61B0E0036820
:104C600040F200481C6A1A6A24F0200422F0100264
:104C70001A621A46D3F804C052F818EF8F6843F44A
:104C80008065C4F20108454544EA071407D1CF689E
:104C90006FF0400624F0C00406EA07163443D1F84A
:104CA0000090454506D1D1E905562CF440672E43C6
:104CB00047EA860C2EF4E64747EA0927C3F804C002
:104CC0009F614F6809699F631C629F6947F4006791
:104CD0009F619F6927F480679F6170E0036840F2DD
:104CE00000481C6A1A6A24F4007422F480721A6262
:104CF0001A46D3F804C052F81CEF8F6843F480655D
:104D0000C4F20108454544EA072408D1CF6840F2BF
:104D1000FF463F0224F4406427EA06063443D1F8F4
:104D20000090454506D1D1E905562CF440572E4355
:104D300047EA061C2EF0730747EA0907C3F804C0C8
:104D4000DF614F680969DF631C62DF6947F00807AC
:104D5000DF61DF6927F00407DF6131E0036840F2BB
:104D60000045D3F820C01A6A43F4806722F48052C9
:104D70001A621A465C6852F81CEFD1F800808E68FF
:104D8000C4F20105AF4204D14D6924F4804444EAE1
:104D900085142CF4005747EA06372EF4E64646EA17
:104DA00008265C60DE614E6809691E641F62DF6967
:104DB00047F40067DF61DF6927F48067DF6109027C
:104DC0001368194300231160002180F83C10184635
:104DD000BDE8F083002804BF0120704710B50446E9
:104DE00090F83D0028B9002084F83C00204600F0EF
:104DF0001FF8022084F83D002068211D03F0D0F840
:104E0000012084F8460084F83E0084F83F0084F8CE
:104E1000400084F8410084F8420084F8430084F89C
:104E2000440084F8450084F83D00002010BD0000D7
:104E300070470000704700000068B0F1804F18BF55
:104E40007047FDF7A9BF00007047000070470000E1
:104E500070470000B0B582B0044600680168C368BE
:104E6000426901F02F05202D03F0200506D12DB158
:104E7000204602B0BDE8B04003F0A4B95FEA017C6F
:104E80001EBF02F0010E03F4907212EB0E0253D11A
:104E9000226B012A05D111F0100218BF13F0100285
:104EA00036D10A0622D513F080021FD094F84110A3
:104EB00021293FD1A168B1F5805F03D12169002983
:104EC00000F04D81216A4A1C226209784160E18C20
:104ED00001390A04E1842DD1C16821F08001C1604B
:104EE000C16841F04001C16002B0B0BD490621D5A2
:104EF00013F040011ED0C16821F04001C1602021A3
:104F0000204684F8411002B0BDE8B04000F014BB68
:104F10000021019101680191416801910199406965
:104F2000400611D4A08DE18DE28D002A18BF884281
:104F300040F0E78002B0B0BDC80718BF13F480701E
:104F400052D1480756D45CE0E06B016849688AB2E8
:104F5000002A40D0A38D9A423DD2E185C069B0F5C8
:104F6000807F30D0206850E8030F216820F48070E3
:104F700041E80302002AF5D1206850E8050F2168B6
:104F800020F0010041E80502002AF5D1206850E830
:104F9000050F216820F0400041E80502002AF5D104
:104FA000202084F842000020206300BF206850E8E1
:104FB000030F216820F0100041E80302002AF5D118
:104FC000E06BFCF7ADFF02206063A08DE18D401A1D
:104FD00081B22046BEE0A18D9142ABD1C069B0F54F
:104FE000807FA7D10222B3E0606C40F001006064D2
:104FF000480706D5BEF1000F03D0606C40F00200F8
:105000006064880706D5BEF1000F03D0606C40F0E5
:1050100004006064BCF1000F09D545EA0E00B0FA47
:1050200080F0400903D1606C40F008006064606C5F
:1050300000283FF47FAF11F0200018BF002D02D0F0
:10504000204603F0BFF820684069616C00F0400022
:1050500001F00801401847D0206850E8030F21688C
:1050600020F4907041E80302002AF5D1206850E84E
:10507000050F216820F0010041E80502002AF5D162
:10508000206B01280AD100BF206850E8030F216877
:1050900020F0100041E80302002AF5D1202084F816
:1050A00042000020206320684069400623D500BFED
:1050B000206850E8050F216820F0400041E8050213
:1050C000002AF5D1E06BB0B148F2CD01C0F6000185
:1050D0000165FCF765FF00283FF42CAFE06B016D24
:1050E00002B0BDE8B04008472046FFF7B1FE0020FF
:1050F000606402B0B0BD204602B0BDE8B040FFF72A
:10510000A7BE401A216851E8031F226821F490715C
:1051100042E80313002BF5D1216851E8051F2268EE
:1051200021F0010142E80513002BF5D1202184F87C
:1051300042100021216300BF216851E8031F22684B
:1051400021F0100142E80313002BF5D1022281B2B5
:105150002046626302B0BDE8B040FFF777BE216A27
:1051600031F8022B6FF35F2242602162AFE600004C
:10517000002804BF0120704710B5044690F8410094
:1051800028B9002084F84000204600F021F82420AF
:1051900084F841002068C16821F40051C1602046B4
:1051A00003F072F82068016921F4904101614169BE
:1051B00021F02A014161C16841F40051C160002021
:1051C0002021606484F8411084F84210606310BDAF
:1051D0002DE9F04F87B00446006844F60001C4F2A0
:1051E000000100268842CDE90566CDE903660296F6
:1051F00000F0958041F20041C4F20101884200F0C4
:10520000D98041F20001C4F20101884240F0488196
:10521000002743F630000197C4F2020041690025DF
:1052200041F0100141614169C4F2020501F0100131
:10523000019101990197016802AE41F002010160FC
:10524000016846F2280801F00201019101990197D5
:1052500001684FF0020941F00101016000684FF060
:10526000030A00F0010001900198802002904FF0A5
:10527000070B05F580603146C4F20208CDE90397BB
:10528000CDF814A0CDF818B0FDF7D8F84FF40070A1
:10529000CDE9020904A880E8800C28463146FDF7D4
:1052A000CDF841F2A81508F58C60C2F200054FF068
:1052B000006685E8C1004FF400304FF48069C5E90D
:1052C00008072846C5E90379C5E90577EF61FCF7CA
:1052D0003FFF002818BFFCF775F8E563AC6341F2A7
:1052E000082508F59260C2F200054021C5E90006D4
:1052F00005F1080080E882024FF44030C5E9080754
:105300002846C5E90577EF61FCF722FF002818BFA2
:10531000FCF758F8A56305F138002525B7E043F6FA
:1053200030000196C4F20200016941F4802101615C
:10533000016901F48021019101990196016841F010
:1053400004010160006802A900F0040001900198C6
:105350004FF4406002900220CDE90306032005903F
:10536000072006900020C4F2020000F50060FDF75F
:1053700065F841F2682546F22800C2F20005C4F241
:1053800002004FF000614FF4806285E84300284638
:10539000C5E90362C5E90566C5E907666E62FCF703
:1053A000D7FE002818BFFCF70DF8E56305F13800BB
:1053B00027256CE0002643F630000196C4F2020077
:1053C000416946F2280841F0200141614169C4F277
:1053D000020801F02001019101990196016841F054
:1053E00040010160006802A900F0400001900198AE
:1053F0004FF4844002900220CDE90306032005907B
:10540000082006900020C4F2020000F5C050FDF70D
:1054100015F841F2C82508F58060C2F200054FF08A
:105420002067C5E900074FF400304FF48069C5E9F3
:1054300008062846C5E90266C5E90496C5E9066678
:10544000FCF786FE002818BFFBF7BCFFE563AC63E2
:1054500041F2283508F58F60C2F200054021C5E908
:10546000000705F1080080E842024FF44030C5E92A
:1054700008062846C5E90566EE61FCF769FE0028C6
:1054800018BFFBF79FFFA56305F1380047250460AF
:10549000284605210022FDF731FD2846FDF71EFDB7
:1054A00007B0BDE8F08F000070470000B0B50446BB
:1054B00090F8410020281CBF0220B0BD4FF0010031
:1054C000C9B3002A134608BFB0BD4FF0000C21201D
:1054D0002162A384E384C4F844C084F84100A06B33
:1054E00048F27D1E48F2BD152268C0F6000EC0F6D7
:1054F0000005C0E90FE548F2D905C0F60005043201
:10550000C0E9135CFCF7C4FE30B1102060642020B9
:1055100084F841000120B0BD20686FF040010160B7
:10552000206850E8050F216840F0800041E805023E
:10553000002AF5D10020B0BD704700007047000080
:10554000FEE700002DE9F04F83B00446006899465D
:105550000368904643F4806202600268DDF834A07C
:1055600042F48072026040690C9E10F001008B468C
:105570002AD180F00105771C0BE000BF206840694C
:10558000C00711D02068406910F0010080F00105CB
:105590001AD1002FF6D0FDF727F8002EEED0A0EBA1
:1055A0000A00B042EED9E9E700202021206384F808
:1055B0003D1084F83E00216C41F020012164E90790
:1055C00084F83C0040F0B28020680BF0FE070761D1
:1055D000416989072DD44169490515D4751C00BF5F
:1055E0005DB1FDF701F81EB1A0EB0A00B04204D98D
:1055F00020684069800740F1D480206841698907AC
:1056000017D441694905EBD5016841F40071016087
:105610006FF48061416100202021206384F83D10F7
:1056200084F83E00216C41F00401216484F83C00C0
:10563000B3E000200290206850F8141F02914168E6
:1056400002910299016809061AD4751C0AE000BF8C
:1056500020684069000640F18B80206850F8141FD4
:1056600009060DD4016849056BD4002DF5D0FCF76F
:10567000BBFF002EECD0A0EB0A00B042EDD9E7E76B
:105680002068B9F1010F21D04FEA1821016150F8CB
:10569000141F090619D4751C09E000BF2068406971
:1056A000000665D5206850F8141F09060DD401685E
:1056B000490546D4002DF5D0FCF796FF002EEDD01D
:1056C000A0EB0A00B042EDD9E8E720685FFA88F164
:1056D0000161206850F8141F090618D4751C08E0F1
:1056E00020684069000643D5206850F8141F090659
:1056F0000DD40168490524D4002DF5D0FCF774FFC2
:10570000002EEDD0A0EB0A00B042EDD9E8E720680A
:1057100000220168334641F48071016020464FF059
:105720000111CDF800A000F079F978B12068006887
:10573000C00544BF4FF400702064032003B0BDE8EF
:10574000F08F6FF480610160042012E0206847F060
:10575000010101610221C0F2010120463246534697
:1057600000F0A6F9002818BF012003B0BDE8F08FB3
:10577000202000212022216384F83D2084F83E105F
:10578000226C1043206484F83C10206C042804D15F
:105790002068016841F400710160012003B0BDE898
:1057A000F08F00202021206384F83D1084F83E0013
:1057B000216C41F0200138E72DE9F04F81B004461B
:1057C000006890460268DDF82CA042F48072026006
:1057D00040690A9E994610F001008B4634D180F052
:1057E0000105771C0BE000BF20684069C00711D09D
:1057F0002068406910F0010080F0010524D1002FDD
:10580000F6D0FCF7F1FE002EEED0A0EB0A00B0427D
:10581000EED9E9E700202021206384F83D1084F8C8
:105820003E00216C41F020012164E90784F83C002E
:105830000AD020680068C00544BF4FF4007020649F
:10584000032001B0BDE8F08F20680BF0FE0101617C
:10585000416989072DD44169490515D4751C00BFDC
:105860005DB1FCF7C1FE1EB1A0EB0A00B04204D945
:1058700020684069800740F18C8020684169890771
:1058800017D441694905EBD5016841F40071016005
:105890006FF48061416100202021206384F83D1075
:1058A00084F83E00216C41F00401216484F83C003E
:1058B0006BE000200090206850F8141F00914168B0
:1058C000009100990168090619D4751C09E000BF10
:1058D00020684069000643D5206850F8141F090667
:1058E0000DD4016849052ED4002DF5D0FCF77CFEBF
:1058F000002EEDD0A0EB0A00B042EDD9E8E7206819
:10590000B9F1010F25D04FEA1821016150F8141F99
:1059100009061DD4751C08E02068406900061FD5E3
:10592000206850F8141F090612D4016849050AD4EA
:10593000002DF5D0FCF758FE002EEDD0A0EB0A00AC
:10594000B042EDD9E8E76FF480610160042008E01F
:1059500020685FFA88F10161002001B0BDE8F08F96
:10596000202000212022216384F83D2084F83E106D
:10597000226C1043206484F83C10206C042804D16D
:105980002068016841F400710160012001B0BDE8A8
:10599000F08F00202021206384F83D1084F83E0021
:1059A000216C41F0200180E7F0B581B00446006829
:1059B000154650F8143F5A0718D40E464F1C08E0FD
:1059C00020684069400719D5206850F8141F49071E
:1059D0000CD4016849050CD4002FF5D0FCF704FE67
:1059E000002EEDD0401BB042EED9E9E7002001B017
:1059F000F0BD6FF480610160042000E020200021F0
:105A00002022216384F83D2084F83E10226C10434C
:105A1000206484F83C10012001B0F0BD2DE9F0476E
:105A2000DDF8208099461646044601F47F078DB2C2
:105A300003F1010A0EE000BF20681821B7F5803F8E
:105A400008BF142140582840401BB0FA80F040099C
:105A5000B0421DD020681821B7F5803F08BF14213F
:105A600040582840401BB0FA80F04009B0420CD1A9
:105A7000BAF1000FEED0FCF7B7FDB9F1000FDBD0A3
:105A8000A0EB08004845E5D9D6E70020BDE8F0873F
:105A900000202021206384F83D1084F83E00216C12
:105AA00041F02001216484F83C000120BDE8F0872A
:105AB0002DE9F04104460068984643698FB203EA35
:105AC0000701B94202D10020BDE8F08141694905D2
:105AD00017D41646551C00BF5DB1FCF785FD1EB1FD
:105AE000A0EB0800B04204D9206840693840B842B1
:105AF0001ED1206841693940B942E4D04169490565
:105B0000EAD5016841F4007101606FF48061416180
:105B1000042000212022216384F83D2084F83E10D7
:105B2000226C10432064012084F83C10BDE8F08111
:105B30002020EEE788B0072004F016FDFAF7B0FE4B
:105B400028B16420F8E700BF642004F00DFD04F0E4
:105B500067FC0028F8D140F6D845C2F2000505F1EF
:105B60001400291D05F110020590CDE90321FAF773
:105B7000AFFE04F0C5FA41F614304EF648529FEDE0
:105B8000D30ADFEDD30AC2F20000C0F60002002102
:105B900000F0D4FE40F2E41B40F22020C2F2000BE1
:105BA00040F21422C2F20000C2F20002594607F08D
:105BB00009FB002004F016FD06F070FF40F2E01132
:105BC000C2F20001086041F6C000C2F200001021DC
:105BD000C161FEF7C1F9002818BFFBF7F3FB40F2E3
:105BE000540040F6F671C2F20000C2F20001082231
:105BF00001F0D0FF41F61230C2F20000012140F660
:105C0000B4430170C2F2000346F6D940CBF68F30A0
:105C100040F6727146F6B0121433CBF6B321C3F6D8
:105C2000213207C340F6AC40C2F2000002300290BD
:105C300040F67C4040F2F011C2F20000C2F20001D6
:105C4000023040F6FE7740F6B14840F6B04A40F6E2
:105C500094449FEDA1AA9FEDA1BA9FEDA1CA9FED2B
:105C6000A18A9FEDA1DA9FEDA1EA9FED9A9A01909A
:105C700001F1080040F2F016C2F20007C2F200087B
:105C8000C2F2000AC2F200040790081DC2F2000628
:105C9000069081E041F2873004F074FB04F030FAA2
:105CA00040F68840C2F2000090ED000A94ED001A20
:105CB00020EE0A0A80ED001A21EE0B1A31EE000ADE
:105CC0009BED001A40F68C4021EE0C1A31EE000AD2
:105CD000C2F2000094ED012A84ED000A90ED000A62
:105CE0009BED014A20EE0A0A22EE0B1A80ED002AF3
:105CF00031EE000A24EE0C1A40F6904031EE000A14
:105D0000C2F2000094ED023A84ED010A90ED000A1F
:105D10009BED025A20EE0A0A23EE0B1A31EE000A1E
:105D200025EE0C1A40F2202931EE000AC2F20009D9
:105D300040F2082140F2142380ED003A84ED020A7B
:105D40004846B0EE480AC2F200012246C2F2000301
:105D500007F086FBDDE906324846314608F0F0F8E8
:105D600096ED000A96ED011A96ED022A20EE0D0A34
:105D700021EE0D1A22EE0D2A80EE0E0A81EE0E1A89
:105D800082EE0E2A40F2FC10C2F2000080ED000A02
:105D900080ED011A80ED022A01204FF0FF3105F05D
:105DA00059FD0128F8D13878400727D5387800F018
:105DB000FB00387040F6F670C2F200000599013021
:105DC000FAF746FD40F6B440C2F2000090ED050A35
:105DD00090ED061A90ED072A95ED053A95ED064AE5
:105DE00095ED075A33EE400A34EE411A35EE422A59
:105DF00085ED050A85ED061A85ED072A98F800005D
:105E000040070BD598F8000005F1200200F0FB00D8
:105E100088F8000001980499FAF7DAFC9AF8000073
:105E200040077FF53BAF9AF8000000F0FB008AF8CE
:105E30000000DDE90201FAF71BFE40F6F570C2F240
:105E40000000007895ED040A01281ED1A94641F60C
:105E50001435C2F200052846F0EE490A00F0B6FCFF
:105E600095ED080A40F6B04AB5EE400AF1EE10FA98
:105E7000BCBF0020286295ED080A4D46BDEEC00A61
:105E800010EE100AC2F2000A06E7B4EE490AF1EE7B
:105E900010FA7FF7FFAE41F61332C2F2000210781B
:105EA0000130C1B2C9291070FFF4F4AE40F6F571AB
:105EB0000120C2F20001087041F6143044F20001E2
:105EC000C2F20000C4F21C518162E3E600A08C45DE
:105ED00000808945000034425D896EBF5AF8F63F64
:105EE000D5A9183B6F12833A00003443DB0F4940B9
:105EF000B0B584B041F2000042F200010123002459
:105F0000C2F20000C4F20101C0F600730125CDE920
:105F10000244CDE900444FF48032047680F82040FA
:105F2000C0E90A34C56180F8304080E81600C0E955
:105F300003444561FBF7CEFA002818BFFBF742FA8D
:105F40001020CDE9000541F20000C2F200006946D0
:105F50000294FBF73BFA002818BFFBF733FA04B0B2
:105F6000B0BD0000B0B584B041F2480042F200215B
:105F700001230024C2F20000C4F20101C0F6007344
:105F80000125CDE90244CDE900444FF48032047686
:105F900080F82040C0E90A34C56180F8304080E8CC
:105FA0001600C0E903444561FBF794FA002818BFC6
:105FB000FBF708FA0820CDE9000541F24800C2F2DB
:105FC000000069460294FBF701FA002818BFFBF7AE
:105FD000F9F904B0B0BD000010B541F2900046F2EE
:105FE0000041C2F20000C4F20001032200234FF07E
:105FF000807480E80E0000F10C014FF4102C4FF477
:10600000001E81E8085084618383FBF7DFFD0028D0
:1060100008BF10BDBDE81040FBF7D4B910B541F280
:10602000B80046F60001C2F20000C4F200010322EB
:1060300000234FF0807480E80E0000F10C014FF453
:10604000102C4FF4001E81E8085084618383FBF715
:10605000BDFD002808BF10BDBDE81040FBF7B2B978
:1060600080B541F2E00043F20001C2F20000C4F248
:1060700002010160FBF728FF002808BF80BDBDE8D2
:106080008040FBF79FB9000080B582B0002043F646
:1060900030010190C4F202010A6842F480020A60F1
:1060A0000A6802F480020192019A009008680022B6
:1060B00040F4001008600868052100F4001000900A
:1060C00000980C20FCF71AFF0C20FCF707FF392082
:1060D00005210022FCF712FF3920FCF7FFFE3A20D1
:1060E00005210022FCF70AFF3A20FCF7F7FE3B20CF
:1060F00005210022FCF702FF3B20FCF7EFFE4420C5
:1061000005210022FCF7FAFE4420FCF7E7FE4520BB
:1061100005210022FCF7F2FE4520FCF7DFFE4620B9
:1061200005210022FCF7EAFE462002B0BDE88040CF
:10613000FCF7D4BE80B59CB02A4816AF159029A0B4
:1061400000F1040E9EE80E50806987E80E501B9007
:1061500015A8002104F016FA40F21811C2F200014D
:10616000274A086026A000F1040E0E929EE80E5009
:1061700080690FAF87E80E5014900EA8002104F03C
:1061800001FA40F2DC11C2F20001244A086023A0A7
:1061900000F1040E07929EE80E50806908AF87E870
:1061A0000E500D9007A8002104F0ECF941F6F041E3
:1061B000C2F20001204A08601FA000F1040E009204
:1061C0009EE80E50806901AF87E80E500690684641
:1061D000002104F0D7F947F6CC71C2F20001086043
:1061E0001CB080BD6DF500081D1300080000000004
:1061F000000000000002000000000000000000009D
:1062000064F50008355B0008030000000000000092
:106210008000000000000000000000007AF5000887
:1062200039AF0008FDFF0000000000000001000081
:1062300000000000000000008AF50008C1B8000856
:10624000FFFF0000000000008000000000000000D0
:10625000000000002DE9F04F87B0002743F6300022
:106260000697CDE90477CDE902770197C4F20200E1
:10627000016841F6000A41F0020101600168C4F2C0
:10628000020A01F0020101910199019701680022BF
:1062900041F0400101600168402601F04001019198
:1062A00001990197016841F001010160016801F065
:1062B0000101019101990197016841F00801016014
:1062C000016801F00801019101990197016841F00D
:1062D00004010160016801F0040101910199019735
:1062E000016841F080010160016801F080010191C5
:1062F00001990197016841F0200101600068402187
:1063000000F02000019001985046FCF767F90AF56B
:10631000806528464FF4E0510022FCF75FF9AAF5AA
:10632000C0594846102101220124FCF757F9AAF56B
:10633000A050012101220090FCF750F9CDE9026440
:1063400002AE50463146CDE90477FCF777F84FF4BA
:10635000C050CDE9020403204FF0020B05902846FF
:106360003146CDF810B0FCF769F8082002904FF4E0
:10637000041850463146CDE90387FCF75FF84FF427
:10638000806002A981E8110828463146CDF814B092
:10639000FCF754F81020CDE9020448463146CDE917
:1063A000044BFCF74BF83020CDE90208AAF58050E9
:1063B00031460494FCF742F850463146CDE9024894
:1063C0000494FCF73BF800983146CDE90244CDE94E
:1063D000044BFCF733F8062005210022FCF78EFD64
:1063E0000620FCF77BFD092005210022FCF786FD35
:1063F0000920FCF773FD0A2005210022FCF77EFD31
:106400000A20FCF76BFD172005210022FCF776FD22
:106410001720FCF763FD07B0BDE8F08F80B541F2AF
:10642000883045F60041C2F20000C4F2000141F696
:10643000802200234FF4804CC0F2060280E80E0058
:10644000C0E9033CC0E90533C0E90733FCF7D2F8E3
:10645000002808BF80BDBDE88040FAF7B3BF000048
:1064600010B541F6C00043F20001C2F20000C4F2D0
:1064700001014FF48272002380E80E0000F10C014C
:106480004FF0020C4FF0010E4FF4007481E80850F9
:106490000A21C0E90643C0E90833C0E90A31FDF723
:1064A0005BFD002808BF10BDBDE81040FAF78ABFA9
:1064B00080B588B041F6181044F200420021C2F2C3
:1064C0000000C4F201024FF6FF730791CDE90511F8
:1064D000CDE90311CDE90111C0E90021C0E90213A2
:1064E00001618161FDF7B6FF002818BFFAF76AFF66
:1064F00041F61810C2F20000FEF730FB002818BF6A
:10650000FAF760FF0020CDE901000390059041F605
:106510001810C2F2000001A90022FEF747FA002875
:1065200018BFFAF74FFF41F61810C2F20000FEF74D
:10653000D1F908B080BD000010B58EB041F6A810AA
:1065400040F600020021C2F20000C4F20002532310
:1065500040F28F140D91CDE90B11CDE90911CDE970
:106560000711CDE90511CDE90311CDE90111C0E90C
:106570000023C0E9021401618161FDF76BFF00286F
:1065800018BFFAF71FFF4FF480500A9041F6A81089
:10659000C2F200000AA9FEF727F8002818BFFAF790
:1065A00011FF41F6A810C2F20000FEF713FC00280C
:1065B00018BFFAF707FF41F6A8100024C2F2000046
:1065C00008A9CDE90844FDF7E9FE002818BFFAF74D
:1065D000F9FE60200190C820CDE9020441F6A81020
:1065E000C2F2000001A908220594FEF7E7FA00288C
:1065F00018BFFAF7E7FE41F6A810C2F20000FEF756
:1066000069F90EB010BD000010B58EB041F6F01063
:1066100040F600420021C2F20000C4F200024FF630
:10662000FF730D91CDE90B11CDE90911CDE90711EA
:10663000CDE90511CDE90311CDE90111C0E9002132
:10664000C0E9021301618161FDF704FF002818BF52
:10665000FAF7B8FE4FF480500A9041F6F010C2F2FB
:1066600000000AA9FDF7C0FF002818BFFAF7AAFE2C
:1066700041F6F010C2F20000FEF7ACFB002818BF94
:10668000FAF7A0FE41F6F0100024C2F2000008A9BB
:10669000CDE90844FDF782FE002818BFFAF792FE04
:1066A0006020CDE9010441F6F010C2F2000001A91A
:1066B000002203940594FEF781FA002818BFFAF728
:1066C00081FE41F6F010C2F2000001A90422FEF79B
:1066D00075FA002818BFFAF775FE41F6F010C2F2FD
:1066E000000001A90822FEF769FA002818BFFAF78E
:1066F00069FE41F6F010C2F20000FEF7EBF80EB0B2
:1067000010BD000080B541F6382041F20001C2F210
:106710000000C4F2010100234FF00C0C4FF4E132F1
:1067200080E80E00C0E90333C0E905C3C361FEF78A
:106730001FFD002808BF80BDBDE88040FAF742BEBB
:1067400080B541F6802044F60001C2F20000C4F298
:10675000000100234FF00C0C4FF4E13280E80E00F2
:10676000C0E90333C0E905C3C361FEF701FD00289A
:1067700008BF80BDBDE88040FAF724BE80B541F671
:10678000C82041F20041C2F20000C4F2010100231E
:106790004FF00C0C4FF4E13280E80E00C0E90333F7
:1067A000C0E905C3C361FEF7E3FC002808BF80BD54
:1067B000BDE88040FAF706BEFEE70000FEE70000F5
:1067C00041F2DC30C2F20000FCF7D8BC002849D00E
:1067D000017890ED0F1A90ED102A80ED070A30EE47
:1067E000C00A0129C0ED060A80ED0F0A80ED101ADB
:1067F00080ED112A39D0002940F0878090ED024ABF
:1068000090ED012A90ED0A6A24EE004A20EE022A59
:1068100034EE064A90ED0C6A30EE410A9FED451ABF
:10682000416B80ED0D6A26EE011A9FED436A90EDF3
:10683000053A90ED035A20EE060A30EE010AB4EE56
:10684000434A80ED0C0A20EE050AF1EE10FA80EDC5
:10685000092A80ED0A4A816380ED0B0A3BDD80ED59
:106860000A3A41E09FED320A704790ED015A90EDEF
:10687000026A30EE414A31EE011A90ED037A24EEBD
:10688000054A20EE065A30EE410A32EE000AD0E9FF
:106890000C1280ED0C0A20EE070A34EE051A90ED7A
:1068A000082A90ED043A80ED0B0A31EE000A32EE30
:1068B000000AB4EE430AF1EE10FA80ED094A80EDC9
:1068C0000A5AC0E90D1280ED080A21DD80ED083A70
:1068D00090ED080A7047B1EE433AB4EE434AF1EE48
:1068E00010FAB8BF80ED0A3A90ED0A3A90ED041A1A
:1068F00032EE032A30EE020AB4EE410AF1EE10FA4B
:1069000080ED080A07DD80ED081A90ED080A70474F
:10691000B1EE431A01E0B1EE411AB4EE410AF1EED4
:1069200010FAB8BF80ED081A90ED080A704700BF52
:106930000000000052B87E3F0AD7A33B002818BFD2
:10694000002A00D1704780B501701168416051681C
:106950008160916880ED040AC160C0ED050A2030B5
:106960002821F9F705FE80BD0000000000000000AE
:10697000EFF30980BFF36F8F154B1A681EF0100FED
:1069800008BF20ED108A20E9F04F10602DE90900C2
:106990004FF0500080F31188BFF34F8FBFF36F8F1C
:1069A00005F028FC4FF0000080F31188BDE80900D5
:1069B00019680868B0E8F04F1EF0100F08BFB0EC7F
:1069C000108A80F30988BFF36F8F704700BF00BF44
:1069D000481C00202DE9F04F81B02DED088B84B0CC
:1069E00047F6E87840F200099FED308A9FED309A33
:1069F0000C25C2F20008C4F2A0194FF07C56002703
:106A000001AC00BF08EB050000212246B0EE480AA9
:106A1000F0EE490ACDE901960397FFF78FFF58354D
:106A2000B5F5B67FEED14FF6305540F200099FED37
:106A30001F8A9FED1F9A40F2000B9FED1EAA9FED4B
:106A40001EBA0026CFF6FF75C4F22A394FF07C5AE1
:106A5000002701ACC4F2C82BC4F2202641F6F44052
:106A6000C2F2000000EB050808F53770002122464D
:106A7000B0EE480AF0EE490ACDE9019A0397FFF714
:106A80005DFF08F5497000212246B0EE4A0AF0EE9B
:106A90004B0ACDE901B70396FFF750FFB435DDD1BE
:106AA00004B0BDEC088B01B0BDE8F08F00007A4661
:106AB000000048440000C84300000000017940F68F
:106AC000FD22C2F20002117101681160B0F80510D8
:106AD00040F69852C2F20002B1F5007F11801CDD31
:106AE000A1F201220C2A29D8DFE802F00751606EDA
:106AF000D47784909BD4A3D4AB00C17C40F61042E1
:106B0000C2F200021173D0F80710D0F80B30D0F8A1
:106B10000F00C2E9001390607047B1F5807F22DC5E
:106B2000012900F09980032940F0B480C11D40F292
:106B30007C10C2F200002022F9F79BBC40F2013227
:106B4000914200F0988040F20332914218BF7047A2
:106B5000D0F80710D0F80B20D0F80F0040F2302307
:106B6000C2F200032CE040F20112914200F08B804F
:106B700040F20512914240F08D80417A40F270124D
:106B8000B0F80700C2F20002917010807047D0F890
:106B90000710D0F80B20D0F80F30D0F813C040F217
:106BA000C020C2F2000080E80E107047D0F8071035
:106BB000D0F80B20D0F80F0040F60443C2F20003D7
:106BC00019605A6098607047D0F80710D0F80A0032
:106BD00040F21012C2F2000214E0C07940F2D81163
:106BE000C2F20001087041F61030C2F2000001212B
:106BF00001707047D0F80710D0F80A0040F6344210
:106C0000C2F20002C2F8030011607047D0F807100A
:106C1000D0F80B0040F2D022C2F20002C2E900100C
:106C20007047D0F8070040F2D821C2F20001086096
:106C30007047C11D40F2A810C2F200002822F9F7E7
:106C400018BCB0F80B1040F62E42D0F80700C2F284
:106C50000002918010607047D0F80710D0F80B2028
:106C6000D0F80E0040F29C13C2F20003C3F80700F4
:106C7000C3E900127047C11D40F6C030C2F20000E7
:106C80004322F9F7F6BBD0F8070040F27411C2F2C4
:106C9000000108607047000010B540F6FD20C2F208
:106CA000000000240471046040F29C10C2F2000055
:106CB000C0E90044C0F8074040F27810C2F200007A
:106CC000047040F27C10C2F20000C0E90044C0E948
:106CD0000244C0E90444C0E9064440F27410C2F220
:106CE0000000046040F68B30C2F200000480847023
:106CF00040F27010C2F200008470048040F6204020
:106D0000C2F20000046040F2DC20C2F20000047015
:106D100040F61040C2F20000C0E9004484600473F1
:106D200040F2C020C2F20000C0E90044C0E90244C1
:106D300040F60440C2F20000C0E90044846040F222
:106D40001010C2F200000460C0F8034040F2D810F6
:106D5000C2F20000047040F63440C2F20000C0F8F5
:106D60000340046040F2D020C2F20000C0E90044B9
:106D700040F2D820C2F20000046040F26A10C2F271
:106D800000008480046040F2A810C2F200002821B4
:106D9000F9F7EEFB40F2DE20C2F20000047040F68C
:106DA0002E40C2F200000460848040F2DD20C2F276
:106DB0000000047040F6BA30C2F200000460848023
:106DC00040F6C030C2F200004321F9F7D1FB40F297
:106DD0004C10C2F200008483C0E90044C0E90244C0
:106DE000C0E90444846140F23020C2F20000C0E9EE
:106DF0000044846040F69030C2F20000C0E90044D4
:106E0000846040F2A820C2F20000C0E90044C0E95A
:106E10000244C0E9044440F22010C2F20000C0E97C
:106E2000004440F23C20C2F200006921F9F7A0FBC7
:106E300040F22810C2F200002221F9F799FB40F637
:106E40009C30C2F200008483C0E90044C0E90244DF
:106E5000C0E90444846110BDB0B541F6C82CC2F24B
:106E6000000CDCF800E0DCF83C30DEF8144044F0C4
:106E70004004CEF81440DEF8144044F08004CEF80C
:106E80001440DEF80C4044F01004CEF80C401B68AF
:106E90001C68E40704D01C6824F001041C60F7E7B8
:106EA00046F20C44C4F2020404F14C05AB4214D87F
:106EB00046F20804C4F2020404F1B005AB4204D95E
:106EC0004FF40065C4F800540AE004F15005AB42E9
:106ED00003D94FF40065656002E04FF4006525605A
:106EE0000EF1040EC3F808E0D86019615A60186802
:106EF00040F480201860186840F001001860DCF849
:106F0000380000680168C90707D000BF016821F098
:106F1000010101600168C907F8D1C0F808E0B0BDFF
:106F20002DE9F04F81B0054608460C4603F0E6F81F
:106F3000002800F08680AE1D00274FF001084FF0BA
:106F400002094FF0030A4FF0040B05E0204603F05E
:106F5000D5F8002800F07580204603F065F895F814
:106F6000861005294AD8DFE801F00D192403354EB3
:106F7000B5F887104A1C2944A5F88720887185F840
:106F800086B0E3E7A5283BD1B5F8871085F8868061
:106F90004A1C2944A5F887208871D7E7B5F88710DF
:106FA000A8804A1C2944A5F88720887185F8869016
:106FB000CCE7A988B5F8873041EA00218AB2A980D8
:106FC000591CA5F88710E918762A887116D885F813
:106FD00086A0BBE7B5F887104A1C2944A5F887208E
:106FE0008871B5F887000528B0D130460521F9F73A
:106FF000EDFE18B1052085F88600A7E785F88670B4
:10700000A5F88770A2E7A988B5F8872009319142D1
:1070100004D9531C2A44A5F887309071B5F887002D
:1070200081423FF693AF304685F88670A5F88770A9
:10703000F9F70AFF00283FF489AF3046FFF73EFD1D
:1070400084E701B0BDE8F08F2DE9F04741F2E80395
:10705000C2F20003D3F800C0DCF8003023F00103D3
:10706000CCF8003041F24813C2F200031B681F68DD
:1070700027F001071F6000BFDCF80070FF070BD08E
:10708000DCF8007027F00107CCF80070F4E700BFCF
:107090001F6827F001071F601F68FF07F8D141F63E
:1070A000C008C2F20008D8F84C5046F20C4AC4F2AC
:1070B000020A2F6846F2080E0AF14C0646F27049A1
:1070C000C4F2020EB742C4F202090AD94F4543D0B6
:1070D00046F28845C4F20205AF423FD14FF4006545
:1070E00044E00EF1B004A74218D946F21044C4F2AD
:1070F0000204A74200F0C48046F22844C4F202040D
:10710000A74200F0BA8046F24044C4F20204A7420B
:107110000CBF4FF400154FF00065B2E00EF15004C3
:10712000A74240F2918046F27004C4F20204A742E2
:1071300000F0158246F28804C4F20204A74200F06F
:10714000108246F2A004C4F20204A7420CBF4FF41E
:1071500000154FF0006506E2202507E00AF19404CF
:107160004FF00065A74208BF4FF40015CAF8005061
:10717000B74240F28B804F4508D046F28844C4F2B3
:107180000204A74204D14FF4806509E0102507E00E
:107190000AF194044FF08065A74208BF4FF48015B0
:1071A000CAF80050B74240F2CB804F4508D046F2B3
:1071B0008844C4F20204A74204D14FF4007509E0E8
:1071C000082507E00AF194044FF00075A74208BFB4
:1071D0004FF40025CAF80050B74240F20B814F45EA
:1071E00008D046F28844C4F20204A74204D14FF406
:1071F000807509E0042507E00AF194044FF08075DA
:10720000A74208BF4FF48025CAF80050B74240F2A9
:107210004B814F4509D046F28844C4F20204A7428C
:1072200007D14025CAF80050F6E10125CAF8005000
:10723000F2E10AF194044FF48005A74208BF4FF42D
:107240008035CAF80050E7E146F21004C4F20204A7
:10725000A74200F08E8146F22804C4F20204A7423D
:1072600000F0898146F24004C4F20204A7420CBF38
:107270004FF400154FF000657FE14FF4006500E02A
:107280002025CEF80054B7423FF675AF0EF1B0049A
:10729000A74216D946F21044C4F20204A74249D0CC
:1072A00046F22844C4F20204A74240D046F24044C9
:1072B000C4F20204A7420CBF4FF480154FF0806562
:1072C00039E00EF15004A74218D946F27004C4F216
:1072D0000204A74200F0578146F28804C4F2020477
:1072E000A74200F0528146F2A004C4F20204A74271
:1072F0000CBF4FF480154FF0806548E146F2100452
:10730000C4F20204A74200F0488146F22804C4F205
:107310000204A74200F0438146F24004C4F2020492
:10732000A7420CBF4FF480154FF0806539E14FF450
:10733000806500E01025CEF80054B7423FF635AF27
:107340000EF1B004A74216D946F21044C4F202046A
:10735000A74249D046F22844C4F20204A74240D0D2
:1073600046F24044C4F20204A7420CBF4FF4002589
:107370004FF0007539E00EF15004A74218D946F2DB
:107380007004C4F20204A74200F0118146F288049E
:10739000C4F20204A74200F00C8146F2A004C4F239
:1073A0000204A7420CBF4FF400254FF0007502E124
:1073B00046F21004C4F20204A74200F0028146F231
:1073C0002804C4F20204A74200F0FD8046F2400403
:1073D000C4F20204A7420CBF4FF400254FF0007521
:1073E000F3E04FF4007500E00825CEF80054B742F2
:1073F0003FF6F5AE0EF1B004A74216D946F210449E
:10740000C4F20204A74249D046F22844C4F202045E
:10741000A74240D046F24044C4F20204A7420CBF47
:107420004FF480254FF0807539E00EF15004A742EB
:1074300018D946F27004C4F20204A74200F0CB80CF
:1074400046F28804C4F20204A74200F0C68046F265
:10745000A004C4F20204A7420CBF4FF480254FF0F1
:107460008075BCE046F21004C4F20204A74200F0AA
:10747000BC8046F22804C4F20204A74200F0B780A0
:1074800046F24004C4F20204A7420CBF4FF4802528
:107490004FF08075ADE04FF4807500E00425CEF824
:1074A0000054B7423FF6B5AE0EF1B004A74218D96A
:1074B00046F21044C4F20204A7424CD046F22844DB
:1074C000C4F20204A74242D046F24044C4F202048D
:1074D000A7420CBF4FF480354FF48005CEF800541E
:1074E0009AE00EF15004A7421AD946F27004C4F291
:1074F0000204A74200F0838046F28804C4F202042A
:10750000A74200F0808046F2A004C4F20204A74221
:107510000CBF4FF480354FF48005CEF804507BE06B
:1075200046F21004C4F20204A74270D046F22804C6
:10753000C4F20204A7426CD046F24004C4F2020432
:10754000A7420CBF4FF480354FF4800562E0402520
:10755000CEF8005460E00125CEF800545CE0202510
:1075600001E04FF40065CEF80450B7423FF603AE99
:107570008CE6202501E04FF40065CEF80050B742BC
:107580007FF684AEF7E5102501E04FF48065CEF874
:107590000450B7423FF609AED2E6102501E04FF4A1
:1075A0008065CEF80050B7427FF6CAAEFDE50825EB
:1075B00001E04FF40075CEF80450B7423FF60FAE2D
:1075C00018E7082501E04FF40075CEF80050B742E7
:1075D0007FF610AF03E6042501E04FF48075CEF886
:1075E0000450B7423FF615AE5EE7042501E04FF4C4
:1075F0008075CEF80050B7427FF656AF09E60125F8
:10760000CEF8045008E04025CEF8045004E00125EF
:1076100000E04025CEF80050D8F848402768B7422F
:107620000AD94F4543D046F28844C4F20204A74227
:107630003FD14FF4006544E00EF1B004A74218D9E1
:1076400046F21044C4F20204A74200F0C48046F29D
:107650002844C4F20204A74200F0BA8046F2404433
:10766000C4F20204A7420CBF4FF400154FF00065AE
:10767000B2E00EF15004A74240F2918046F270044D
:10768000C4F20204A74200F0158246F28804C4F254
:107690000204A74200F0108246F2A004C4F20204E1
:1076A000A7420CBF4FF400154FF0006506E22025FD
:1076B00007E00AF194044FF00065A74208BF4FF4B9
:1076C0000015CAF80050B74240F28B804F4508D0F1
:1076D00046F28844C4F20204A74204D14FF4806504
:1076E00009E0102507E00AF194044FF08065A742F5
:1076F00008BF4FF48015CAF80050B74240F2CB8063
:107700004F4508D046F28844C4F20204A74204D18F
:107710004FF4007509E0082507E00AF194044FF0E2
:107720000075A74208BF4FF40025CAF80050B742C1
:1077300040F20B814F4508D046F28844C4F202045F
:10774000A74204D14FF4807509E0042507E00AF14F
:1077500094044FF08075A74208BF4FF48025CAF803
:107760000050B74240F24B814F4509D046F288465F
:10777000C4F20206B74207D14026CAF80060F6E11B
:107780000126CAF80060F2E10AF194054FF4800680
:10779000AF4208BF4FF48036CAF80060E7E146F216
:1077A0001004C4F20204A74200F08E8146F22804BD
:1077B000C4F20204A74200F0898146F24004C4F2F8
:1077C0000204A7420CBF4FF400154FF000657FE1A3
:1077D0004FF4006500E02025CEF80054B7423FF694
:1077E00075AF0EF1B004A74216D946F21044C4F2A8
:1077F0000204A74249D046F22844C4F20204A74238
:1078000040D046F24044C4F20204A7420CBF4FF4F9
:1078100080154FF0806539E00EF15004A74218D969
:1078200046F27004C4F20204A74200F0578146F207
:107830008804C4F20204A74200F0528146F2A00478
:10784000C4F20204A7420CBF4FF480154FF08065CC
:1078500048E146F21004C4F20204A74200F0488155
:1078600046F22804C4F20204A74200F0438146F223
:107870004004C4F20204A7420CBF4FF480154FF03D
:10788000806539E14FF4806500E01025CEF80054A2
:10789000B7423FF635AF0EF1B004A74216D946F213
:1078A0001044C4F20204A74249D046F22844C4F26C
:1078B0000204A74240D046F24044C4F20204A74268
:1078C0000CBF4FF400254FF0007539E00EF1500465
:1078D000A74218D946F27004C4F20204A74200F08D
:1078E000118146F28804C4F20204A74200F00C8120
:1078F00046F2A004C4F20204A7420CBF4FF40025D4
:107900004FF0007502E146F21004C4F20204A742EF
:1079100000F0028146F22804C4F20204A74200F0FB
:10792000FD8046F24004C4F20204A7420CBF4FF4AB
:1079300000254FF00075F3E04FF4007500E00825D6
:10794000CEF80054B7423FF6F5AE0EF1B004A742B0
:1079500016D946F21044C4F20204A74249D046F2B6
:107960002844C4F20204A74240D046F24044C4F284
:107970000204A7420CBF4FF480254FF0807539E018
:107980000EF15004A74218D946F27004C4F2020462
:10799000A74200F0CB8046F28804C4F20204A7425A
:1079A00000F0C68046F2A004C4F20204A7420CBF55
:1079B0004FF480254FF08075BCE046F21004C4F20D
:1079C0000204A74200F0BC8046F22804C4F202047C
:1079D000A74200F0B78046F24004C4F20204A74276
:1079E0000CBF4FF480254FF08075ADE04FF48075EB
:1079F00000E00425CEF80054B7423FF6B5AE0EF1D4
:107A0000B004A74218D946F21044C4F20204A742B7
:107A10004CD046F22844C4F20204A74242D046F2B7
:107A20004044C4F20204A7420CBF4FF480344FF428
:107A30008004CEF800449AE00EF15004A7421AD90F
:107A400046F27004C4F20204A74200F0838046F2BA
:107A50008804C4F20204A74200F0808046F2A00429
:107A6000C4F20204A7420CBF4FF480344FF48004E8
:107A7000CEF804407BE046F21004C4F20204A742B0
:107A800070D046F22804C4F20204A7426CD046F239
:107A90004004C4F20204A7420CBF4FF480344FF4F8
:107AA000800462E04024CEF8004460E00124CEF877
:107AB00000445CE0202501E04FF40065CEF804505E
:107AC000B7423FF603AE8CE6202501E04FF4006597
:107AD000CEF80050B7427FF684AEF7E5102501E0FE
:107AE0004FF48065CEF80450B7423FF609AED2E6B7
:107AF000102501E04FF48065CEF80050B7427FF6C4
:107B0000CAAEFDE5082501E04FF40075CEF804503B
:107B1000B7423FF60FAE18E7082501E04FF40075B5
:107B2000CEF80050B7427FF610AF03E6042501E01F
:107B30004FF48075CEF80450B7423FF615AE5EE7BD
:107B4000042501E04FF48075CEF80050B7427FF66F
:107B500056AF09E60124CEF8044008E04024CEF8F0
:107B6000044004E0012400E04024CEF80040CCF8BA
:107B70000C10D860CCF804205A60DCF8000040F00B
:107B80000100CCF80000186840F001001860BDE862
:107B9000F0870000B0B541F6C003C2F200031B68D5
:107BA0005D6845F002055D605D6845F001055D605A
:107BB0001D6845F040051D6041F2E803C2F2000374
:107BC0001B6800BF1D6825F001051D601D68ED07DD
:107BD000F8D146F20C4CC4F2020C0CF14C0446F203
:107BE000080EA342C4F2020E04D94FF40015CCF8DB
:107BF000005012E00EF1B005AB4204D94FF400156D
:107C0000CEF8005409E00EF15005AB424FF40015D8
:107C100094BFCEF80050CEF8045043F20C05C4F2E5
:107C200001059D60D9605A60196841F01001196022
:107C300041F24811C2F20001096800BF0B6823F04D
:107C400001030B600B68DB07F8D1A14204D94FF0A8
:107C50000063CCF8003012E00EF1B003994204D971
:107C60004FF00063CEF8003409E00EF15003994262
:107C70004FF0006394BFCEF80030CEF804308D6032
:107C8000C8604A60B0BD00002DE9F04782B00A9C90
:107C9000984615460E468146FAF7A6FC201A00EBD8
:107CA0000804FAF7A1FC40F21C01C2F200010968C5
:107CB000C1F3CB3161430191D9F80010896831409B
:107CC000891BB1FA81F14909A94203D1002002B010
:107CD000BDE8F087824608F101070CE00198013801
:107CE0000190D9F8000080683040801BB0FA80F025
:107CF0004009A842EAD0002FF3D0FAF775FCA0EBB8
:107D00000A00A04204D201980028E7D10024E8E745
:107D1000D9E900014268B1F5827F22F0E0024260B9
:107D20000BD1D9F80810B1F5004F02D0B1F5806F32
:107D300003D1016821F040010160D9F82810B1F5A4
:107D4000005F07D1016821F400510160016841F42E
:107D500000510160012089F85100002089F850008D
:107D6000032002B0BDE8F087000000000000000022
:107D7000074B19680868B0E8F04F80F30988BFF333
:107D80006F8F4FF0000080F31188704700BF00BF75
:107D9000481C002040F6104240F62440C2F2000287
:107DA000C2F200004FF490711278018048F2800115
:107DB0008180428070470000B0B540F6F824C2F2DE
:107DC0000004E178A5202070481CE0700A20A4F887
:107DD000010020460421F8F7E5FF40F63C45C2F2D9
:107DE00000052071287140F201302168A5F80500D6
:107DF00040F62440C2F200002960D0E90012008958
:107E0000C5F80710A5F80F0028461121C5F80B206A
:107E1000F9F700F8A5F8110041F6C820C2F20000F9
:107E200029461322FDF742FB0220BDE8B04004F0D2
:107E300065B80000B0B540F6F824C2F20004E1785D
:107E4000A5202070481CE0702220A4F801002046E4
:107E50000421F8F7A7FF40F63C452168C2F200056F
:107E60002071287129604FF4427040F69C51A5F8AA
:107E70000500E81DC2F200012222F8F7FAFA2846AE
:107E80002921F8F7C7FFA5F8290041F6C820C2F25A
:107E9000000029462B22FDF709FB0220BDE8B04077
:107EA00004F02CB880B54FF0500080F31188BFF378
:107EB0006F8FBFF34F8F04F03DFF30B14EF604508B
:107EC000CEF200004FF080510160002080F3118855
:107ED00080BD000070B592B006AC20463021F8F7A6
:107EE00047FB002543F640000595CDE90355CDE954
:107EF00001550095C4F202000168022641F080514C
:107F00000160006800F080500090009847F2000087
:107F10000095C4F20000016841F4804101600068EE
:107F200000F4804000900098012006904FF48030CB
:107F300007904FF480000D9006200E90A820CDE908
:107F40000F060720119020460C96FBF763FE10B138
:107F500072B600BFFEE70F20CDE901064FF4A05036
:107F600004904FF48050059001A805210395FBF77C
:107F70001FFD10B172B600BFFEE712B070BD000069
:107F80004EF68850CEF20000016841F470010160A5
:107F90007047000041F66010C2F20000FCF7F4BB2D
:107FA000B0B540F6FF3E0568C4F2000E40F2004C4A
:107FB0007045C4F2010C0FDCB0F1804F19D040F2D3
:107FC0000043C4F20003984213D040F60003C4F209
:107FD000000398420DD011E040F60043C4F20003C4
:107FE000984206D0604504D00023C4F201039842B1
:107FF00004D14B6825F0700243EA020541F6FF7395
:10800000C4F2000398420DDC70451FDCB0F1804FD4
:1080100041D040F20043C4F2000398423BD040F606
:10802000000321E043F6FF73C4F20103984220DC11
:1080300042F20003C4F2000398422CD00023C4F2A1
:108040000103984227D0604525D029E040F600433F
:10805000C4F2000398421ED041F60003C4F20003AC
:10806000984218D041F60043C4F20003984212D05F
:1080700016E044F20003C4F2010398420BD044F628
:108080000003C4F20103984205D044F20043C4F255
:108090000103984204D1CB6825F4407243EA0205FB
:1080A0000A688C684B69C46240F4806482626445EB
:1080B00004BF09690163026825F0800142F00402EF
:1080C00019430260012242610160B0BD806B002152
:1080D000C185FCF7BDBE0000806B0168496990F85E
:1080E0004120212A11D111F080010ED00021C1843C
:1080F000016851E8031F026821F0C00142E8031340
:10810000002BF5D1202180F841100168496990F8D1
:108110004220222A2BD111F0400128D00021C18514
:10812000016851E8031F026821F4907142E80313CB
:10813000002BF5D1016851E8051F026821F001010B
:1081400042E80513002BF5D1016B01290AD100BFCC
:10815000016851E8031F026821F0100142E803138F
:10816000002BF5D1202180F8421000210163416CE1
:1081700041F010014164FCF76BBE00000168806BA8
:108180000968C90548BFFDF7D7B90021C18400BF00
:10819000016851E8051F026821F0800142E80513DB
:1081A000002BF5D1016851E8031F026841F040013E
:1081B00042E80313002BF5D170470000806BFDF7F8
:1081C000BDB9000081B090F8421022291DD182680B
:1081D000B2F5805F02D10169002948D0816AB2F509
:1081E000805F07D00AB9026922B10268526802F0C2
:1081F0007F0201E0026852680A70816A013181627F
:10820000C18D01390A04C18501D001B070470168F0
:10821000CA6822F02002CA60CA6822F48072CA606A
:108220004A6922F001024A61202180F842100021AF
:108230004163026B012A23D1016300BF016851E849
:10824000031F026821F0100142E80313002BF5D14F
:1082500001680A68D20606D5002200920A680092D8
:10826000496800910099818D01B0FCF7EFBD01686C
:10827000826A49686FF35F2122F8021B8262BFE7BE
:1082800001B0FDF711B9000010B504460068D4E94B
:1082900002C22369016921F44051114301616269FD
:1082A00043EA0C01E3691143C268194349F20C63C4
:1082B0009A431143C1604169A26921F4407141F2BE
:1082C0000043114340F48062C4F201039A424161C9
:1082D00002D1FBF757FC01E0FBF740FCE169636862
:1082E0001922B1F5004FA0FB020121D15A00DB0F8A
:1082F000F7F7C2FF48F21F51C5F2EB11A0FB0123B3
:108300005A094FF69C73C0F6FF7303F1805302FBCA
:108310000300322303EBC000A0FB01014FF4F8700F
:1083200000EA111000EB0210C1F3421108441DE0F5
:108330009A009B0FF7F7A0FF48F21F51C5F2EB110F
:10834000A0FB01235A094FF69C73C0F6FF7302FB92
:108350000300322303EB0010A0FB0101F02000EA30
:10836000511000EB0210C1F34311084421688860EA
:1083700010BD000041F63820C2F20000FCF76ABDD3
:1083800041F68020C2F20000FCF764BD80B500F029
:1083900009F841F6C820C2F20000BDE88040FCF7B1
:1083A00059BD000080B582B041F6C820C2F200007D
:1083B00000680168890633D441F20041C4F201012A
:1083C0000968C90633D50021009101684FF4007295
:1083D000009140680090009841F2C820C2F200006D
:1083E000036819681868090320F0010018605868CC
:1083F0005A60C0F5007023D4196882B241F400219C
:108400001960196840F2E06041F00101196040F222
:10841000DF21C2F20000C2F2000101F02BFE06E0F3
:10842000002101910168019140680190019841F695
:10843000C820C2F2000002B0BDE88040FCF70ABDCF
:1084400046F22801C4F202010A6822F400220A60FE
:10845000196882B240F2DF20C2F2000041F0010C44
:1084600000F5007140F2E060C2F20000C3F800C005
:1084700002B0BDE8804001F0FDBD000080B5D0F83D
:10848000B82252689047002818BF032080BD000022
:10849000002070470020704780B513460A4600212F
:1084A00000F03EF9002080BD80B513460A46002149
:1084B00000F0FAF9002080BD80B50521C0F89412C3
:1084C00000210022002300F02BF9002080BD0000D5
:1084D00080B513460A460221C0F894120021426278
:1084E000C0E9053300F0E0F9002080BD80B504212B
:1084F000C0F8941200210022002300F0D5F90020DA
:1085000080BD000080B5D0F8C802FAF753FD40F2F4
:108510000032C100C0F2013222FA01F1032888BF03
:108520000321C8B280BD0000B0B5044689B194F8FB
:108530009C02032850D1D4F8B8024269002A4BD0DB
:108540000020C4F8D40220469047002808BF00202D
:10855000B0BDD4F89402022837D1A169208C8142A1
:108560000ED90A1A616AA261014420466162FFF7CE
:108570009BFF204600210022002300F0D1F824E0D8
:108580000FD1616981420CD3D4F89802814208D29C
:108590002046002100220025FFF786FFC4F89852EC
:1085A000E7E794F89C02032808D1D4F8B802C16820
:1085B00021B10020C4F8D4022046884720468021FB
:1085C00000F052F92046FFF777FF94F8A002002848
:1085D0001CBF002084F8A0020020B0BD10B50446E6
:1085E00069B194F89C02032822D1D4F8B8028269B8
:1085F0000020F2B1C4F8D4022046904719E0D4F824
:108600009402032829D1D4F85801B4F8602190428B
:1086100013D9D4F86411801A1144C4F85801C4F86D
:108620006411904288BF02462046FFF735FF14E0F0
:108630000020002808BF002010BD94F89C020328E9
:1086400008D1D4F8B802016921B10020C4F8D402DD
:10865000204688472046FFF749FF002010BD000054
:108660000020704780B5012180F89C12D0F8B81224
:1086700031B14A6801799047002818BF032080BDB6
:10868000002080BD4AB2D0F8C80201F07F0101EBA2
:10869000C10100EB810000F25621002A48BF00F121
:1086A000160108787047000080B5D0F8D42200EB9E
:1086B0008202D2F8B82242B190F89C32032B02D148
:1086C000126A02B19047002080BD032080BD0000E7
:1086D00080B5D0F8D42200EB8202D2F8B82242B1A1
:1086E00090F89C32032B02D1526A02B190470020CD
:1086F00080BD032080BD000080B59446D0F8C8023C
:108700001A466346FAF788FC40F20032C100C0F214
:10871000013222FA01F1032888BF0321C8B280BDCB
:1087200080B5D0F8C802FAF7ADFC40F20032C100C3
:10873000C0F2013222FA01F1032888BF0321C8B236
:1087400080BD0000F0B581B00126002580F89C6254
:10875000C0F8945204464560D0F8B802C4F8A45258
:1087600084F8A05250B142683AB1204600219047A7
:108770000546002818BF032500E0002520460021FB
:10878000002240234027FFF7B7FF20468021002228
:10879000402384F86361A4F86071FFF7ADFF84F8AB
:1087A00023602846278401B0F0BD000090F89C1299
:1087B000042904BF90F89D1280F89C120020704795
:1087C00080B590F89C12032906D1D0F8B81219B1DF
:1087D000C969002918BF8847002080BD02460020D3
:1087E0001174704780B5D0F8C802FBF7ABF840F2BF
:1087F0000032C100C0F2013222FA01F1032888BF21
:108800000321C8B280BD0000B0B500F2AA2504461D
:10881000284600F05BF80120C4F8940294F8AA02FC
:10882000B4F8B02200F01F010229C4F8982208D041
:1088300001290CD089B920462946BDE8B04000F096
:1088400059B820462946BDE8B04000F06BBA204632
:108850002946BDE8B04000F023BB00F0800120466F
:10886000BDE8B040AFF3008080B5D0F8C802FAF799
:108870002BFC40F20032C100C0F2013222FA01F1B9
:10888000032888BF0321C8B280BD0000014690F8CC
:108890009C02042204281CBF91F89C0281F89D02CE
:1088A000002081F89C22704780B5D0F8C802FAF702
:1088B00043FC40F20032C100C0F2013222FA01F161
:1088C000032888BF0321C8B280BD00000A78027067
:1088D0004A7842704A8842808A888280C988C180EA
:1088E00070470000D0F8B822002A04BF002070476B
:1088F0001268104770B582B00D460978044611F031
:10890000600110D0402901D020292FD1D4F8D40201
:10891000294604EB8000D0F8B8028268204602B0F5
:10892000BDE870401047687809283BD8DFE800F0C0
:10893000052A3A443A536B3A839594F89C020138DD
:10894000022800F2A780E888022840F0F380D4F8DB
:10895000A4020322002808BF0122214641F80C2F5F
:1089600020460222FFF7B4FD002508E020468021C2
:10897000FFF77AFF204600210025FFF775FF284604
:1089800002B070BD94F89C020138022800F28C807D
:10899000688800250128F2D12046C4F8A452FFF7C8
:1089A000A5FDECE720468021FFF75EFF2046002171
:1089B0000025FFF759FFE2E76888022800F0A88049
:1089C000012840F0AD800120C4F8A4022046FFF742
:1089D0008DFD0025D3E7A888002851D1E88800281C
:1089E0004ED168887F284BD894F89C12032940F018
:1089F000368120468021FFF737FF204600210025E1
:108A0000FFF732FFBBE768884FF0FF3101EB102121
:108A100000220629ADF8062000F25681DFE811F0A9
:108A200007009D00AA0054015401B700C200D4F809
:108A3000B402026841E1E88801283FD194F89C0221
:108A4000411E022980F080800025214641F8085F00
:108A500020460122FFF73CFD91E7688840F63B4540
:108A6000C2F2000510F0FE0F287031D020468021A0
:108A7000FFF7FAFE20460021FFF7F6FE03257EE70A
:108A800020468021FFF7F0FE204600210025FFF759
:108A9000EBFE74E720468021FFF7E6FE204600212A
:108AA0000025FFF7E1FE6AE720468021FFF7DCFEA4
:108AB000204600210025FFF7D7FE60E720468021F1
:108AC000FFF7D2FE204600210025FFF7CDFE56E736
:108AD00094F89C22C1B2032A00F07380022A40F06D
:108AE0007980002900F08E8020466160FFF7FAFE51
:108AF0000546002800F0C68020468021FFF7B4FE1E
:108B000020460021FFF7B0FE022084F89C0236E7E1
:108B1000687984F8A0022046FFF7E8FC00252EE7DC
:108B200020468021FFF7A0FE204600210025FFF708
:108B30009BFE24E720468021FFF796FE2046002179
:108B40000025FFF791FE1AE7032851D1211D204689
:108B50000122FFF7BDFC002511E7217CD4F8B80203
:108B600000290CBF816AC16A0DF1060088470646DC
:108B7000022023E0C0B2052800F2A680DFE800F062
:108B800003898D919599D4F8B402426894E0207CD1
:108B9000002840F09980D4F8B802416B0DF106002E
:108BA00088478EE0207C002840F08E80D4F8B80200
:108BB000016B0DF106008847064607207070012002
:108BC0008CE021B3606888422DD12046FFF78EFCEF
:108BD0000025D4E620468021FFF746FE20460021EE
:108BE000FFF742FE29782046FFF748FC0325C6E63A
:108BF00020468021FFF738FE204600210025FFF7A0
:108C000033FEBCE62046FFF771FC0025B7E60220E4
:108C100084F89C0220466160FFF730FC2046FFF795
:108C200065FC0025ABE6C1B22046FFF727FC29789A
:108C300020466160FFF756FE054600286ED02046AC
:108C40008021FFF711FE20460021FFF70DFE21795C
:108C50002046FFF713FC022084F89C028FE600F008
:108C60007F052046294684F89E52FFF7BBFD20462B
:108C7000FFF73CFC002D0CBF0120022084F89C0271
:108C800000257CE62046FFF731FC032084F89C0297
:108C900075E6D4F8B40282680EE0D4F8B402C26873
:108CA0000AE0D4F8B402026906E0D4F8B4024269DA
:108CB00002E0D4F8B402826932B1207C0DF10601E1
:108CC00090470646012009E020468021FFF7CCFDB1
:108CD000204600210026FFF7C7FD002090B1EA885A
:108CE0006AB1BDF8060078B1904238BF024620460E
:108CF0003146ADF80620FFF7EBFB00253FE62046A6
:108D0000FFF7F4FB00253AE620468021FFF7ACFD93
:108D100020460021FFF7A8FD002530E62046FFF79A
:108D2000E5FB2CE670B50E460978357911F0600147
:108D300004460AD0402901D0202920D120462946C6
:108D4000FFF7A6FB10B3002070BD707858B3012860
:108D500042D0032871D194F89C02032840D1708836
:108D600040B915F07F0005D0F08818B92046294693
:108D7000FFF77AFD2046FFF7B9FB002070BD2046C3
:108D80008021FFF771FD204600215CE0D4F8B80295
:108D900082680020002AC4F8D402D4D0204631468C
:108DA000BDE87040104794F89C02032823D00228A5
:108DB00008BF5FEA456040D105F07F0000EB80000E
:108DC00004EB800000F114012A0658BF00F5AA71D7
:108DD000002001F80E0F5CE094F89C02032836D0C6
:108DE00002282AD1680628D020462946FFF73CFDF4
:108DF0002046802127E005F00F0000EB8000802D49
:108E000004EB80002CBF90F8230090F86301A0B120
:108E100005F07F0000EB800004EB800000F11406F9
:108E2000802D38BF00F5AA7668062ED02046294648
:108E3000FFF728FC48B3012028E020468021FFF7F7
:108E400013FD20460021FFF70FFD002070BD708844
:108E500000287FF478AF680603D020462946FFF744
:108E600051FB2046FFF742FB20462946FFF710FB47
:108E700000287FF468AFD4F8B80282680020002A86
:108E8000C4F8D4027FF48AAF5DE7002006F10E013A
:108E9000B07320460222FFF71BFB002070BD0000CC
:108EA00070B50D460978044611F0600118BF4029DD
:108EB00013D194F89C020138022803D8A88810F036
:108EC000FE0F16D020468021FFF7CEFC2046002161
:108ED0000026FFF7C9FC304670BD2029E9D02046A6
:108EE0008021FFF7C1FC204600210026FFF7BCFCD3
:108EF00017E0C1B22046FFF7CDFA08B103260BE018
:108F0000D4F8B8028268002AF8D00020C4F8D4024D
:108F10002046294690470646E888002808BF002ECC
:108F200001D0304670BD2046FFF7E0FA304670BDF4
:108F300010B50A784B78D0F81CE802F00F04012B2A
:108F40004FEA421C17D10123A34043EA0E03C0F8A5
:108F50001C386044D0F800391B0427D48B6800F516
:108F60001060097904686FF3DF2343EA814144EA22
:108F70008252114315E04FF48032A24042EA0E02C1
:108F8000C0F81C286044D0F8002B12040ED48A6864
:108F900000F5306009796FF3DF22036842EA81410E
:108FA000194341F0805141F400410160002010BD9F
:108FB0000146D0F8000940F2FF729043C1F8000961
:108FC000D1F8040840F480720020C1F804287047EA
:108FD000D0F840C043F20B03C4F654739C4503D34E
:108FE000D0F8003B002B1ED40023C0F8103BD0F873
:108FF000103B012943F40023C0F8103BD0F8103B8C
:1090000043F01803C0F8103BD0F8103B43F0C043C6
:10901000C0F8103B07D1C0F8142BD0F8001B41F06A
:109020008021C0F8001B0020704700004A780B78B0
:10903000012A4FEA431210440DD1D0F8002922F43E
:109040000012C0F80029097901F0FE01022913D1AC
:1090500000F510600CE0D0F8002B22F40012C0F8EC
:10906000002B097901F0FE01022905D100F53060DD
:10907000016841F080510160002070470A784B7808
:109080005101012B084406D1D0F80019002900F540
:10909000106106D50AE0D0F8001B002900F5306108
:1090A00004D41AB1086820F080400860086840F4D1
:1090B000001200200A60704770B54B7891F800C02C
:1090C000012B2BD10C6900EB4C1EDEF81059002C43
:1090D0000EF510634DD06FF312051D611D69BCF1D3
:1090E000000F6FF3DC451D618D6858D02C44013CA6
:1090F000B4FBF5F40025C1F6F8751E6905EAC44510
:1091000035431D610D79012D51D11D6925F0C045F3
:109110001D614FF0C04505EA447445E000EB4C1377
:10912000D3F8106BBCF1000F6FF31206C3F8106B8D
:10913000D3F8106B6FF3DC46C3F8106B0D6903F5C1
:10914000306321D08C68002D00F086802E19013EFE
:10915000B6FBF4F640F2000CB5B26C430C62C1F6FB
:10916000F87C1D690CEAC6462E436FF3DF441E618E
:1091700079E06FF3DC451D611C6944F400241C6137
:109180001C696FF3120417E0002D1CBF8E680E617E
:109190008E680E621D696FF3DF462E4360E0AC42BD
:1091A00088BF0D614FF400241D692C431C610C69BC
:1091B0001D696FF3DF442C43012A1C6115D1CA6974
:1091C000002A18BFCEF814290979012963D1D0F8F3
:1091D0000808DEF80019C0054FF0805058BF4FF066
:1091E00000500843CEF8000955E000F510634FEA3F
:1091F0004C141E5946F004461E510E79012E20D102
:10920000D0F80868E558F6054FF0805658BF4FF083
:1092100000562E43E65092B90A8A82B1CB68D61C1A
:10922000B50800F580504FEA0C310122043B012DB6
:1092300088BFB20853F8046F013A0E50FAD10020EB
:1092400070BD09690029FAD00CF00F01012202FA61
:1092500001F100F6340320E01E696FF3DF4426437A
:109260001E614FF400241E69012A46EA04061E61AD
:1092700003D1CA68002A18BF5A61097901290AD1A5
:10928000D0F808081968C0054FF0805058BF4FF05B
:109290000050084318604FF00441186808431860F4
:1092A000002070BD81B0002200924A780978012A1E
:1092B0004FEA41111AD100F510604258B2F1FF3F58
:1092C0002DDC0A5842F000620A500A5842F08042EF
:1092D0000A5042F2107200BF009B01330093009BC2
:1092E00093421FD80B58002BF6D418E000F53060DD
:1092F0004258B2F1FF3F12DC0A5842F000620A50B5
:109300000A5842F080420A5042F21072009B013328
:109310000093009B934205D80B58002BF6D40020F5
:1093200001B07047012001B07047000081B00022F9
:10933000009200BF009A01320092009AB2F1706F61
:1093400015D80269B2F1FF3FF4DC89010022203117
:10935000009201610099013100910099B1F1706FA3
:1093600005D801698906F5D4002001B070470320B3
:1093700001B07047D0F8080800F0060180074FF0F0
:10938000020058BF0F20002908BF084670470000A0
:10939000406900F001007047D0F81818D0F81C0898
:1093A000084080B270470000D0F81818D0F81C08A8
:1093B0000840000C70470000D0F810C8D0F83438CE
:1093C00001F00F0223FA02F2D20100EB4110D2B2F7
:1093D000D0F8080942EA0C010840704700EB41113F
:1093E000D1F8081BD0F8140808407047416980691B
:1093F0000840704780B5930802F003020DD004398D
:109400004FF4805C012B98BF012300BF50F80CE0A3
:10941000013B41F804EFF9D1043172B14FF48053AC
:1094200050F803C0002300BF2CFA03F0013A01F802
:10943000010B100403F10803F6D1084680BD0000BB
:109440000246D0F8000801F07F0120F4FE60C2F867
:109450000008D2F8000840EA01110020C2F8001804
:1094600070470000022A02460DD145F24030CFF687
:10947000277043F200530844C0F20C0398420DD207
:109480004FF4705001E04FF41050D16821F4705146
:10949000D160D16801430020D160704741F640603F
:1094A000CFF61B7044F240230844C0F20F039842E9
:1094B00002D24FF46050E8E7A1F5740044F68073DF
:1094C000A0F51050C0F21203984202D24FF450504F
:1094D000DBE7A1F183704DF22063A0F5E740C0F215
:1094E0001303984202D24FF44050CEE74BF2606033
:1094F000CFF6E5604EF260330844C0F2160398429E
:1095000002D24FF43050C0E74DF20030CFF6CE60BB
:1095100047F240730844C0F21B03984202D24FF452
:109520002050B2E745F6C030CFF6B36049F2C01321
:109530000844C0F22103984202D24FF41050A4E72D
:10954000A1F1B77047F22053A0F55850C0F238038C
:10955000984202D24FF4005097E745F2E040CFF630
:10956000596049F6E0430144C0F241034FF4C05052
:10957000994238BF4FF4E05087E7000010B5DDF89E
:1095800008C0BCF1000F14D19BB103F1030C4FEAEA
:109590009C0E00F58054120301230439BEF1010F23
:1095A00088BF4FEA9C0300BF51F8040F013B1051E4
:1095B000FAD1002010BD0000FEE70000F5EE400AE1
:1095C000F1EE10FA2BDD80EE200AB1EE401AB5EE76
:1095D000400AB0EE402AF1EE10FAB8BFB0EE412AD0
:1095E000B7EE001AB4EE412AF1EE10FA4FDD81EE2B
:1095F000021A9FED822A4EF604522021C0F6000284
:10960000531893ED003A21EE022A04390B1D32EE75
:10961000032AF5D19FED771A31EE421A48E0F5EEB4
:10962000400AF1EE10FA51DAB5EE400AF1EE10FA06
:1096300059DD80EE200AB1EE402AB5EE400AB0EEC8
:10964000401AF1EE10FAB8BFB0EE421AB7EE002A97
:10965000B4EE421AF1EE10FA40F3828082EE011A63
:109660009FED662A4EF604522021C0F6000200BF8C
:10967000531893ED003A21EE022A04390B1D32EE05
:10968000032AF5D19FED5B1A31EE422A7AE09FED75
:109690005B1A4EF604522021C0F60002531893EDD7
:1096A000003A22EE011A04390B1D31EE031AF5D1EE
:1096B000B5EE400AB1EE412AF1EE10FAB8BFB0EEB5
:1096C000421A80ED001A002040B27047F5EE400AC1
:1096D000F1EE10FA41D1B5EE400AF1EE10FA34DDA8
:1096E0009FED441AEDE7B5EE400AF1EE10FA57DAB5
:1096F00080EE200AB1EE402AB5EE400AB0EE401AE4
:10970000F1EE10FAB8BFB0EE421AB7EE002AB4EE8E
:10971000421AF1EE10FA4EDD82EE011A9FED372A61
:109720004EF604522021C0F6000200BF531893EDFC
:10973000003A21EE022A04390B1D32EE032AF5D13C
:109740009FED2C1A31EE422A46E0B5EE400AF1EECA
:1097500010FA02DA9FED281AB3E7FC2040B27047F6
:109760009FED262A4EF604522021C0F6000200BFCB
:10977000531893ED003A21EE022A04390B1D32EE04
:10978000032AF5D1B5EE400A9FED1E0AB1EE421A4A
:10979000F1EE10FAB8BFB0EE412A32EE001A90E7AF
:1097A00040F6DB7210EE101AC4F2490262F31E0199
:1097B00001EE101A85E79FED112A4EF60452202182
:1097C000C0F60002531893ED003A21EE022A043944
:1097D0000B1D32EE032AF5D1B5EE400A9FED080AC3
:1097E000B1EE421AF1EE10FAB8BFB0EE412A32EEF5
:1097F000001A66E7DB0FC93FDB0FC9BFA59204BDA6
:10980000DB0F49C0DB0F49409FED211A9FED212A54
:1098100020EE010AB5EE001A30EE010ABDEEC01AC4
:1098200011EE100AB5EE400AF1EE10FAB8BF013899
:1098300001EE100AB8EEC11A30EE410A20EE020A1B
:10984000BDEEC01A9FED142A11EE100A410A30EE47
:10985000021A4EF660511CBF0020B0EE410AC0F65D
:10986000000101EE100A01EB8001B8EE411A30EE62
:10987000410A91ED001A91ED012AB7EE003A33EE5C
:10988000403A20EE020A23EE011A31EE000A704738
:1098900083F9223E00000044000000C49FED1F1A1F
:1098A0009FED1F2A20EE010ABDEEC01A11EE100A2C
:1098B000B5EE400AF1EE10FAB8BF013801EE100A19
:1098C000B8EEC11A30EE410A20EE020ABDEEC01A0F
:1098D0009FED142A11EE100A410A30EE021A4EF6DC
:1098E00060511CBF0020B0EE410AC0F6000101EE3D
:1098F000100A01EB8001B8EE411A30EE410A91EDF9
:10990000001A91ED012AB7EE003A33EE403A20EE0C
:10991000020A23EE011A31EE000A704783F9223E53
:1099200000000044000000C42DE9F04182B0002096
:109930008DF80700F6F732FF8020F7F781F8552001
:10994000F7F77EF85520F7F77BF88DF80700F6F764
:109950001DFF9620F6F77AFFF6F720FF8020F7F735
:109960006FF85520F7F76CF85520F7F769F88DF880
:109970000700F6F70BFF9620F6F768FFF6F70EFFE5
:109980007E20F7F75DF8B620F7F75AF8F6F7FEFEF7
:109990005020F6F759FFF6F701FF8020F7F750F84F
:1099A0005520F7F74DF85520F7F74AF88DF80700DE
:1099B000F6F7ECFE9620F6F749FFF6F7EFFE80206B
:1099C000F7F73EF85520F7F73BF85520F7F738F84A
:1099D0008DF80700F6F7DAFE9620F6F737FF9DF8C8
:1099E00007001E2836D14FF296580026C0F6000810
:1099F000F6F7D4FE06EB460018F8005008EB000717
:109A00007C782846F7F71CF82046F7F719F8F6F7A0
:109A1000BDFE9620F6F71AFFF6F7C0FE45F080006F
:109A2000F7F70EF85520F7F70BF85520F7F708F879
:109A30008DF80700F6F7AAFE9620F6F707FF9DF8C7
:109A40000700A0420AD10136062ED1D1002002B073
:109A5000BDE8F081FF2002B0BDE8F081B87802B027
:109A6000BDE8F0812DE9F04786B00020ADF8080090
:109A700001908DF80300F6F791FE8020F6F7E0FFE5
:109A80005520F6F7DDFF5520F6F7DAFF8DF80300D5
:109A9000F6F77CFE9620F6F7D9FEF6F77FFE8020DB
:109AA000F6F7CEFF5520F6F7CBFF5520F6F7C8FFA7
:109AB0008DF80300F6F76AFE9620F6F7C7FEF6F774
:109AC0006DFE7E20F6F7BCFFB620F6F7B9FFF6F77D
:109AD0005DFE5020F6F7B8FEF6F760FE8020F6F740
:109AE000AFFF5520F6F7ACFF5520F6F7A9FF8DF82C
:109AF0000300F6F74BFE9620F6F7A8FEF6F74EFEAB
:109B00008020F6F79DFF5520F6F79AFF5520F6F7CF
:109B100097FF8DF80300F6F739FE9620F6F796FECC
:109B20009DF803001E2840F0B9804EF62C5A0027FD
:109B3000C0F6000AF6F732FE07EB47001AF80050AD
:109B40000AEB000674782846F6F77AFF2046F6F707
:109B500077FFF6F71BFE9620F6F778FEF6F71EFE67
:109B600045F08000F6F76CFF5520F6F769FF5520A9
:109B7000F6F766FF8DF80300F6F708FE9620F6F775
:109B800065FE9DF80300A04240F08C805020F6F75F
:109B90005BFE032F07F10107CCD301A8A0F1010858
:109BA00000270DF10C0900BFF6F7F8FD381D00EB9A
:109BB00040001AF800500AEB000674782846F6F7C1
:109BC0003FFF2046F6F73CFFF6F7E0FD9620F6F75C
:109BD0003DFEF6F7E3FD45F08000F6F731FF552036
:109BE000F6F72EFF5520F6F72BFF8DF80300F6F75A
:109BF000CDFD9620F6F72AFE9DF80300A04251D134
:109C00005020F6F721FEF6F7C9FD9220F6F718FF6F
:109C10009220F6F715FF0624454600BF5520F6F7BB
:109C20000FFF013C210605F8010FF7D1F6F7AEFD55
:109C3000BDF8040007EB470129F81100DDF8060024
:109C400009EB4101002F07F10107C1F80200ABD079
:109C5000F6F7A4FD6D20F6F7F3FE0020F6F7F0FE10
:109C6000F6F794FD9620F6F7F1FDF6F797FDED2057
:109C7000F6F7E6FE5520F6F7E3FE5520F6F7E0FE90
:109C80008DF80300F6F782FD9620F6F7DFFD9DF8CC
:109C9000030058B1042006B0BDE8F087FF2006B0ED
:109CA000BDE8F087B07806B0BDE8F087F6F776FD3E
:109CB0007E20F6F7C5FEB620F6F7C2FEF6F766FD83
:109CC0005020F6F7C1FDBDF90C00BDF91210411A84
:109CD00040F2555081420EDBBDF90E10BDF9142043
:109CE000891A814207DBBDF91000BDF91610401A30
:109CF000B0F52A7F03DA802006B0BDE8F087F6F7DA
:109D00004DFD8020F6F79CFE5520F6F799FE552074
:109D1000F6F796FE8DF80300F6F738FD9620F6F775
:109D200095FDF6F73BFD8020F6F78AFE5520F6F705
:109D300087FE5520F6F784FE8DF80300F6F726FD22
:109D40009620F6F783FD002006B0BDE8F0870000FE
:109D50002DE9F041F6F734FD8020F6F771FE55202D
:109D6000F6F76EFEF6F724FD9620F6F76FFDF6F790
:109D700027FD8020F6F764FE5520F6F761FEF6F722
:109D800017FD9620F6F762FDF6F71AFD1420F6F798
:109D900057FEB620F6F754FEF6F70AFD5020F6F708
:109DA00053FDF6F70DFD8020F6F74AFE5520F6F735
:109DB00047FEF6F7FDFC9620F6F748FDF6F700FDA6
:109DC0008020F6F73DFE5520F6F73AFE0446F6F7FA
:109DD000EFFC9620F6F73AFD0F2C1CBFFF20BDE8E4
:109DE000F0814FF2A8580026C0F60008F6F7E8FC0C
:109DF00006EB460018F8005008EB00077C78284670
:109E0000F6F71EFE2046F6F71BFEF6F7D1FC96206D
:109E1000F6F71CFDF6F7D4FC45F08000F6F710FECF
:109E20005520F6F70DFE0546F6F7C2FC9620F6F72C
:109E30000DFDA54205D10136062ED7D10020BDE883
:109E4000F081B878BDE8F081B0B5F6F7B9FC8020B4
:109E5000F6F7F6FD5520F6F7F3FDF6F7A9FC962088
:109E6000F6F7F4FCF6F7ACFC8020F6F7E9FD552098
:109E7000F6F7E6FDF6F79CFC9620F6F7E7FCF6F71A
:109E80009FFC1420F6F7DCFDB620F6F7D9FDF6F7B7
:109E90008FFC5020F6F7D8FCF6F792FC8020F6F7FE
:109EA000CFFD5520F6F7CCFDF6F782FC9620F6F7AD
:109EB000CDFCF6F785FC8020F6F7C2FD5520F6F7BD
:109EC000BFFDF6F775FC9620F6F7C0FCF6F778FCB8
:109ED0003C20F6F7B5FD0120F6F7B2FDF6F768FC79
:109EE0005020F6F7B1FC0025F6F76AFCBC20F6F727
:109EF000A7FD5520F6F7A4FD0446F6F759FC962079
:109F0000F6F7A4FCA00705F1010102D4092D0D46C6
:109F1000EAD3402000EA04100A2908BF4020B0BD5F
:109F2000B0B58AB041F2900401200021C2F20004D1
:109F30006D460890CDE90610CDE90011CDE902117A
:109F4000CDE9041120462946F7F71AFC2046F7F719
:109F50007FFF20460221F7F7B3FB41F2B8040E2041
:109F6000C2F200040990059020462946F7F708FC44
:109F70002046F7F76DFF20460221F7F7A1FB0AB054
:109F8000B0BD000080B54EF2180140F6F472CEF27A
:109F90000001C2F2000251F804CC1278002302FB47
:109FA00000FE08680A689042FCD003449B1A904265
:109FB00098BF63447345104628BF80BDF2E7000098
:109FC000F0B581B040F6FC5700EBC006C2F20007C6
:109FD00057F8260007EB8605686002F0A5FE2C46C0
:109FE00054F8101F47F826004A0042BF21F0804174
:109FF0002160E860A86958B18047216870B1286A7B
:10A0000041F02041216038B101B0BDE8F040004787
:10A01000206820F00040206001B0F0BD21F0004039
:10A02000206001B0F0BD000080B5EFF3108C72B677
:10A03000416803698B4284BF016801610269D0E90C
:10A04000023112F801EB01330139C0E9023102613A
:10A050008CF31088704680BD0346881801384FF095
:10A06000000CC3E900100020C3E9022C19615961FA
:10A07000704700002DE9F047EFF3108972B621B365
:10A080000E468168054601B32F4657F8140F144653
:10A0900057F8102C904284BF286868613868A14244
:10A0A000B8BF0C46111A01F1010A544513DD3146BF
:10A0B0005246A4EB0A08F6F7DCF9286806EB0A0119
:10A0C0004246F6F7D6F92F460AE089F310884FF09A
:10A0D000FF30BDE8F08731462246F6F7CAF9A046C0
:10A0E000386840446861D5E90201001B2144C5E994
:10A0F000020189F310882046BDE8F087C0687047E8
:10A10000F0B540F6D840C2F2000090ED010A90EDA3
:10A11000021A90ED032A90ED053A90ED064A90ED73
:10A12000075A41F65C30C2F2000090ED016A90EDF2
:10A13000027AD0ED030A40F28000C2F20000A0F1E2
:10A14000080140F22C00C2F20000A0F1080240F227
:10A150005C00C2F2000040F2082C40F6A04E40F233
:10A16000E41441F66C3540F21426A0F108030020F7
:10A17000C2F2000CC2F2000EC2F20004C2F20005EC
:10A18000C2F20006D3ED031AD3ED022AD3ED043A4E
:10A1900064EE211A63EE222A72EEA11A65EE232ADA
:10A1A00072EEA11A0CEB0007C7ED001AD2ED031AEC
:10A1B000D2ED022AD2ED043A61EE211A60EE222A93
:10A1C0000EEB000772EEA11A62EE232AD7ED003AD9
:10A1D00072EEA11A71EEA31A2718C7ED001AD1ED7D
:10A1E000031AD1ED022AD1ED043A67EE211A66EE88
:10A1F000222A2F1872EEA11A60EEA32AD7ED003A98
:10A2000072EEA11A3718043071EEA31A0C330C3217
:10A210000C310C28C7ED001AB4D1F0BD80B540F662
:10A22000FE72C2F20002107840F6B14140F6B04C26
:10A23000C007C2F20001C2F2000C15D041F6C00303
:10A24000C2F20003986C00680068C0070CD1D86C9B
:10A2500000680068C00707D1087880075CBF9CF8D9
:10A2600000005FEA807053D50878C00715D041F62A
:10A27000C003C2F20003986C00680068C0070CD1EC
:10A28000D86C00680068C00707D1107880075CBFF1
:10A290009CF800005FEA807058D59CF80000C00769
:10A2A00015D041F6C003C2F20003986C0068006844
:10A2B000C00718BF80BDD86C00680068C00706D111
:10A2C000107880075CBF08785FEA807000D580BD99
:10A2D0009CF80000102100F0FE008CF800009CF8B3
:10A2E0000000002240F002008CF800000020C4F2C0
:10A2F0000200F8F773F940F2500040F6AC41C2F2A8
:10A300000000C2F200010422BDE88040FCF79CBEC0
:10A310001078012100F0FE001070107840F002006B
:10A3200010700020C4F2020000F580600022F8F7EF
:10A3300055F940F2540040F6F671C2F20000C2F244
:10A3400000010822BDE88040FCF77EBE08780022AC
:10A3500000F0FE000870087840F00200087000204D
:10A36000C4F202001021F8F739F940F2200040F65B
:10A370007C41C2F20000C2F200010922BDE8804027
:10A38000FCF762BE41F61811C2F200010968486389
:10A39000704700007047000080B584B0024601207D
:10A3A0000DF10F01CDE9001041F288304FF0640C3F
:10A3B000C2F200001C210123CDF808C0F8F7E6F92D
:10A3C0009DF80F0004B080BD80B584B002468DF8C2
:10A3D0000F1001200DF10F01CDE9001041F288307E
:10A3E0004FF0640CC2F200001C210123CDF808C01C
:10A3F000F8F79CFB04B080BD41F60000C4F20200F7
:10A4000040210122F8F7EAB841F60000C4F2020048
:10A4100040210022F8F7E2B87047000000F0A4B82D
:10A420002DE9F041FFF7B6FFFFF7F6FFFFF7ECFF6E
:10A430003220FFF7F3FFFFF7DFFF3220FFF7EEFFD9
:10A440000020FFF7A9FF10281CBF4020BDE8F081C5
:10A450000120FFF7E3FF4EF654580026C0F600082F
:10A4600006EB460008EB000718F800407D78204610
:10A470002946FFF7A9FF0120FFF7D0FF2046FFF78D
:10A480008BFF04460120FFF7C9FFAC4205D101361E
:10A49000042EE5D10020BDE8F081B878BDE8F08158
:10A4A0009FED1A1A0020B4EE410AF1EE10FAB8BF7F
:10A4B000012007DB9FED162AB4EE420AF1EE10FAF6
:10A4C000D8BF70479FED122A30EE023A33EE023ABF
:10A4D000C00718BFB0EE430A30EE013AB4EE420AAC
:10A4E00033EE013AF1EE10FAC8BFB0EE430AB4EE13
:10A4F000410AF1EE10FA4FF00000B8BF0120E3DB93
:10A50000B4EE420AF1EE10FADEDC7047DB0F49C010
:10A51000DB0F4940F8F74EFCFDF7DCFCFBF79AFE39
:10A52000FBF7B2FDFBF7E4FCFBF71CFDFBF754FD6A
:10A53000FBF774FDFBF772FFFBF792FFFBF7FCFFE5
:10A54000FCF762F8FBF7B4FFFCF7DCF8FCF7F8F86F
:10A55000FCF714F9FBF784FDFFF7E2FCFBF7EAFDDB
:10A5600000F00AF8FEE7000080B5002808BF0120CF
:10A5700001F0C4FC002080BD80B501F0E1FD0020A9
:10A5800080BD0000B0B584B043698E4693B1846944
:10A5900084B10589D0E9001C026928B2843D18BF46
:10A5A000C51CCDE9005360467346029402F002FADE
:10A5B000039010E00589D0E90013028A28B2843D97
:10A5C00018BFC51C03AC184673460095019402F0F1
:10A5D00083F9012802D1039804B0B0BD002004B073
:10A5E000B0BD000020B941F64840C2F2000000684A
:10A5F00000281CBF343070474FF0500080F31188A2
:10A60000BFF36F8FBFF34F8FFEE70000F0B581B04F
:10A610000D4648F2A04141F64846C2F20001C2F29E
:10A6200000060F6831680446081D01F0C9FA10B130
:10A63000601C0FD01AE0306847F6E472C06AC2F2BC
:10A6400000020121136801FA00F023EA0000106003
:10A65000601C0BD155B13068011D48F27840C2F240
:10A66000000001B0BDE8F04001F006BB3068E4191D
:10A6700044600BD341F65840C2F2000000683168D4
:10A68000043101B0BDE8F04001F0D8BA41F65040C5
:10A69000C2F2000000683168043101F0CFFA48F2DC
:10A6A0000440C2F2000001688C4238BF046001B06F
:10A6B000F0BD00002DE9F047044601F0F5FA47F639
:10A6C000D470C2F20000016841F6484701310160D0
:10A6D000C2F20007396848F26C4A41F66046C2F29D
:10A6E000000AC2F2000651B1DAF8000000283DD19C
:10A6F0003868E16AC06A884298BF3C6036E03C60D6
:10A700000068012832D10025701901F087FA14354C
:10A710008C2DF9D148F27418C2F20008404601F0BD
:10A720007DFA48F28819C2F20009484601F076FA2B
:10A7300048F21840C2F2000001F070FA48F28C4072
:10A74000C2F2000001F06AFA48F27840C2F200005A
:10A7500001F064FA41F65040C2F20000C0F80080F7
:10A7600041F65840C2F20000C0F8009047F6E07091
:10A77000C2F20000016847F6E472013101606164D1
:10A78000E06AC2F20002012113688140194300EB24
:10A790008000116006EB8000211D01F06DFA01F0D0
:10A7A000A7FADAF8000088B13868E16AC06A88421E
:10A7B00028BFBDE8F0874EF60450CEF200004FF0FF
:10A7C00080510160BFF34F8FBFF36F8FBDE8F087FB
:10A7D00070B582B001F068FA48F2A446C2F20006F1
:10A7E000306850BB48F24814C2F20004204601F021
:10A7F00015FA48F25C15C2F20005284601F00EFA7F
:10A8000041F64C40C2F20000046041F65C40C2F2E6
:10A81000000041F67C3241F6F43305600025C2F2B7
:10A820000002C2F200030A200C21009501F0C0FDD5
:10A83000306010B103A101F029FB02B0BDE8704007
:10A8400001F056BA546D72510000000047F6D875F9
:10A8500041F6604A4EF6045848F28C4747F6D476E3
:10A86000C2F20005C2F2000ACEF200084FF0805991
:10A87000C2F20007C2F2000603E000BF204601F06A
:10A880004FFA2868C8B101F00FFAF868C468201DB3
:10A8900001F096F930680138306028680138286086
:10A8A00001F026FA94F859000228EAD00128E5D0F0
:10A8B00070B9206B01F034FAE0E7DAF80000022802
:10A8C000DFD3C8F80090BFF34F8FBFF36F8FD8E787
:10A8D0004FF0500080F31188BFF36F8FBFF34F8F9D
:10A8E000FEE7000008480068006880F308884FF021
:10A8F000000080F3148862B661B6BFF34F8FBFF3D8
:10A900006F8F00DF00BF000008ED00E02DE9F04F81
:10A9100083B0824602F008FA41F64449C2F20009C7
:10A92000D9F800100546884249D241F64C44C2F29B
:10A93000000420680168002943D048F2A44BC2F209
:10A94000000B08E07860206831463F6101F076F93D
:10A9500020680168A9B3C068C768D0F800803E1DB0
:10A96000304601F02DF9396A3846884797F82800B3
:10A970004007EDD5B86940444045E3D88FB3DBF8D4
:10A98000000078B10020CDE90008029702F0B8F984
:10A99000DBF8000069460022002301F077FD002863
:10A9A000D6D102E000200028D2D14FF0500080F331
:10A9B0001188BFF36F8FBFF34F8F00BFFEE70020FA
:10A9C00007E041F65C41C2F200010A68086001201C
:10A9D0002260CAF800002846C9F8005003B0BDE85C
:10A9E000F08F4FF0500080F31188BFF36F8FBFF3EB
:10A9F0004F8F00BFFEE7000081B00020009040F2C2
:10AA0000AC00C2F2000000684FF0500181F31188E1
:10AA1000BFF36F8FBFF34F8F013001D0FEE700BF50
:10AA200000980028FCD001B07047000088B041F6C3
:10AA30004C4A41F65C4948F2A448C2F2000A02AC12
:10AA4000C2F20009C2F2000801AE00BFDAF800004D
:10AA500007681FB1C068D0F800B001E04FF0000BEC
:10AA600001F0C0FB2046FFF751FF029911B102F03F
:10AA7000C3FA7DE00546AFB15D4513D302F0BCFAE1
:10AA8000DAF80000C068C76807F10409484601F019
:10AA900097F897F82800410707D400F0FE0087F8E0
:10AAA000280012E0B7B100221AE0B9693F6101EB5A
:10AAB0000B00A842786029D95D4501D2584533D2B0
:10AAC000DAF80000494601F0B9F841F65C49C2F2F3
:10AAD000000945E0D9F800000068B0FA80F04209AA
:10AAE000D8F80000ABEB050101F0E4F902F084FABC
:10AAF00000283DD14EF60450CEF200004FF08051B8
:10AB00000160BFF34F8FBFF36F8F31E0A5EB0B00F8
:10AB1000884209D241F65C42C2F2000210684946FE
:10AB2000914601F08BF81BE0002F00F0BE80D8F8B2
:10AB3000000068B10020CDE9050B079702F0E0F8AE
:10AB4000D8F8000005A90022002301F09FFC00E0D6
:10AB5000002041F65C49C2F20009002800F0AF80F5
:10AB6000396A3846884703E0D9F8000001F066F8F2
:10AB7000D8F800002146002201F092FD00283FF4A1
:10AB800065AF02980028F3D4049F786910B1381D8E
:10AB900001F016F83046FFF7B9FE02990929E7D807
:10ABA000DFE801F00505053B3E5405053B3E97F8FF
:10ABB0002810039ABD6941F0010187F82810AB18ED
:10ABC000394641F8043F83423F6104D9904238D26C
:10ABD000934203D235E0801AA842C5D3396A384679
:10ABE000884797F828004007C2D5002F53D0D8F8DF
:10ABF0000000C0B30398B969079708440021CDE964
:10AC0000051002F07DF8D8F8000005A90022002305
:10AC100001F03CFC0028ABD129E097F828001DE0AA
:10AC200097F8281041F00102039987F82820B961AC
:10AC300039B30A18394641F8042F82423F617FF642
:10AC400093AFDAF8000000F0F9FF91E797F82800D9
:10AC5000810703D4384601F063F889E700F0FE006D
:10AC600087F8280084E7002000287FF481AF4FF0A8
:10AC7000500080F31188BFF36F8FBFF34F8F00BF79
:10AC8000FEE74FF0500080F31188BFF36F8FBFF3E2
:10AC90004F8F00BFFEE74FF0500080F31188BFF3E5
:10ACA0006F8FBFF34F8F00BFFEE74FF0500080F370
:10ACB0001188BFF36F8FBFF34F8F00BFFEE74FF0D8
:10ACC000500080F31188BFF36F8FBFF34F8F00BF29
:10ACD000FEE70000F0B581B0044600F0E5FF94F90E
:10ACE0004560012E0FDB04F1240500BF286850B138
:10ACF000284602F039F9002818BF01F06FF970B248
:10AD0000013E0128F2DCFF2684F8456000F0F0FFE8
:10AD100000F0CAFF94F94470012F0EDB04F1100516
:10AD2000286850B1284602F01FF9002818BF01F02A
:10AD300055F978B2013F0128F2DC84F8446001B093
:10AD4000BDE8F04000F0D4BFF0B581B0044601F09A
:10AD500049FA41F65441C2F20001086848F27017FE
:10AD6000C2F2000780BB41F6C472C2F20002D61DD7
:10AD700026F0070612F00703A2EB060518BF3246BD
:10AD800048F27046C2F200060020C6E900204FF4E7
:10AD9000C046002B18BF05F5C046931923F00703E2
:10ADA000A3F108060E6043E90200B01AC2E9006090
:10ADB00048F20042C2F20002106048F29C12C2F255
:10ADC00000021060012038703878002818BF4FF05A
:10ADD000004020420DD0002402F00EF9600712D08E
:10ADE0004FF0500080F31188BFF36F8FBFF34F8F88
:10ADF000FEE75CB160071ABF24F0070000F1100302
:10AE000004F1080303E0204601B0F0BD0023002B4D
:10AE10004FF00004E0D048F29C1CC2F2000CDCF8B9
:10AE200000008342D8D848F27044C2F20004266879
:10AE300075689D420FD232684AB100BF55683446EA
:10AE400016469D4207D23268002AF7D103E048F245
:10AE50007044C2F2000408688642BCD0D4F800E016
:10AE60003068EA1A112A20602FD3F418600708D03E
:10AE70004FF0500080F31188BFF36F8FBFF34F8FF7
:10AE8000FEE748F27045C2F200056260736000BFE1
:10AE90002B462D68A542FBD35A689818A04203D1CF
:10AEA00060681C46104458606268A018A84201D02F
:10AEB000294606E009688D4203D0D5E90010104408
:10AEC0006060A342216018BF1C6048F200417068B6
:10AED000DCF80020C2F200010B68121A9A42CCF88A
:10AEE000002038BF0A603878716800284FF00000F1
:10AEF00018BF41F00041306048F20C40C2F200003F
:10AF000002680EF108047160511C016064E70000E2
:10AF100003464AF6F910C0F600004FF0807C21F09D
:10AF2000010103E903106FF0020043F8240CA3F1C0
:10AF3000440043F8202C704740F2E069C2F2000957
:10AF400040F2F861C2F2000148464FF48062FFF718
:10AF500083F8FBF7A1FE40F2DF20C2F2000000F50B
:10AF600000714FF40072FBF777FF40F6023541F6AF
:10AF7000ED4641F6EE4741F6EC444FF49670C2F2CE
:10AF80000005C2F20006C2F200074FF00008C2F24C
:10AF9000000406E0FCF7FEFEFCF70EFF84F80080DC
:10AFA000012000F0ABFF02E020780128F2D00A2057
:10AFB00000F0A4FF28464946FBF7B2FF307801288D
:10AFC000F2D13888013081B2B1F5AF7F3880EBD94A
:10AFD000FCF730FF86F80080A7F80080E4E7000067
:10AFE0002DE9F04389B041F67A38C2F20008D0204A
:10AFF000A8F8000040F2D020C2F20000018880884A
:10B00000002540F20162CDE9025502924FF4504210
:10B0100041F29009ADF800200A0A8DF80310010AE8
:10B02000C2F2000908278DF802208DF804108DF86F
:10B03000050002A96A4608AB4846CDE90655CDE9A8
:10B0400004550697ADF80650F6F74EFB40F610444F
:10B05000C920C2F20004A8F80000207B22892178D0
:10B06000C0F380004FF449438DF80300100A40F20A
:10B070000366ADF800308DF804008DF805208DF8DA
:10B08000071002A96A4608AB4846CDE90655CDE946
:10B090000455CDE90255029606978DF802508DF8B9
:10B0A0000650F6F721FB012000F028FF217BD3207A
:10B0B000A8F80000C1F3400001F00102C1F38001D3
:10B0C0004FF45343ADF800308DF802008DF80320A3
:10B0D0008DF8041002A96A4608AB4846CDE906552A
:10B0E000CDE90455CDE9025502960697ADF8055015
:10B0F0008DF80750F6F7F8FACA20A8F8000040F2D9
:10B10000C020C2F2000040F2302441890089C2F21E
:10B110000004227A4FF44A43ADF800300B0A8DF850
:10B120000310010A8DF802308DF804108DF8050027
:10B130008DF8062002A96A4608AB4846CDE90655B7
:10B14000CDE90455CDE90255029606978DF80750D2
:10B15000F6F7CAFA012000F0D1FE40F22F10A8F84D
:10B160000000206842F601710091010E8DF8041074
:10B17000010C8DF80510010A8DF806108DF80700F6
:10B1800002A96A4608AB4846CDE90655CDE9045503
:10B19000CDE9025502960697F6F7A6FA4FF4987095
:10B1A000A8F80000606843F201010091010E8DF8DB
:10B1B0000410010C8DF80510010A8DF806108DF8A9
:10B1C000070002A96A4608AB4846CDE90655CDE915
:10B1D0000455CDE9025502960697F6F785FA012047
:10B1E00000F08CFE09B0BDE8F08300002DE9F043CB
:10B1F00089B040F29C11C2F2000141F67A380A7817
:10B20000C2F200080120A8F80000100940F27012F4
:10B21000B1F80110C2F20002B2F801208DF803006B
:10B22000080A41F290044FF480738DF80400100A6C
:10B23000C2F20004002540F201690826ADF8003092
:10B240008DF805108DF806008DF8072002A96A46D2
:10B2500008AB2046CDE90655CDE90455CDE90255A8
:10B26000CDF8089006968DF80250F6F73DFA652065
:10B27000A8F8000040F27410C2F2000000684FF419
:10B28000CA410091010E8DF80410010C8DF80510D3
:10B29000010A8DF806108DF8070002A96A4608AB6E
:10B2A0002046CDE90655CDE90455CDE90255CDF846
:10B2B00008900696F6F718FA012000F01FFE40F2FB
:10B2C0000D20A8F8000040F62E40C2F20000818850
:10B2D000006840F60252ADF800200A0A8DF803100B
:10B2E000010E8DF80410010C8DF80510010A8DF87F
:10B2F00002208DF806108DF8070002A96A4608ABF7
:10B300002046CDE90655CDE90455CDE90255CDF8E5
:10B3100008900696F6F7E8F940F2A8174FF4047083
:10B32000C2F20007A8F80000386841F2020100915B
:10B33000019002A96A4608AB2046CDE90655CDE941
:10B340000455CDE90255CDF808900696F6F7CCF9EC
:10B35000012000F0D3FD40F21120A8F80000786829
:10B3600041F202110091019002A96A4608AB204601
:10B37000CDE90655CDE90455CDE90255CDF8089043
:10B380000696F6F7B1F940F21220A8F80000B86866
:10B3900041F202210091019002A96A4608AB2046C1
:10B3A000CDE90655CDE90455CDE90255CDF8089013
:10B3B0000696F6F799F9012000F0A0FD40F213205F
:10B3C000A8F80000F86841F202310091019002A94A
:10B3D0006A4608AB2046CDE90655CDE90455CDE9CE
:10B3E0000255CDF808900696F6F77EF94FF40570F1
:10B3F000A8F80000386941F202410091019002A9C9
:10B400006A4608AB2046CDE90655CDE90455CDE99D
:10B410000255CDF808900696F6F766F9012000F07F
:10B420006DFD40F21520A8F80000786941F2025144
:10B430000091019002A96A4608AB2046CDE9065565
:10B44000CDE90455CDE90255CDF808900696F6F7FA
:10B450004BF940F21620A8F80000B86941F20261E9
:10B460000091019002A96A4608AB2046CDE9065535
:10B47000CDE90455CDE90255CDF808900696F6F7CA
:10B4800033F9012000F03AFD40F21720A8F800003F
:10B49000F86941F202710091019002A96A4608AB75
:10B4A0002046CDE90655CDE90455CDE90255CDF844
:10B4B00008900696F6F718F94FF40370A8F8000004
:10B4C00040F2DE20C2F20000007840F60241ADF802
:10B4D00000108DF8020002A96A4608AB2046CDE9AB
:10B4E0000655CDE90455CDE90255CDF808900696EC
:10B4F000CDF803508DF80750F6F7F6F8012000F06C
:10B50000FDFC09B0BDE8F0832DE9F04F89B041F6AC
:10B510007A39C2F20009CC20A9F8000040F21010DC
:10B52000C2F200008178807941F290084FF44C42D9
:10B53000C2F20008002540F2046A4FF0080BADF893
:10B5400000208DF802008DF8031002A96A4608ABAE
:10B550004046CDE90655CDE90455CDE90255CDF873
:10B5600008A0CDF818B00195F6F7BEF840F6C03641
:10B57000C2F2000640F23110317C727DB37EA9F830
:10B58000000096F80BC0F77F96F8244043F20110B4
:10B59000ADF800008DF803108DF804208DF805300B
:10B5A00002A96A4608AB4046CDE90655CDE90455E7
:10B5B000CDE90255CDF808A0CDF818B08DF802C03D
:10B5C0008DF806708DF80740F6F78EF8012000F030
:10B5D00095FC4FF49970A9F80000B07996F82910FD
:10B5E00096F82E2096F8333096F8387096F8426028
:10B5F000CDE90655CDE90455CDE9025543F20125C3
:10B600008DF802108DF803208DF804308DF80700B6
:10B6100002A96A4608AB4046CDF808A0CDF818B09C
:10B62000ADF800508DF805708DF80660F6F75CF8FF
:10B63000012000F063FC09B0BDE8F08F2DE9F04374
:10B6400089B041F67A3640F27C17C2F20006032038
:10B65000C2F200073080388A798ABA8A4FF4407380
:10B66000ADF80030030A8DF80300080A41F2900497
:10B670008DF80400100AC2F20004002540F20268AE
:10B680004FF008098DF802308DF805108DF806008E
:10B690008DF8072002A96A4608AB2046CDE9065579
:10B6A000CDE90455CDE90255CDF80880CDF81890C4
:10B6B000F6F71AF804203080F88A798BFA8B4FF469
:10B6C0008063ADF80030030A8DF80300080A8DF896
:10B6D0000400100A8DF802308DF805108DF8060070
:10B6E0008DF8072002A96A4608AB2046CDE9065529
:10B6F000CDE90455CDE90255CDF80880CDF8189074
:10B70000F5F7F2FF012000F0F9FB05203080B88B3F
:10B7100039887A884FF4A063ADF80030030A8DF8B9
:10B720000300080A8DF80400100A8DF802308DF825
:10B7300005108DF806008DF8072002A96A4608ABAF
:10B740002046CDE90655CDE90455CDE90255CDF8A1
:10B750000880CDF81890F5F7C7FF06203080B8882C
:10B76000F9887A894FF4C063ADF80030030A8DF888
:10B770000300080A8DF80400100A8DF802308DF8D5
:10B7800005108DF806008DF8072002A96A4608AB5F
:10B790002046CDE90655CDE90455CDE90255CDF851
:10B7A0000880CDF81890F5F79FFF07203080012022
:10B7B00000F0A4FB3088F989BA89030A8DF80100EA
:10B7C000080A8DF80200100A8DF800308DF8031079
:10B7D0008DF804008DF8052002A96A4608AB2046C2
:10B7E000CDE90655CDE90455CDE90255CDF80880DF
:10B7F000CDF81890ADF80650F5F776FFD1203080DF
:10B8000040F2D820C2F2000000684FF4514100918C
:10B81000010E8DF80410010C8DF80510010A8DF849
:10B8200006108DF8070002A96A4608AB2046CDE94C
:10B830000655CDE90455CDE90255CDF80880CDF87F
:10B840001890F5F751FF012000F058FB09B0BDE852
:10B85000F083000070B50D46044600F025FA41F66D
:10B860004846C2F200063068406D98B93068012140
:10B8700080F8581075B128460121FEF7C7FE4EF634
:10B880000450CEF200004FF080510160BFF34F8FA3
:10B89000BFF36F8F00F02CFA00F006FA3068456DA8
:10B8A0002DB131680020002C08BF681E4865306843
:10B8B000002180F8581000F01BFA284670BD0000E7
:10B8C0008EB040F27C18C2F2000840F6BE5540F639
:10B8D000C03708F1120040F2180A9FEDA78A41F222
:10B8E0009004C2F200054FF00109C2F200070226DF
:10B8F0004FF0030B049008F11400C2F2000AC2F2E8
:10B90000000403900CE0BAF800000130AAF800002F
:10B91000022000F0F3FA4FF0010902264FF0030B6A
:10B92000D7F80700F968C5F80200D7F81100E960F8
:10B93000D7F81610C5F816000420A877D7F81B0012
:10B940002962052185F82810C5F82A00388C0721BE
:10B9500085F8321040F61041A886788CC2F20001BA
:10B960000978E886404685F80090AE7285F814B0F4
:10B97000642998BF10300088E880049888BF08F1D7
:10B980000200008864292882039888BF08F1040017
:10B990000088688308F1160088BF08F10600008857
:10B9A0006429A8844FF00000E88508F11A0088BFD8
:10B9B00008F10A0000882887012000F09FFABAF8F1
:10B9C000000040F6B832013081B2891A18BF014632
:10B9D0000120AAF8001000F091FABAF8000042F62F
:10B9E0004701CBF2A37141434BF2CF024FEAB101C1
:10B9F000C0F22B0291425FD947F6D501C2F2E9614C
:10BA0000414341F26E224FEAB101C0F283029142FA
:10BA100056D944F2DB31C2F62E3141434CF6903216
:10BA20004FEA7101C0F28A1291427CD945F6294150
:10BA3000CCF28F21414345F628434FEAB102C0F2D0
:10BA40008F239A4268D94FEA71004BF65101C0F238
:10BA50001E51884240F28D8040F2D81041F67A3172
:10BA6000C2F20000C2F20001CE2200780A80002259
:10BA700040F20363CDE907220793082300F00F018A
:10BA80000009CDE90B220B934FF44E43CDE9092277
:10BA9000ADF814308DF816208DF817108DF8182099
:10BAA0008DF81900ADF81A20204607A905AA0DAB9C
:10BAB000F5F71AFE34E700BFFFF7C0FD2AE000BF2C
:10BAC000FFF794FB012000F019FA40F60449C2F296
:10BAD0000009D9F80000D9F8041000EE100A01EEB0
:10BAE000101AB8EE400AF8EE410A204640F20D3135
:10BAF000F5F716F8D9F8080040F20E3100EE100AFA
:10BB0000B8EE400A2046F0EE480A02264FF001093E
:10BB1000F5F706F8BAF800000130AAF80000022094
:10BB200000F0ECF9FCE6FFF7EFFC05F1040B4FF039
:10BB3000000907E009F10109B9F1060F0BF10A0B41
:10BB40003FF4E1AEBBF900003BF9023CBBF90260F7
:10BB50004FEA092100900AB2204640F20F310196C7
:10BB6000F4F7B2FF5FEAC970E4D1012000F0C6F932
:10BB7000E0E7FFF735FACDE70000000001889FED10
:10BB80000E1A00EE101AB8EEC00A40F6205120EE50
:10BB9000010AC2F2000181ED030A40889FED071AF5
:10BBA00000EE100AB8EEC00A80EE010A0120087506
:10BBB00081ED040A704700BF000000380000C84251
:10BBC000D0E9013201699A60D1F804C082688445E5
:10BBD000536008BF4A6000220261086801380860AB
:10BBE0000868704748F2A433C2F20003036048F2C9
:10BBF000A010C2F2000008608020106070470000B2
:10BC000048F6AC03C2F20003036048F2A840C2F257
:10BC1000000008604FF48070106070474FF0FF31F3
:10BC2000024642F8081F00214260C0E90322016079
:10BC300070470000002101617047000080B5D1F815
:10BC400000C01CF1010207D000F108039E465B68AA
:10BC50001A686245FAD901E0D0F810E0DEF8042055
:10BC600008614A609160C1F808E0CEF804100168EC
:10BC70000131016080BD0000D0F800C04368086158
:10BC80009A684B608A609A68996051600CF1010172
:10BC900001607047DFF80C00016841F47001016039
:10BCA0007047000088ED00E04FF0500080F31188ED
:10BCB000BFF36F8FBFF34F8F40F2AC00C2F20000B2
:10BCC00001684A1C026001B170474EF60450CEF282
:10BCD00000000068000608BF70474FF0500080F376
:10BCE0001188BFF36F8FBFF34F8F00BFFEE70000D7
:10BCF00040F2AC00C2F20000016839B101390160C4
:10BD000018BF7047002080F3118870474FF0500033
:10BD100080F31188BFF36F8FBFF34F8FFEE70000F2
:10BD2000B0B5002808BFB0BD044648F27010C2F29A
:10BD30000000007854F8041C002818BF4FF00040A1
:10BD400008420CD0A4F108052A6892B14FF05000C7
:10BD500080F31188BFF36F8FBFF34F8FFEE74FF073
:10BD6000500080F31188BFF36F8FBFF34F8F00BF78
:10BD7000FEE721EA000044F8040C00F033FA48F230
:10BD80009C11C2F2000154F8040C0A6810440860C7
:10BD900048F27041C2F2000108460968A942FBD38B
:10BDA00042688318AB4204D154F8043C05461A4457
:10BDB00042606A68AB188B4201D00B460AE041F63C
:10BDC0005443C2F200031B68994203D0D1E9003406
:10BDD000A1186960A8422B6018BF056048F21040A6
:10BDE000C2F20000016801310160BDE8B04001F01D
:10BDF00003B900004EF21000CEF2000000210160F5
:10BE0000816040F21C01C2F20001096844F6D3527D
:10BE1000C1F26202A1FB02124FF0FF3101EB92115D
:10BE20004160072101607047EFF30580102814D3AB
:10BE30004EF2F031CEF20001405C47F6C471C2F21E
:10BE400000010978884208D24FF0500080F3118831
:10BE5000BFF36F8FBFF34F8FFEE74EF60C50CEF25D
:10BE6000000047F6C8710068C2F20001096800F4DA
:10BE7000E060884298BF70474FF0500080F311880F
:10BE8000BFF36F8FBFF34F8FFEE7000048F22C4CDB
:10BE90000022C2F2000C00BF5CF8323023B1013244
:10BEA000082A08BF7047F7E70CEBC2034CF83210C2
:10BEB0005860704770B515460E460446FFF7F4FE0D
:10BEC00094F84400FF2804BF002084F8440094F84C
:10BED0004500FF2804BF002084F84500FFF708FF55
:10BEE000A06B28B904F1240031462A4600F008F975
:10BEF0002046BDE87040FEF7EDBE000070B500289A
:10BF000051D0044647F6DC70C2F20000016841B12E
:10BF10004FF0500080F31188BFF36F8FBFF34F8F46
:10BF2000FEE7016841F648450131016048F2A04052
:10BF3000C2F20000C2F20005066828680430FFF76C
:10BF40003FFE60B9286847F6E472C06AC2F2000298
:10BF50000121136801FA00F023EA0000106028684C
:10BF6000A419446009D341F65840C2F200000068A9
:10BF700029680431FFF762FE10E041F65040C2F23A
:10BF80000000006829680431FFF758FE48F20440B9
:10BF9000C2F2000001688C4238BF046001F02CF846
:10BFA000002818BF70BD4EF60450CEF200004FF0CE
:10BFB00080510160BFF34F8FBFF36F8F70BD0000E2
:10BFC00048F20841C2F200010968016048F2A0414C
:10BFD000C2F20001096841607047000048F608108D
:10BFE000C2F200000121016070470000F0B581B08D
:10BFF00018B305460C46FFF717FFEFF311874FF014
:10C00000500080F31188BFF36F8FBFF34F8F022171
:10C0100095F8580085F85810696D012801F1010163
:10C0200069654DD1A86A90B14FF0500080F3118836
:10C03000BFF36F8FBFF34F8FFEE74FF0500080F3D9
:10C040001188BFF36F8FBFF34F8F00BFFEE747F636
:10C05000DC70C2F20000006830B148F2184005F10F
:10C060001801C2F2000016E02E1D3046FFF7A8FDB1
:10C0700047F6E472E86AC2F20002012113688140C7
:10C080001943116041F6604100EB8000C2F20001EB
:10C0900001EB80003146FFF7EFFD41F64841C2F267
:10C0A0000001E86A0968C96A884209D9002C1CBFE6
:10C0B0000120206048F60810C2F200000121016052
:10C0C00087F3118801B0F0BD10B570B10C4641F690
:10C0D0004841C2F2000109681831FFF7AFFD204660
:10C0E0000121BDE81040FEF791BA4FF0500080F3F7
:10C0F0001188BFF36F8FBFF34F8F00BFFEE70000C3
:10C10000B0B598B10D4641F64841C2F20001096848
:10C1100014461831FFF7B0FD002C18BF4FF0FF3563
:10C1200028462146BDE8B040FEF770BA4FF05000F7
:10C1300080F31188BFF36F8FBFF34F8FFEE70000CE
:10C1400010B586B0002405A804A903AACDE90444CB
:10C15000FFF748FDDDE9032005990023CDE9010142
:10C160004AF64D00C0F600001CA1009400F022FC2D
:10C1700048F2A031C2F20001086010B100F0DAFF0D
:10C180000446601C20D0012C1CD14FF0500080F3DD
:10C190001188BFF36F8FBFF34F8F48F20440C2F294
:10C1A00000004FF0FF31016048F26C40C2F2000025
:10C1B0000121016048F2A040C2F2000000210160AC
:10C1C00000F05CF806B010BD4FF0500080F311880D
:10C1D000BFF36F8FBFF34F8FFEE700BF49444C455D
:10C1E0000000000047F6DC70C2F200000168013177
:10C1F0000160704747F6DC70C2F20000006830B1A1
:10C2000048F60810C2F2000001210160704748F6AC
:10C210000810C2F200000021016047F6E470C2F28B
:10C2200000000068B0FA80F0C0B2C0F11F0041F613
:10C23000604100EB8000C2F2000151F8202092B171
:10C2400001EB800050F8041F4968021D9142016013
:10C2500001D149680160006841F64841C068C2F2F6
:10C260000001086070474FF0500080F31188BFF361
:10C270006F8FBFF34F8F00BFFEE70000B0B584B0F3
:10C280004EF20040CEF200004CF27021C4F20F11C9
:10C29000D0F800294B1C9A4209D14FF0500080F38E
:10C2A0001188BFF36F8FBFF34F8F00BFFEE7D0F849
:10C2B00000298A4209D14FF0500080F31188BFF362
:10C2C0006F8FBFF34F8F00BFFEE7017847F6C47250
:10C2D0000291FF2101700178C2F200028DF807106F
:10C2E0009DF8071001F05001117047F6C871C2F2B5
:10C2F000000107220A609DF90720B2F1FF3F0CDC24
:10C30000062200BF0A609DF80730013A5B008DF8F5
:10C3100007309DF90730002BF4D40A68032A3DD179
:10C320004FF4E06303EA02220A6002990170D0F838
:10C33000201941F47001C0F82019D0F8201941F0FB
:10C340007041C0F82019FFF755FD40F2AC04C2F26D
:10C35000000400252560FFF79DFC4EF63470CEF2F8
:10C360000000016841F040410160FEF7BBFAFFF7B1
:10C3700041FF039520684FF0500181F31188BFF30E
:10C380006F8FBFF34F8F013002D000BFFEE700BFB9
:10C3900003980028FCD0002004B0B0BD4FF050003E
:10C3A00080F31188BFF36F8FBFF34F8FFEE700005C
:10C3B00070B582B068B11C46ABB1F1B9EAB14FF0CB
:10C3C000500080F31188BFF36F8FBFF34F8F00BF12
:10C3D000FEE74FF0500080F31188BFF36F8FBFF37B
:10C3E0004F8F00BFFEE74FF0500080F31188BFF37E
:10C3F0006F8FBFF34F8F00BFFEE751B14AB94FF0C7
:10C40000500080F31188BFF36F8FBFF34F8F00BFD1
:10C41000FEE750230193019B502B2DD1019B069EDB
:10C42000012384F84630002908BF22462260C4E96F
:10C430000F01FFF739FC2068D4E90F12002502FB39
:10C440000103013901FB0201A563C4E90103FF20D7
:10C45000E16084F8440084F8450004F11000FFF71F
:10C46000DDFB04F12400FFF7D9FBFFF741FC204678
:10C4700084F84C6002B070BD4FF0500080F311881A
:10C48000BFF36F8FBFF34F8FFEE700002DE9F04F32
:10C4900083B00292B8B11D460E460446E9B1022DA2
:10C4A00003D1E06B012840F0A68000F029FC00BB1E
:10C4B0000298F0B14FF0500080F31188BFF36F8FF6
:10C4C000BFF34F8FFEE74FF0500080F31188BFF3AA
:10C4D0006F8FBFF34F8F00BFFEE7206C0028DED0C8
:10C4E0004FF0500080F31188BFF36F8FBFF34F8F71
:10C4F000FEE7FFF7D9FBA06B022D5ED0E16B88420F
:10C500005BD304F1100801206F460DF1080900BF4C
:10C510000299002900F08280C00702D03846FFF758
:10C520004FFDFFF7E5FBFFF75DFEFFF7BDFB94F85E
:10C530004400FF2804BF002084F8440094F845001C
:10C54000FF2804BF002084F84500FFF7D1FB3846E0
:10C55000494600F079F9002863D1FFF7A5FBD4F82C
:10C5600038A0D4F83CB0FFF7C3FBDA4516D10299E6
:10C570004046FFF7A9FD2046FEF7ACFB00F03CFD6E
:10C5800088B94EF60450CEF200004FF080510160A1
:10C59000BFF34F8FBFF36F8F05E000BF2046FEF75C
:10C5A00099FB00F029FDFFF77FFBA06B022D04D063
:10C5B000E16B88424FF00000AAD2A76B226C22B335
:10C5C000C5B3E0683146F3F754FFE168206C226898
:10C5D000091A9142E16003D2A16840420844E06038
:10C5E000A81EB0FA80F040093946002F18BF01217B
:10C5F00008403F1A2BE04FF0500080F31188BFF342
:10C600006F8FBFF34F8F00BFFEE720680025F8B99A
:10C61000A06800F04FFCA560054619E0FFF768FB35
:10C6200004E02046FEF756FB00F0E6FC002003B0D5
:10C63000BDE8F08F60683146F3F71BFF216CD4E949
:10C64000010208449042606001D3206860600025C8
:10C65000781CA06354F8240F78B1204600F084FCC5
:10C66000B8B14EF60450CEF200004FF08051016098
:10C67000BFF34F8FBFF36F8F0BE055B14EF60450F1
:10C68000CEF200004FF080510160BFF34F8FBFF337
:10C690006F8FFFF72DFB012003B0BDE8F08F000086
:10C6A0002DE9F04F85B0049298B10C46054600295B
:10C6B00000F0B78000F024FBA8B9049898B14FF0BF
:10C6C000500080F31188BFF36F8FBFF34F8F00BF0F
:10C6D000FEE74FF0500080F31188BFF36F8FBFF378
:10C6E0004F8F00BFFEE705F11000019005F1240017
:10C6F00000900DF108090DF1100A4FF000080CE050
:10C700002846FEF7E7FA00F077FCFFF7CDFAAF6BAB
:10C71000FFF7EEFA002F00F09280FFF7C5FAD5F888
:10C7200038B0BBF1000F27D02A6C5AB1D5E90210FE
:10C730001044E860884224BF2868E860E968204621
:10C74000F3F797FEABF10100A863286970B1019877
:10C7500000F00AFC50B14EF60450CEF200004FF04B
:10C7600080510160BFF34F8FBFF36F8FFFF7C0FAA7
:10C7700000200126A0B963E0049850B1B8F1000F81
:10C7800002D14846FFF71CFC4FF00108012038B9E0
:10C7900056E0FFF7ADFA00260020002850D000BF79
:10C7A000FFF7A6FAFFF71EFDFFF77EFA95F84400A3
:10C7B000FF2804BF002085F8440095F84500FF28B5
:10C7C00004BF002085F84500FFF792FA484651461D
:10C7D00000F03AF800287FF493AFFFF765FAAF6BEB
:10C7E000FFF786FA2FB12846FEF774FA00F004FC32
:10C7F00093E704990098FFF767FC2846FEF76AFA6A
:10C8000000F0FAFB00287FF488AF4EF60450CEF219
:10C8100000004FF080510160BFF34F8FBFF36F8F67
:10C820007BE7286C00283FF445AF4FF0500080F3C1
:10C830001188BFF36F8FBFF34F8F00BFFEE7002655
:10C84000304605B0BDE8F08F70B5D8B10D4611B3D4
:10C850000446FFF729FA48F2A04EC2F2000EDEF8B5
:10C86000002029684B1C20D048F2084CC2F2000C72
:10C87000D4E90003DCF80060864218D09A4216D34F
:10C88000012424E04FF0500080F31188BFF36F8F34
:10C89000BFF34F8FFEE74FF0500080F31188BFF3D6
:10C8A0006F8FBFF34F8F00BFFEE700240FE0D21A57
:10C8B000914209D9881A2860DCF800002060DEF86F
:10C8C00000006060002402E0002001242860FFF7DF
:10C8D0000FFA204670BD00002DE9F04F81B09500A1
:10C8E00081462846984692460F46FEF72DFA78B1C3
:10C8F00004465C20FEF728FA38B10646046356B9B0
:10C900004FF0FF3001B0BDE8F08F2046FFF708FA86
:10C910000026002EF4D0306B4C46DDF828B04FF0E6
:10C9200000092946A52286F85990F3F719FE306BC5
:10C9300000EB8A00A0F1040020F0070A77B106F1AD
:10C94000340000217A5C42547A5C1AB10F2901F15B
:10C950000101F7D1002086F8430001E086F8349009
:10C960000025301DBBF1060F28BF4FF0060BC6F89F
:10C970002CB0C6E913B5FFF75DF906F11800FFF713
:10C9800059F98BF00700B0615046214642463661A6
:10C990007662756586F85850FEF7BAFA0B993060E2
:10C9A0003046002918BF0E60FDF784FE012001B05B
:10C9B000BDE8F08F2DE9F04381B01746099A2AB3FC
:10C9C0000A9D65B381465C20009000985C2830D1B8
:10C9D000009802200C46089E2A6385F85900B90089
:10C9E0001046A5229846F3F7BBFD286B5CB305F112
:10C9F00034010022A35C8B54A35C1BB10F2A02F10B
:10CA00000102F7D1002185F843101FE04FF05000DC
:10CA100080F31188BFF36F8FBFF34F8FFEE74FF0A6
:10CA2000500080F31188BFF36F8FBFF34F8F00BFAB
:10CA3000FEE74FF0500080F31188BFF36F8FBFF314
:10CA40004F8F00BFFEE7002185F8341000EB870010
:10CA5000043820F007040027281D062E28BF0626CC
:10CA6000EE62C5E91367FFF7E5F805F11800FFF777
:10CA7000E1F886F00700A8612046494642462D614C
:10CA80006D626F6585F85870FEF742FA2860284697
:10CA9000FDF710FE284601B0BDE8F0832DE9F04314
:10CAA00081B00446F3F7C6FC102808D34FF05000BD
:10CAB00080F31188BFF36F8FBFF34F8FFEE747F608
:10CAC000DC70C2F20000016841F6604C0131016087
:10CAD0004FF0070EC2F2000CAEF1010E0EEB8E000D
:10CAE0005CF8201069B30CEB800252F8040F406828
:10CAF00002F104084045106001D1406810601068E0
:10CB0000D0F80C90106840684045106001D1406832
:10CB1000106010680025C068002600BF871997F8CC
:10CB20003470A35D87EA0301394308BF05469F427D
:10CB300004D11FB10F2E06F10106EFD315B94845F8
:10CB4000E0D1002515B9BEF1000FC5D195BB41F666
:10CB50005040C2F200000068016851B3416800F122
:10CB6000080C4A686245426001D1526842604268DE
:10CB7000D2F80CE043685B686345436001D15B68B1
:10CB8000436043680025DB68002600BF9F1997F8C3
:10CB90003470A15D87EA01023A4308BF1D468F4207
:10CBA00004D11FB10F2E06F10106EFD315B973455D
:10CBB000E0D1002595BB41F65840C2F20000006864
:10CBC000016851B3416800F1080C4A68624542604F
:10CBD00001D1526842604268D2F80CE043685B6859
:10CBE0006345436001D15B68436043680025DB68AF
:10CBF000002600BF9F1997F83470A15D87EA0102F3
:10CC00003A4308BF1D468F4204D11FB10F2E06F1D3
:10CC10000106EFD315B97345E0D1002595BB48F265
:10CC20007840C2F20000016859B3416800F1080C75
:10CC30004A686245426001D1526842604268D2F857
:10CC40000CE000BF43685B686345436001D15B68EB
:10CC5000436043680025DB68002600BF9F1997F8F2
:10CC60003470A15D87EA01023A4308BF1D468F4236
:10CC700004D11FB10F2E06F10106EFD315B973458C
:10CC8000E0D100252DB100F0B7F9284601B0BDE88C
:10CC9000F08348F28C40C2F20000016871B3416831
:10CCA00000F1080C4A686245426001D15268426056
:10CCB0004268D2F80CE000BF43685B68634543609C
:10CCC00001D15B68436043680025DB68002600BF34
:10CCD0009F1997F83470A15D87EA01023A4308BFB3
:10CCE0001D468F4204D11FB10F2E06F10106EFD36E
:10CCF000002DC8D17345DFD10025C4E70025C2E768
:10CD000048F26C40C2F200000068002804BF012015
:10CD1000704747F6DC70C2F200000068B0FA80F09D
:10CD2000400940007047000048F2A040C2F20000F5
:10CD3000006870472DE9F04F81B047F6DC70C2F211
:10CD40000000006840B148F21440C2F200000168DF
:10CD5000002401310160A9E048F2A040C2F20000C5
:10CD600001684E1C06602ED341F65040C2F200000E
:10CD70000168096849B14FF0500080F31188BFF392
:10CD80006F8FBFF34F8F00BFFEE741F65842C2F2EC
:10CD90000002016813680360116048F20841C2F2A2
:10CDA00000010A6801320A600168096821B100685F
:10CDB000C068C068406801E04FF0FF3048F20441AD
:10CDC000C2F20001086048F20441C2F200010868A2
:10CDD00041F6484A8642C2F2000A01D200244FE0DE
:10CDE00041F6504BC2F2000BDBF800000024006853
:10CDF000E0B347F6E4790127C2F2000920E000BF62
:10CE0000D8F82C00D9F8001007FA00F21143C9F83D
:10CE1000001041F6604100EB8000C2F2000101EB1E
:10CE200080002946FEF728FFD8F82C00DAF8001019
:10CE3000C96ADBF800208842106828BF3C46C0B1B0
:10CE4000DBF80000C068D0F80C80454655F8040FA8
:10CE5000864210D32846FEF7B3FED8F828000028F3
:10CE6000CED008F11800FEF7ABFEC9E74FF0FF3057
:10CE700005E04FF0FF3048F20441C2F200010860C3
:10CE8000DAF8000041F66041C06AC2F2000100EB2E
:10CE9000800051F82000012848F60810C2F2000076
:10CEA00088BF01240068002818BF0124204601B073
:10CEB000BDE8F08F70B580B1044641F64840C2F23B
:10CEC00000000068A0420AD04FF0500080F31188A3
:10CED000BFF36F8FBFF34F8FFEE7002070BD206D53
:10CEE000B8B3E16AE26C013891424FF00006206568
:10CEF0002DD060BB251D2846FEF762FE002841F6B6
:10CF0000604047F6E471C2F20000C2F200010CD1A9
:10CF1000E26A02EB820350F8233033B901230E6832
:10CF200003FA02F226EA02020A60E26C0126C2F16A
:10CF30000703E262A3610B6806FA02F423430B6065
:10CF400002EB820100EB81002946FEF795FE304698
:10CF500070BD4FF0500080F31188BFF36F8FBFF3A7
:10CF60004F8F00BFFEE70000B0B5C068C5687DB157
:10CF700005F118042046FEF723FE47F6DC70C2F2E6
:10CF80000000006868B148F21840C2F200001EE0DC
:10CF90004FF0500080F31188BFF36F8FBFF34F8FB6
:10CFA000FEE72C1D2046FEF70BFE47F6E472E86A0A
:10CFB000C2F200020121136881401943116041F659
:10CFC000604100EB8000C2F2000101EB80002146CD
:10CFD000FEF752FE41F64841C2F20001E86A0968D4
:10CFE000C96A884291BF002048F60811C2F20001C8
:10CFF000012088BF0860B0BD2DE9F04F81B047F631
:10D00000DC74C2F20004206868B1FEF74DFE2068AF
:10D0100001382060206880B10024FEF769FE2046B8
:10D0200001B0BDE8F08F4FF0500080F31188BFF3DE
:10D030006F8FBFF34F8F00BFFEE747F6D470C2F289
:10D0400000000068002848D048F21846C2F20006E6
:10D05000306848F608180028C2F2000846D047F6A3
:10D06000E47541F6604941F6484A4FF0010BC2F2BF
:10D070000005C2F20009C2F2000A00BFF068C768EA
:10D0800007F11800FEF79CFD3C1D2046FEF798FDB9
:10D09000F86A29680BFA00F2114300EB800029605E
:10D0A00009EB80002146FEF7E7FDF86ADAF8001088
:10D0B000C96A884228BFC8F800B030680028DDD1AE
:10D0C000A7B141F65040C2F200000168096831B1D1
:10D0D0000068C068C068406803E000249DE74FF026
:10D0E000FF3048F20441C2F20001086048F21444E3
:10D0F000C2F2000425685DB1012600BFFFF71AFEE9
:10D10000002818BFC8F80060013DF7D1002020605A
:10D11000D8F8000060B14EF60450CEF200004FF097
:10D1200080510160BFF34F8F0124BFF36F8F74E70D
:10D13000002472E780B586B0FDF74AFB48F2A440B0
:10D14000C2F20000006808B30020CDE9040005A881
:10D1500004A903AAFEF754FDDDE903200221DDF84E
:10D1600014C0CDE900104AF62D20C0F600000CA135
:10D170000023CDF808C0FFF71DFC48F6A801C2F255
:10D180000001086010B1012006B080BD4FF05000D2
:10D1900080F31188BFF36F8FBFF34F8FFEE700BF9F
:10D1A000546D722053766300F0EE400AF5EEC00A2B
:10D1B000F1EE10FA02DDB0EE600A7047B1EE600ADF
:10D1C000FBE7000070B52DED0C8B84B006460C46D5
:10D1D00015469FED990AF0EE408A9FED970AB0EE52
:10D1E000409A9FED950AF0EE40BA9FED930AF0EE5B
:10D1F000409A9FED910AB0EE40AA0EB104B11DB95C
:10D2000004B0BDEC0C8B70BD8C48F3F799FA8C48D8
:10D21000F3F79CFA8A48D0ED000A9FED8A1A60EE77
:10D22000810AB0EE600AF3F7AFFAF0EE408A28EE1A
:10D23000A80AF0EE408A8248D0ED000AB0EE001A4B
:10D2400060EE810A9FED7F1A60EE810AB0EE600AFF
:10D25000F3F79AFAB0EE409A29EE090AB0EE409A36
:10D26000DFED790AB7EE000A00EEA80ADFED770AD3
:10D2700000EEC90ADFED760A20EE200A754880ED3F
:10D28000000A6E4890ED000ADFED730A80EE201A66
:10D29000B7EE000A31EE000A20EE000A6D48D0ED2C
:10D2A000000A80EE801A6D4880ED001A94ED000AA5
:10D2B000B5EEC00AF1EE10FA0DD194ED010AB5EE0B
:10D2C000C00AF1EE10FA06D194ED020AB5EEC00ADA
:10D2D000F1EE10FA46D09FED580AB0EE408A0020D9
:10D2E000019002900390D4ED000A60EEA00A94ED44
:10D2F000011AD4ED011A41EE210A94ED021AD4ED7F
:10D30000021A41EE210AB0EE600AF3F727FAB0EEF6
:10D31000408A94ED000A20EE080A8DED010A94ED92
:10D32000010A20EE080A8DED020A94ED020A20EEB1
:10D33000080A8DED030ADDED010AF1EE600AB0EE98
:10D34000600AF3F7F7F9F0EE409A9DED031AF0EE5C
:10D35000410A9DED021AB0EE410AF3F7EDF9B0EE85
:10D3600040AA07E09FED340AF0EE409A9FED320AA2
:10D37000B0EE40AA95ED000AB5EEC00AF1EE10FA43
:10D380000DD195ED010AB5EEC00AF1EE10FA06D105
:10D3900095ED020AB5EEC00AF1EE10FA3CD0B0EEFF
:10D3A000690AF3F7F1F9B0EE408AB0EE690AF3F7D3
:10D3B000C5F9B0EE40DAB0EE4A0AF3F7E5F9F0EE5F
:10D3C00040AAB0EE4A0AF3F7B9F9B0EE40BA28EE37
:10D3D0002A0AD5ED010A20EE200AD5ED000A0DEE4D
:10D3E000200A68EE0B0A95ED021A00EE810AB0EEF3
:10D3F00040CA95ED010A20EE0B0AD5ED020A0AEEAD
:10D40000E00AF0EE40CAF0EE6C0AB0EE4C0AF3F718
:10D4100093F9F0EE40BA03E09FED070AF0EE40BA50
:10D42000B0EE4A1AF0EE690AB0EE6B0A304600F030
:10D43000D1FC00BFE4E60000000000000000002076
:10D440000400002035FA8E3CC1BFAD3B9DF8C536C7
:10D450002F7C1C4108000020506CC24A0C000020A8
:10D460002DE9F0412DED028B9AB00546B0EE408AD1
:10D470000E46174698460020179018901990149061
:10D48000159016904DB146B13FB1B8F1000F04D0E0
:10D49000B5EEC08AF1EE10FA05D100201AB0BDEC4D
:10D4A000028BBDE8F08196ED000A8DED170A96ED2E
:10D4B000010A8DED180A96ED020A8DED190A97ED15
:10D4C000000A8DED140A97ED010A8DED150A97ED0E
:10D4D000020A8DED160A17AA14A9284600F0CCFA04
:10D4E000402104A8F3F744F8002000900190029036
:10D4F0000390002417A904A800F0F7FD00BF30E056
:10D5000004A800EB041090ED000AD5ED000A20EE0F
:10D51000200A04A800EB0410D0ED010A95ED011AD1
:10D5200000EE810A04A800EB0410D0ED020A95ED8C
:10D53000021A00EE810A04A800EB0410D0ED030AE1
:10D5400095ED031A00EE810A20EE080AF0EE000ABB
:10D5500080EE201A684600EB840080ED001A601C03
:10D56000C4B2042CCCDB002410E005EB840090ED69
:10D57000000A684600EB8400D0ED000A30EE200A75
:10D5800005EB840080ED000A601CC4B2042CECDBC7
:10D59000284600F049FD012080E74100080218BF3D
:10D5A00004200A0E18BF40F001004FF07F4232EA1B
:10D5B000010108BF40F00200012808BF05207047A4
:10D5C00010B54FF00E402DED028BB0EE408A18EEF4
:10D5D000104A00EB4400B0F1506F4AD84FF0FC40C5
:10D5E000B0EB440F22D2B0EEC80AF7EE000A30EEDC
:10D5F000C00AF6EE000A60EE208A18EE900A00F0EB
:10D6000055FD01EE100A14F0004F1DBFDFED2D0A8D
:10D610009FED2D0AB1EE411ADFED2C0A08BF9FEDF8
:10D620002C0AF8EE001A21EE218A05E0DFED290A26
:10D6300068EE088AB0EE600A9FED271ADFED271A20
:10D6400030EE080A48EE811A9FED251A08EEA11A5D
:10D65000DFED241A48EE811A9FED231A08EEA11A75
:10D6600068EE281ABDEC028B01EE810A30EE200A2A
:10D6700010BD4FF0E440B0EB440F0CD918EE100A87
:10D68000FFF78BFF042808BF00F0EEF9B0EE480A60
:10D69000BDEC028B10BD4FF07F40B0EB440F07D2C2
:10D6A000B0EE480ABDEC028BBDE8104000F0CEB9E8
:10D6B0000120F2F78CFFBDEC028BBDE8104000F0BA
:10D6C000CBB900000000C9BF22AAFDB90000C93FC4
:10D6D00022AAFD390000000024FE1C3DC78AD83C68
:10D6E0001E67383D1B93993DAFAA2A3E70B54FF097
:10D6F00068422DED048BF0EE408A18EE900AB0EEF1
:10D70000608A18EE101A02EB4003B3F1654F3CBF7C
:10D7100002EB4102B2F1654F7DD200BFC0F3C753A7
:10D72000C1F3C7529A1A1B2A09DD10F0004F14BF2B
:10D730009FED830A9FED830ABDEC048B70BD12F14F
:10D740001A0F36DA11F0004F09D010F0004F0CBF5D
:10D750009FED7D0A9FED7D0ABDEC048B70BD88EEC8
:10D76000889A19EE100AFFF718FF042808BF00F086
:10D770007BF918EE900AFFF710FF054618EE100A25
:10D78000FFF70BFF044619EE100AFFF706FF042D02
:10D7900018BF052D08D1042C18BF052C04D1002872
:10D7A00004BF0220F2F713FFB0EE490ABDEC048B70
:10D7B00070BD4200B2EB410F3AD910F0004F19BFD3
:10D7C000DFED630A9FED630ADFED630A9FED630AF5
:10D7D000B0EE481A0A46B1EE688A80F00041F0EED9
:10D7E000418A10460A1A5200B2F1807F34D2484072
:10D7F00010F0004FDFED5A1A9FED5A2A1DBFBEEE02
:10D80000001A70EEE10A30EE420AB6EE001A08BFC6
:10D8100070EEA10A00E040E008BF30EE020AB0EE70
:10D82000682A01EE482A08EE818AC2EE081A15E03D
:10D8300011F0004F04BF9FED4C0AF0EE400AD1D02A
:10D8400010F0004F19BFDFED490A9FED490ADFEDE7
:10D85000490A9FED490AC5E7C8EE881A21EEA11AC8
:10D860009FED462ADFED462A41EE022A9FED452A2A
:10D8700001EE222ADFED442A41EE022A9FED432ADF
:10D88000BDEC048B01EE222A21EE811A01EE020A80
:10D8900030EE210A30EE200A70BD4FF07F42B2EB2D
:10D8A000400F28BFB2EB410F09D2F0EE480AB0EEAC
:10D8B000680ABDEC048BBDE8704000F0CAB840EACD
:10D8C00001035B0008BF41F0FF410BD0B2EB400FFA
:10D8D00008BFB2EB410F08D120F0804008EE900A5B
:10D8E00021F0804108EE101A18E7B2EB400F12BF8A
:10D8F0005FEA410340F0FF4001F000413FF40EAF0A
:10D90000B2EB410F12BF5FEA400200F0004041F06D
:10D91000FF413FF403AF4A0092EA40033FF5FEAEF9
:10D92000002AACBF9FED1A0A9FED1A0A68EE808AA2
:10D9300028EE008A18EE900A18EE101AEEE60000A3
:10D94000DB0FC9BFDB0FC93FDB0F4940DB0F49C00D
:10D950000000C9BF22AAFDB90000C93F22AAFD39B3
:10D960000060ED3EC30ACE3700000000000049C051
:10D9700022AA7DBA0000494022AA7D3A2DAD65BD9C
:10D980008FB8D53D0FB511BE61C84C3EA8AAAABE3E
:10D990000000804F0000802F00B52DED048BB0EE0D
:10D9A000409AF0EE609A83B051EC190B00F0CAFD7A
:10D9B00041EC180B18EE100A18EE901A8DED008B42
:10D9C000002818BF0120084320F00040C0F17F600C
:10D9D00000F1E040C00F14D019EE101A19EE900AB1
:10D9E0008DED009B002918BF0121084320F0004065
:10D9F000C0F17F6000F1E040C00F04BF0120F2F7EA
:10DA0000E6FDB0EE480A03B0F0EE680ABDEC048B08
:10DA100000BD10B52DED028BB1EEC08A18EE100AD4
:10DA200020F00040C0F1FF40C00F0AD010EE100AF5
:10DA300020F00040C0F1FF40C00F04BF0120F2F70A
:10DA4000C6FDB0EE480ABDEC028B10BD30EE000AF8
:10DA5000704730EE200A7047DFED020A80EEA00A20
:10DA600070470000000000009FED020A20EE000A4F
:10DA7000704700000000001070B52DED028B8AB0D9
:10DA800005460C4616460DB104B11EB90AB0BDECF0
:10DA9000028B70BD94ED000AB5EEC00AF1EE10FAEB
:10DAA0000DD194ED010AB5EEC00AF1EE10FA06D1DF
:10DAB00094ED020AB5EEC00AF1EE10FA7DD09FEDAA
:10DAC000600AB0EE408A0020079008900990049008
:10DAD000059006905B4A07CA01AB07C395ED010AA2
:10DAE000D5ED030A20EE200AD5ED000A95ED021AC5
:10DAF00000EEC10AF0EE000A20EE200A8DED070AC2
:10DB000095ED000AD5ED010A20EE200AD5ED020AB6
:10DB100095ED031A00EE810AF0EE000A20EE200ACD
:10DB20008DED080A95ED000A20EE000AD5ED030AF6
:10DB300095ED031A00EE810AF7EE000AB0EE001A26
:10DB400051EE000ACDED090A01AB224631462846C6
:10DB500000F07AF8D4ED000A60EEA00A94ED011A04
:10DB6000D4ED011A41EE210A94ED021AD4ED021A05
:10DB700041EE210AB0EE600AF2F7F0FDB0EE408A05
:10DB800094ED000A20EE080A84ED000A94ED010AE3
:10DB900020EE080A84ED010A94ED020A20EE080A3C
:10DBA00084ED020A94ED010ADDED090A20EE200A57
:10DBB000D4ED020A9DED081A00E03EE000EEC10A35
:10DBC0008DED040A94ED020ADDED070A20EE200A2D
:10DBD000D4ED000A9DED091A00EEC10A8DED050A8B
:10DBE00094ED000ADDED080A20EE200AD4ED010ACA
:10DBF0009DED071A00EEC10A8DED060A96ED000AAA
:10DC0000DDED010A9DED041A00EE810A86ED000AA1
:10DC100096ED010ADDED020A9DED051A00EE810A7E
:10DC200086ED010A96ED020ADDED030A9DED061A66
:10DC300000EE810A86ED020A00BF00BF26E7000061
:10DC400000000000C0E900082DE9F0412DED048B33
:10DC500007460D4614461E469FED580AB0EE409A00
:10DC60009FED560AB0EE408A9FED540AF0EE408ACE
:10DC7000D4ED000A60EEA00A94ED011AD4ED011A69
:10DC800041EE210A94ED021AD4ED021A41EE210A66
:10DC9000B0EE600AF2F762FDF7EE000A80EE801A3D
:10DCA000B0EE419AD5ED000AB0EE600AFFF77CFABB
:10DCB000F0EE409AD5ED010AB0EE600AFFF774FA73
:10DCC00079EE809AD5ED020AB0EE600AFFF76CFAA1
:10DCD00039EE800AF0EE408A3948D0ED000A79EE3C
:10DCE000600AB0EE600AFFF75FFAB0EE408A9FED7F
:10DCF000350AB4EEC08AF1EE10FA06DC9FED320A66
:10DD0000F4EEC08AF1EE10FA53DD9FED2C2AB0EE4E
:10DD1000420A9FED2A2AF0EE421AB7EE002AF0EEF0
:10DD2000420A9FED262AB0EE421AB5EEC08AF1EE05
:10DD300010FA05DD9FED232AC2EE082AB0EE620A32
:10DD40009FED222AB4EEC20AF1EE10FA03D29FED43
:10DD50001B2AB0EE420AF5EEC08AF1EE10FA05DD9C
:10DD60009FED192AC2EE282AF0EE621AB7EE002AB9
:10DD7000B4EEC20AF1EE10FA03D220EE802AF0EEE1
:10DD8000420AB7EE002AF4EEC21AF1EE10FA03D2FC
:10DD900020EEA12AF0EE420A9FED0D2A20EE822A03
:10DDA000B0EE421A86ED001A86ED011A86ED021ACF
:10DDB00000BFBDEC048BBDE8F08100000000000056
:10DDC0000C000020CDCCCC3D8FC2F53D9A99993EF8
:10DDD000CDCC4C3E10B52DED048B86B00446B0EE94
:10DDE000408AF0EE608AB0EE419A002003900490E1
:10DDF0000590009001900290B0EE000AC8EE000A73
:10DE0000F0EE609AB0EE690AF2F798FC8DED030A25
:10DE1000B0EE000AC8EE800AF0EE609AB0EE690A31
:10DE2000F2F78CFC8DED040AB0EE000AC9EE000A90
:10DE3000F0EE609AB0EE690AF2F780FC8DED050A0B
:10DE4000B0EE000AC8EE000AF0EE609AB0EE690A81
:10DE5000F2F79AFC8DED000AB0EE000AC8EE800AD7
:10DE6000F0EE609AB0EE690AF2F78EFC8DED010AD1
:10DE7000B0EE000AC9EE000AF0EE609AB0EE690A50
:10DE8000F2F782FC8DED020A9DED050ADDED040A34
:10DE900020EE200ADDED030A20EE200ADDED020A65
:10DEA0009DED011A60EE810A9DED001A00EE810AD7
:10DEB00084ED000A9DED020ADDED040A20EE200A41
:10DEC000DDED030A20EE200ADDED050A9DED011AC5
:10DED00060EE810A9DED001A00EEC10A84ED010A90
:10DEE0009DED050ADDED010A20EE200ADDED030AB5
:10DEF00020EE200ADDED020A9DED041A60EE810A93
:10DF00009DED001A00EE810A84ED020A9DED050ADE
:10DF1000DDED040A20EE200ADDED000A20EE200AE5
:10DF2000DDED020A9DED011A60EE810A9DED031AF6
:10DF300000EEC10A84ED030A06B0BDEC048B10BDEF
:10DF40002DE9F04104460D4616461F4614B10DB1A9
:10DF500006B10FB9BDE8F081D4ED010A94ED031AC2
:10DF600060EE810A94ED001AD4ED021A41EE610AC6
:10DF7000B8EE001A60EE810AB0EE600AF2F7DAFB42
:10DF800086ED000A94ED001A21EE011AD4ED011A73
:10DF900094ED012A01EE821AF7EE001AB0EE002A83
:10DFA00052EE011AF0EE610A94ED001AD4ED031A54
:10DFB00021EE211AD4ED011A94ED022A01EE821A03
:10DFC000F0EE001A21EE211AB0EE410AF2F7B4FB8E
:10DFD00085ED000A94ED001A21EE011AD4ED031A22
:10DFE00094ED032A01EE821AF7EE001AB0EE002A31
:10DFF00052EE011AF0EE610A94ED001AD4ED011A06
:10E0000021EE211AD4ED021A94ED032A01EE821AB0
:10E01000F0EE001A21EE211AB0EE410AF2F78CFB65
:10E0200087ED000A00BF95E710B52DED028B044681
:10E030009FED1D0AB0EE408AD4ED000A60EEA00A02
:10E0400094ED011AD4ED011A41EE210A94ED021A61
:10E05000D4ED021A41EE210A94ED031AD4ED031A0D
:10E0600041EE210AB0EE600AF2F778FBB0EE408A8A
:10E0700094ED000A20EE080A84ED000A94ED010AEE
:10E0800020EE080A84ED010A94ED020A20EE080A47
:10E0900084ED020A94ED030A20EE080A84ED030AD7
:10E0A000BDEC028B10BD00000000000010B500EEBA
:10E0B000100A2DED028BB1EEC08A18EE100A20F086
:10E0C0000040C0F1FF40C00F0AD010EE100A20F04F
:10E0D0000040C0F1FF40C00F04BF0120F2F777FA03
:10E0E00018EE100ABDEC028B10BD91ED000AB1EEE6
:10E0F000400A80ED010A91ED010AB1EE400A80ED7F
:10E10000020A91ED020AB1EE400A80ED030A91ED98
:10E11000000A80ED040A91ED020A80ED060A91EDF5
:10E12000010AB1EE400A80ED070A91ED010A80ED87
:10E13000080A91ED020AB1EE400A80ED090A91ED5C
:10E14000000A80ED0B0A91ED020A80ED0C0A91EDB8
:10E15000010A80ED0D0A91ED000AB1EE400A80ED52
:10E160000E0A704721F0004201F00043A2F1605214
:10E17000B2F5801F28BFD2F17F6C0BD95FEA001C7B
:10E1800043EAC20242EB507018BF704728BF20F02C
:10E1900001007047B2F5801FBCBF184670474FEAB8
:10E1A000410C1CF5001F02D2084600F003BC70B5FC
:10E1B00000F074F900000089FFF7F6BF4FF000404F
:10E1C000A0F580007047000010B591EA030F48BF2A
:10E1D00083F0004300F18A82841A71EB030C05D2AC
:10E1E000121943EB0C03001B61EB0C014FEA1154B5
:10E1F000A4EB135CDFF81CE11EEA430F18BF9EEA94
:10E20000445F00F0748021EA045123EA0E0343F4D2
:10E210008013DCF1200E32D322FA0CFE10EB0E003C
:10E2200023FA0CFE41EB0E01CCF1200E03FA0EFE98
:10E2300010EB0E00CCF1200E51F10001B1F5801F62
:10E2400032D201EB045112FA0EF2BDE8104058BF71
:10E250007047401C38BF5FEA420218BF7047002871
:10E2600014BF20F0010041F100014FEA410313F512
:10E27000001F38BF7047A1F1C04100F05DB9012A0D
:10E2800043EB0302ACF1200CDCF11F0E32BF4FF068
:10E29000000E23FA0CF310EB030041EB0451B4EB36
:10E2A000115FD0D0A1EB045101F58011490801EBB9
:10E2B00004515FEA30000ED350F1000038BF12FA6B
:10E2C0000EFE08D1BDE81040C9E7401C38BF5FEA28
:10E2D0004202CAD1C3E7BDE810404FEA410313F53B
:10E2E000001F38BF7047A1F1C04100F025B99EEA78
:10E2F000445F08D011EA5E0FBDE8104004BF01F092
:10E30000004100207047BDE8104070B500F0C6F82D
:10E3100064FBBE3E0000E0FF10F0004248BF4042F8
:10E32000B0FA80F310FA03F10AD0C3F11D0303F52C
:10E33000806302EB03524FEA415002EBD121704758
:10E340004FF000007047000070B5DFF848C11CEACC
:10E35000111E1EBF1CEA13159EEA0C0F95EA0C0F46
:10E3600000F06F8081EA03044EEAD47EAE4421EAD5
:10E370004C1123EA4C1341F4801143F48013AEF1A5
:10E380007F7EA1FB024CA0FB0365361955EB0C0503
:10E39000A1FB034C4CF10003A0FB021C16EB0C0686
:10E3A000654153F10003094218BF46F0010613F41A
:10E3B000007F0BD14FEA03314FEA053041EA155196
:10E3C00040EA165034036FF003020AE04FEAC3211B
:10E3D0004FEAC52041EA555140EA5650F4026FF029
:10E3E000020202EB2E4201EB025585EACE710AD001
:10E3F0005FEA440C18BF24F0004450F1000041F1E2
:10E40000000120EAD47040F2FE7C624500D270BD6B
:10E41000A84214BF4FF080444FF04044002E08BF84
:10E420000024BEF1806FA8BFA1F1C041BDE87040DB
:10E4300080F2828001F1C04101F000414FF0000004
:10E4400070470CEA13159EEA0C0F18BF95EA0C0FE3
:10E4500006D081EA030E4FF000000EF0004170BDBF
:10E4600000F01CF88900013E00F007B800F009B880
:10E470004FEA430C5FEA5C5C08D081EA030100F0DC
:10E480005BB84FEA410C5FEA5C5CF6D102494FF0A1
:10E49000000070470000FF070000F87F0EF1020E39
:10E4A0002EF0030E5EF8046B364205D4012A43EBCE
:10E4B000030515F5001F12D8012841EB010C1CF5CE
:10E4C000001F0CD80ED14FEAD17C0CEB4C0C0CF198
:10E4D000020C15F5001F08BF4CEBD37C04E04FF095
:10E4E000080C01E04FEAD37C0CEB4C0526FA05F64C
:10E4F00006F00706B6F1040C06D20EEB860CBDE85A
:10E5000070404CF0010C6047DFE80CF0090B020290
:10E510004FF00041A1F500214FF0000070BD1946F9
:10E520001046012851EB010418BFD4F5001484BF34
:10E53000002001F0004170BD0808A0F500114FEA6D
:10E54000310170472DE9F04101F5801CBCF5001F39
:10E55000C0F2A9804FEA115C21EA0C5141F480110C
:10E560000CF1FD0C5FEA5C0C0CF5C07C01D34000A3
:10E570004941890241EA905187022EA48E0EA45D82
:10E580000A0C04FB04F602FB06F6C6F14046A4FBA7
:10E590000662F60D46EA422606FB06F4A4FB0123BA
:10E5A0005242C3F1404338BF5B1EA6FB0242002427
:10E5B000E6FB0324D20B42EA4446A6FB0623A1FB5A
:10E5C00002E2A3FB07E4E3FB61426442C2F1404E76
:10E5D00038BFAEF1010EA6FB04234FF00002E6FBAC
:10E5E0000E32A2FB03463400E2FB6264A1FB06E6A6
:10E5F000A4FB07E8E4FB61687642C8F1405838BFE5
:10E60000A8F10108A2FB06E4A3FB08E5E2FB6854BD
:10E61000A1FB05E6A7FB04E8E1FB648618F12005F1
:10E6200056F10006A80940EA8660B109A8F11B0866
:10E6300008F03F08B8F10A0F1CD901EB0C51BDE8F6
:10E64000F08100BFFCF5EEE8E2DDD8D3CFCBC7C345
:10E65000C0BDB9B6B4B1AEACA9A7A5A3A19F9D9BFF
:10E660009A9896959392908F8D8C8B8988878685C2
:10E6700084838281A0FB006800FB01F208EB420862
:10E68000B8EB872807D5341858EB0104D5D5401CC2
:10E6900051F10001D1E7341A78EB0104CDD4401ECA
:10E6A00071F10001C9E75FEA4C0C5FEA9C5C0DD197
:10E6B00005D301F000414FF00000BDE8F081BDE856
:10E6C000F04170B5FFF7EAFE6DDBFFBEBDE8F0413B
:10E6D00001494FF0000070470000F87F10B591EA43
:10E6E000030F48BF83F000433FF576AD841A71EB0A
:10E6F000030C07D28CF0004C121943EB0C03001BE7
:10E7000061EB0C014FEA1154A4EB135CDFF8A4E1B8
:10E710001EEA430F18BF9EEA445F00F0B48021EA6E
:10E72000045123EA6E035242C3EB6E0338BF5B1EF3
:10E73000DCF1200E25D322FA0CFE10EB0E0043FA7A
:10E740000CFE41EB0E01CCF1200E03FA0EFE10EB95
:10E750000E00CCF1200E51F1000129D401EB04513F
:10E7600012FA0EF2BDE8104058BF7047401C1CBFA3
:10E77000B2F1004F704700280CBF491C20F0010087
:10E78000704712EB020E43EB030218BF4FF0010E6D
:10E790004EEA4202ACF1200CDCF11E0E56D943FACF
:10E7A0000CFE10EB0E00CCF11E0E51F1FF31D5D551
:10E7B0000EF1010E12FA0EFE404141EB010101EB98
:10E7C000445C5FEA5C5C10D901EB045110EBDE7035
:10E7D00038BFBEF1004FBDE8104018BF7047002899
:10E7E0000CBF491C20F00100704734D24FEAD42CF2
:10E7F00024F4006411F500111BD0B1FA81F20B3A38
:10E80000A41AA41ED2F12003914030FA03F3194355
:10E81000904001EBCC7101EB0451002CBDE810409D
:10E82000A8BF704701F1C04101F000414FF0000066
:10E830007047B0FA80F310FA03F102D1BDE810403E
:10E840007047E41A173C4805C90AE2E701EB045196
:10E85000BDE81040704749104FEA300001EB045109
:10E86000BDE8104002E04FF0000170474A0008BFC9
:10E870000042F8D0B2F5001F28BF704701F00041F8
:10E880004FF0000070479EEA445F07D011EA5E0F28
:10E89000BDE8104004BF002100207047BDE81040D3
:10E8A00070B5FFF7FBFD00BF40DFF63E104683F07A
:10E8B000004170470000E0FF43004FEAD30C4FEAED
:10E8C0003C0C43401FBF40070CF1605113F0FE4F5A
:10E8D00070471CF0006F03D10CF00041002070471E
:10E8E0000CF0004343EA507040EACC0010B500F051
:10E8F0000EF800BF000000924FEA0001FFF71CBEB7
:10E900004FF00041A1F500214FF0000070470EF1DB
:10E91000020E2EF0030E5EF8044B244204D44FEA9C
:10E920004102B2F17F4F11D84FEA4003B3F17F4F5C
:10E930000CD80ED14FEAD07C0CEB4C0C0CF1020C35
:10E94000B2F17F4F08BF4CEBD17C04E04FF0080CD4
:10E9500001E04FEAD17C0CEB4C0324FA03F404F001
:10E960000704B4F1040C06D20EEB840CBDE8104091
:10E970004CF0010C6047DFE80CF0070802024FF092
:10E980000040A0F5800010BD0846420018BFD2F13B
:10E99000807288BF00F0004010BDF1EE100A4FF603
:10E9A000FF71C0F2C03120EA010040F04070E1EE9A
:10E9B000100A7047FF2141EAD050C005704700009F
:10E9C000CDCC4C3ECDCC4C3ECDCC4C3EEA7F002055
:10E9D00042800020F28000209A800020121F002038
:10E9E000AA1D0020F61C00205E1E00200000000072
:10E9F00000000000010203040607080900000000EF
:10EA000001020304005EBCE2613FDD83C29C7E2004
:10EA1000A3FD1F419DC3217FFCA2401E5F01E3BDFA
:10EA20003E6082DC237D9FC1421CFEA0E1BF5D03EE
:10EA300080DE3C62BEE0025CDF81633D7C22C09EE2
:10EA40001D43A1FF4618FAA427799BC584DA3866CE
:10EA5000E5BB5907DB856739BAE406581947A5FBBA
:10EA60007826C49A653BD987045AB8E6A7F91B45AE
:10EA7000C6987A24F8A6441A99C7257B3A6486D8A2
:10EA80005B05E7B98CD2306EEDB3510F4E10F2AC8E
:10EA90002F7193CD114FADF3702ECC92D38D6F317A
:10EAA000B2EC0E50AFF1134DCE90722C6D33D18F6E
:10EAB0000C52B0EE326C8ED0530DEFB1F0AE4C1262
:10EAC00091CF2D73CA947628ABF517490856B4EA4E
:10EAD0006937D58B5709EBB536688AD495CB29773A
:10EAE000F4AA4816E9B7550B88D6346A2B7597C92E
:10EAF0004A14F6A8742AC896154BA9F7B6E80A5422
:10EB0000D7896B350000891112239B322446AD57FB
:10EB10003665BF74488CC19D5AAFD3BE6CCAE5DB65
:10EB20007EE9F7F88110080193331A22A5562C4785
:10EB3000B7753E64C99C408DDBBF52AEEDDA64CB45
:10EB4000FFF976E802218B30100299132667AF7621
:10EB50003444BD554AADC3BC588ED19F6EEBE7FA25
:10EB60007CC8F5D983310A2091121803A7772E6645
:10EB7000B5543C45CBBD42ACD99E508FEFFB66EA05
:10EB8000FDD874C904428D5316619F702004A915E5
:10EB90003227BB364CCEC5DF5EEDD7FC6888E199E5
:10EBA0007AABF3BA85520C4397711E60A114280505
:10EBB000B3373A26CDDE44CFDFFD56ECE9986089C5
:10EBC000FBBB72AA06638F7214409D512225AB34A1
:10EBD0003006B9174EEFC7FE5CCCD5DD6AA9E3B8A5
:10EBE000788AF19B87730E6295501C41A3352A24C5
:10EBF000B1163807CFFF46EEDDDC54CDEBB962A885
:10EC0000F99A708B088481951AA793B62CC2A5D364
:10EC10003EE1B7F04008C919522BDB3A644EED5F74
:10EC2000766DFF7C899400859BB712A6ADD224C374
:10EC3000BFF136E0C1184809D33B5A2AE55E6C4F54
:10EC4000F77D7E6C0AA583B4188691972EE3A7F210
:10EC50003CC0B5D14229CB38500AD91B666FEF7E34
:10EC6000744CFD5D8BB502A499961087AFF326E234
:10EC7000BDD034C1C3394A28D11A580BE77F6E6E14
:10EC8000F55C7C4D0CC685D71EE597F42880A191D4
:10EC90003AA3B3B2444ACD5B5669DF78600CE91DF4
:10ECA000722FFB3E8DD604C79FF516E4A9902081F4
:10ECB000BBB332A2C55A4C4BD7795E68E11C680DD4
:10ECC000F33F7A2E0EE787F61CC495D52AA1A3B090
:10ECD0003882B193466BCF7A5448DD59622DEB3CB4
:10ECE000700EF91F8FF706E69DD414C5ABB122A0B4
:10ECF000B9923083C77B4E6AD5585C49E33D6A2C94
:10ED0000F11E780F000000000100803FC90CC0B761
:10ED1000E565AABE435690BB3C695D3EEBFCA9BCD1
:10ED200008B732BEE745093EA59204BD40AC037D5D
:10ED300004014103057C00026D0D026D090200060D
:10ED400010160006101600000000C844CDCC4C3E42
:10ED5000000000000B080141090242C0030A0B0435
:10ED600000000000920E493CB10AC93C2BC3163D7D
:10ED70002EFB483D752B7B3D04A9963D80B6AF3DEB
:10ED800036BDC83D2FBCE13D73B2FA3D87CF093E89
:10ED90008340163EB5AB223EA2102F3ECF6E3B3EC7
:10EDA000C2C5473E0115543E135C603E7F9A6C3EDF
:10EDB000CCCF783EC07D823E938E883E229A8E3E96
:10EDC00032A0943E86A09A3EE59AA03E128FA63EBF
:10EDD000D47CAC3EEF63B23E2A44B83E491DBE3EF1
:10EDE00015EFC33E53B9C93ECA7BCF3E4136D53E2F
:10EDF00080E8DA3E4F92E03E7533E63EBBCBEB3E19
:10EE0000EA5AF13ECBE0F63E275DFC3EE4E7003FE8
:10EE10003D9C033F824B063F9BF5083F6B9A0B3F9F
:10EE2000DA390E3FCDD3103F2A68133FD9F6153F8C
:10EE3000C07F183FC6021B3FD17F1D3FCBF61F3F4F
:10EE40009967223F25D2243F5636273F1594293F04
:10EE50004AEB2B3FDE3B2E3FBB85303FC9C8323FDC
:10EE6000F304353F233A373F4268393F3B8F3B3FFE
:10EE7000F9AE3D3F67C73F3F70D8413F01E2433F96
:10EE800003E4453F65DE473F12D1493FF8BB4B3FA6
:10EE9000029F4D3F207A4F3F3D4D513F4918533F10
:10EEA00031DB543FE595563F5348583F6AF2593F8E
:10EEB0001A945B3F532D5D3F05BE5E3F2146603F88
:10EEC00097C5613F5A3C633F59AA643F880F663F2C
:10EED000D86B673F3CBF683FA7096A3F0C4B6B3F4D
:10EEE0005E836C3F93B26D3F9ED86E3F73F56F3F6C
:10EEF0000809713F5213723F4714733FDD0B743F93
:10EF00000BFA743FC6DE753F07BA763FC58B773F75
:10EF1000F853783F9812793F9DC7793F02737A3F43
:10EF2000BE147B3FCDAC7B3F283B7C3FC9BF7C3FC1
:10EF3000AC3A7D3FCCAB7D3F23137E3FB0707E3F2C
:10EF40006DC47E3F580E7F3F6D4E7F3FAB847F3F49
:10EF50000FB17F3F97D37F3F43EC7F3F11FB7F3F54
:10EF60000000803F11FB7F3F43EC7F3F97D37F3F03
:10EF70000FB17F3FAB847F3F6D4E7F3F580E7F3F89
:10EF80006DC47E3FB0707E3F23137E3FCCAB7D3F90
:10EF9000AC3A7D3FC9BF7C3F283B7C3FCDAC7B3F3B
:10EFA000BE147B3F02737A3F9DC7793F9812793F29
:10EFB000F853783FC58B773F07BA763FC6DE753F7B
:10EFC0000BFA743FDD0B743F4714733F5213723FCB
:10EFD0000809713F73F56F3F9ED86E3F93B26D3F46
:10EFE0005E836C3F0C4B6B3FA7096A3F3CBF683F99
:10EFF000D86B673F880F663F59AA643F5A3C633F0E
:10F0000097C5613F2146603F05BE5E3F532D5D3F82
:10F010001A945B3F6AF2593F5348583FE595563F73
:10F0200031DB543F4918533F3D4D513F207A4F3F0C
:10F03000029F4D3FF8BB4B3F12D1493F65DE473F32
:10F0400003E4453F01E2433F70D8413F67C73F3F7C
:10F05000F9AE3D3F3B8F3B3F4268393F233A373F54
:10F06000F304353FC9C8323FBB85303FDE3B2E3FFE
:10F070004AEB2B3F1594293F5636273F25D2243F94
:10F080009967223FCBF61F3FD17F1D3FC6021B3F32
:10F09000C07F183FD9F6153F2A68133FCDD3103FE4
:10F0A000DA390E3F6B9A0B3F9BF5083F824B063FC8
:10F0B0003D9C033FE4E7003F275DFC3ECBE0F63E8E
:10F0C000EA5AF13EBBCBEB3E7533E63E4F92E03E53
:10F0D00080E8DA3E4136D53ECA7BCF3E53B9C93EC1
:10F0E00015EFC33E491DBE3E2A44B83EEF63B23E13
:10F0F000D47CAC3E128FA63EE59AA03E86A09A3EF6
:10F1000032A0943E229A8E3E938E883EC07D823EEF
:10F11000CCCF783E7F9A6C3E135C603E0115543E26
:10F12000C2C5473ECF6E3B3EA2102F3EB5AB223E3E
:10F130008340163E87CF093E73B2FA3D2FBCE13DB6
:10F1400036BDC83D80B6AF3D04A9963D752B7B3DCD
:10F150002EFB483D2BC3163DB10AC93C920E493CDB
:10F1600000000000920E49BCB10AC9BC2BC316BDF9
:10F170002EFB48BD752B7BBD04A996BD80B6AFBDE7
:10F1800036BDC8BD2FBCE1BD73B2FABD87CF09BE85
:10F19000834016BEB5AB22BEA2102FBECF6E3BBEC3
:10F1A000C2C547BE011554BE135C60BE7F9A6CBEDB
:10F1B000CCCF78BEC07D82BE938E88BE229A8EBE92
:10F1C00032A094BE86A09ABEE59AA0BE128FA6BEBB
:10F1D000D47CACBEEF63B2BE2A44B8BE491DBEBEED
:10F1E00015EFC3BE53B9C9BECA7BCFBE4136D5BE2B
:10F1F00080E8DABE4F92E0BE7533E6BEBBCBEBBE15
:10F20000EA5AF1BECBE0F6BE275DFCBEE4E700BFE4
:10F210003D9C03BF824B06BF9BF508BF6B9A0BBF9B
:10F22000DA390EBFCDD310BF2A6813BFD9F615BF88
:10F23000C07F18BFC6021BBFD17F1DBFCBF61FBF4B
:10F24000996722BF25D224BF563627BF159429BF00
:10F250004AEB2BBFDE3B2EBFBB8530BFC9C832BFD8
:10F26000F30435BF233A37BF426839BF3B8F3BBFFA
:10F27000F9AE3DBF67C73FBF70D841BF01E243BF92
:10F2800003E445BF65DE47BF12D149BFF8BB4BBFA2
:10F29000029F4DBF207A4FBF3D4D51BF491853BF0C
:10F2A00031DB54BFE59556BF534858BF6AF259BF8A
:10F2B0001A945BBF532D5DBF05BE5EBF214660BF84
:10F2C00097C561BF5A3C63BF59AA64BF880F66BF28
:10F2D000D86B67BF3CBF68BFA7096ABF0C4B6BBF49
:10F2E0005E836CBF93B26DBF9ED86EBF73F56FBF68
:10F2F000080971BF521372BF471473BFDD0B74BF8F
:10F300000BFA74BFC6DE75BF07BA76BFC58B77BF71
:10F31000F85378BF981279BF9DC779BF02737ABF3F
:10F32000BE147BBFCDAC7BBF283B7CBFC9BF7CBFBD
:10F33000AC3A7DBFCCAB7DBF23137EBFB0707EBF28
:10F340006DC47EBF580E7FBF6D4E7FBFAB847FBF45
:10F350000FB17FBF97D37FBF43EC7FBF11FB7FBF50
:10F36000000080BF11FB7FBF43EC7FBF97D37FBFFF
:10F370000FB17FBFAB847FBF6D4E7FBF580E7FBF85
:10F380006DC47EBFB0707EBF23137EBFCCAB7DBF8C
:10F39000AC3A7DBFC9BF7CBF283B7CBFCDAC7BBF37
:10F3A000BE147BBF02737ABF9DC779BF981279BF25
:10F3B000F85378BFC58B77BF07BA76BFC6DE75BF77
:10F3C0000BFA74BFDD0B74BF471473BF521372BFC7
:10F3D000080971BF73F56FBF9ED86EBF93B26DBF42
:10F3E0005E836CBF0C4B6BBFA7096ABF3CBF68BF95
:10F3F000D86B67BF880F66BF59AA64BF5A3C63BF0A
:10F4000097C561BF214660BF05BE5EBF532D5DBF7E
:10F410001A945BBF6AF259BF534858BFE59556BF6F
:10F4200031DB54BF491853BF3D4D51BF207A4FBF08
:10F43000029F4DBFF8BB4BBF12D149BF65DE47BF2E
:10F4400003E445BF01E243BF70D841BF67C73FBF78
:10F45000F9AE3DBF3B8F3BBF426839BF233A37BF50
:10F46000F30435BFC9C832BFBB8530BFDE3B2EBFFA
:10F470004AEB2BBF159429BF563627BF25D224BF90
:10F48000996722BFCBF61FBFD17F1DBFC6021BBF2E
:10F49000C07F18BFD9F615BF2A6813BFCDD310BFE0
:10F4A000DA390EBF6B9A0BBF9BF508BF824B06BFC4
:10F4B0003D9C03BFE4E700BF275DFCBECBE0F6BE8A
:10F4C000EA5AF1BEBBCBEBBE7533E6BE4F92E0BE4F
:10F4D00080E8DABE4136D5BECA7BCFBE53B9C9BEBD
:10F4E00015EFC3BE491DBEBE2A44B8BEEF63B2BE0F
:10F4F000D47CACBE128FA6BEE59AA0BE86A09ABEF2
:10F5000032A094BE229A8EBE938E88BEC07D82BEEB
:10F51000CCCF78BE7F9A6CBE135C60BE011554BE22
:10F52000C2C547BECF6E3BBEA2102FBEB5AB22BE3A
:10F53000834016BE87CF09BE73B2FABD2FBCE1BDB2
:10F5400036BDC8BD80B6AFBD04A996BD752B7BBDC9
:10F550002EFB48BD2BC316BDB10AC9BC920E49BCD7
:10F5600000000080494E535F5441534B0043686193
:10F57000737369735F5441534B00726566657265BE
:10F58000655F75736172745F540075705F7472614A
:10F590006E736D6974007D04017C000240AB034111
:10F5A00000055308065804070F00081082091100CF
:10F5B0000A15800B16000C18010D0000E0F500087C
:10F5C00000000020B0000000C401000890F6000810
:10F5D000B0000020608E0000E00100080000000084
:10F5E0000000000000000000CDCC1C41CDCC1C412F
:10F5F000E7416B3A58A08B3A010000000024F40068
:10F6000092FFFFFFFFFFFFFFFF0000000000803FB1
:10F610000000000000000000000000000000803F2B
:10F620000000000000000000000000000000803F1B
:10F63000A2FFFFFF82FFFFFFFFFFFFFF0000803FF1
:10F640000000000000000000000000000000803FFB
:10F650000000000000000000000000000000803FEB
:10F660000000803F000000000000000000000000DB
:10F670000000803F000000000000000000000000CB
:10F680000000803F0100000010000000AAAAAAAA02
:040000050800018965
:00000001FF
