:020000040800F2
:10000000D04C00202902000805430008D93200081E
:100010000143000809080008195600080000000004
:100020000000000000000000000000004153000834
:10003000250D000800000000C14400086D530008B1
:10004000430200084302000843020008430200087C
:100050004302000843020008290D0008430200087B
:1000600043020008310D0008390D00084302000862
:10007000430200084302000843020008430200084C
:10008000430200084302000843020008430200083C
:100090000D0800084302000843020008410D000853
:1000A000430200084302000843020008430200081C
:1000B00059540008430200084302000843020008A4
:1000C00043020008430200084302000843020008FC
:1000D00043020008430200084302000843020008EC
:1000E00043020008430200084302000843020008DC
:1000F00043020008430200084302000843020008CC
:1001000043020008430200084302000843020008BB
:1001100043020008430200084302000843020008AB
:10012000430200084302000851080008190D0008A6
:10013000430200084302000843020008430200088B
:10014000190800084302000843020008430200089F
:10015000430200084302000843020008430200086B
:10016000430200084302000843020008430200085B
:100170004302000843020008430200080000000098
:10018000430200084302000800F002F800F03CF8C7
:100190000AA090E8000C82448344AAF10107DA45E2
:1001A00001D100F031F8AFF2090EBAE80F0013F0F8
:1001B000010F18BFFB1A43F001031847049B00000E
:1001C000249B0000103A24BF78C878C1FAD852079F
:1001D00024BF30C830C144BF04680C6070470000C1
:1001E0000023002400250026103A28BF78C1FBD840
:1001F000520728BF30C148BF0B6070471FB509F0D8
:1002000007F91FBD10B510BD00F002F91146FFF748
:10021000F5FF06F0FFFA00F020F903B4FFF7F2FF54
:1002200003BC00F023F90000094880470948004753
:10023000FEE7FEE7FEE7FEE7FEE7FEE7FEE7FEE796
:10024000FEE7FEE704480549054A064B70470000F3
:100250004554000889010008D0460020D04C0020F9
:10026000D0480020D048002053EA020C00F06980FA
:100270002DE9F04B4FF00006002B1FBFB3FA83F5BA
:1002800003FA05F424FA05F65E4012BF1643B2FAEB
:1002900082F502FA05F4C5F120051EBF22FA05FC1D
:1002A00044EA0C04203556EA044C4FEA144418BFC3
:1002B000641C4FF000084FF00009904271EB030CF2
:1002C00039D3002919BFB1FA81F701FA07F6B0FA5C
:1002D00080F700FA07F6C7F120071EBF20FA07FCD7
:1002E00046EA0C062037B6FBF4FCA7EB0507103FE7
:1002F00007F01F0BCBF120062CFA06F60CFA0BFBCD
:1003000044BFB3460026202FA4BF5E464FF0000B2B
:100310005BEA060C08BF4FF0010B19EB0B0948EB29
:100320000608ABFB027C06FB02CC0BFB03CCC01B1C
:1003300071EB0C01C1E70B46024641464846BDE859
:10034000F08B13B5084318BF4FF0FF300146AFF3F1
:100350000080BDE81C40704710B5431C02E010F857
:10036000011B71B18107FAD14FF0013202C88C1A1A
:100370008C4314EAC211F9D0C01A0A0603D0C01E79
:1003800010BDC01A10BD0A0401D0801E10BD0902A4
:10039000FCD0401E10BD4FF0000200B5134694463D
:1003A0009646203922BFA0E80C50A0E80C50B1F1CD
:1003B0002001BFF4F7AF090728BFA0E80C5048BFE1
:1003C0000CC05DF804EB890028BF40F8042B08BF7F
:1003D000704748BF20F8022B11F0804F18BF00F87B
:1003E000012B704770477047704710B500F008F850
:1003F000006810BD10B5044600F002F8046010BD9E
:1004000000487047B800002000487047B80000203E
:100410007546FFF7F9FFAE4605006946534620F0E2
:100420000700854618B020B5FFF70CFFBDE8204057
:100430004FF000064FF000074FF000084FF0000BA0
:10044000AC46ACE8C009ACE8C009ACE8C009ACE80F
:10045000C00921F007018D46704710B50446AFF37F
:1004600000802046BDE81040FFF7D7BE01491820A4
:10047000ABBEFEE7260002007047000008F050BA4D
:1004800008F0E4BA05F0CAB800281CBF00210160DA
:100490007047000000281EBF0021C4F2B0110160A7
:1004A00070470000B1EEC00AB7EE001A81EE000AF4
:1004B0007047000005F0FCB80020C4F202001021D3
:1004C000012201F04BBB00000020C4F20200102109
:1004D000002201F043BB00007047000040F20040E2
:1004E000C4F202000121012201F038BB40F20040B9
:1004F000C4F202000121002201F030BBB0F900304B
:1005000040F2180CC2F2000C00EE103A9CED001AFA
:10051000B8EEC00A21EE000A81ED000AB0F90230FF
:100520009CED001A00EE103AB8EEC00A21EE000A67
:1005300081ED010AB0F9043000EE103AB8EEC00ABD
:1005400021EE000A81ED020AC3798179007A1B024B
:1005500043EA0040084400EE100A9FED041AB8EE8A
:10056000400A20EE010A82ED000A704700401C425A
:100570007047000006F038BA05F0A6BEB0F90020BA
:1005800000EE102A40F21802C2F2000292ED011AA7
:10059000B8EEC00A21EE000A81ED000AB0F902307F
:1005A00092ED011A00EE103AB8EEC00A21EE000AF0
:1005B00081ED010AB0F9040000EE100AB8EEC00A9D
:1005C00021EE000A81ED020A7047000010B5FFF726
:1005D00083FFFFF7CDFF05F0FFF908B1802402E0AB
:1005E00005F0ACF8044605F02DFD00281CBF44F0D2
:1005F000400010BD05F01CFC204310BD2DE9F04F5C
:1006000083B002920E460190FFF75EFF922000F049
:10061000C5F8922000F0C2F8552000F0BFF88046DF
:10062000552000F0BBF88346552000F0B7F882460D
:10063000552000F0B3F80446552000F0AFF8074607
:10064000552000F0ABF80546FFF736FF48EA0B20CF
:1006500040F2180900B2C2F2000900EE100A99ED4A
:10066000001AB8EEC00A4AEA042021EE000A00B2DD
:1006700086ED000A00EE100A47EA052000B299ED67
:10068000001A02EE100AB8EEC00AB8EEC22A21EE35
:10069000000A21EE021A86ED010A86ED021AFFF722
:1006A00025FF802000F07AF8552000F077F8064604
:1006B000552000F073F8552000F070F88246552060
:1006C00000F06CF80546552000F068F88346552088
:1006D00000F064F80446552000F060F80746552005
:1006E00000F05CF88046FFF7F9FE0F2E25D14AEAAC
:1006F000052000B200EE100A99ED011AB8EEC00A0A
:1007000001994BEA042021EE000A00B281ED000AB3
:1007100000EE100A47EA082000B299ED011A02EE35
:10072000100AB8EEC00AB8EEC22A21EE000A21EE85
:10073000021A81ED010A81ED021AFFF7C5FEA2201F
:1007400000F02CF8A22000F029F8552000F026F83F
:100750000446552000F022F80546FFF7ADFEE00004
:1007600040EA55114FF600020023CFF6FF72B3EBBB
:10077000902F18BF114300EE101AB8EEC00AB4EE65
:10078000001A20EE010AB3EE071A029830EE010AB1
:1007900080ED000A03B0BDE8F08F000080B582B0A4
:1007A0008DF8070040F270604FF47A7CC2F20000CE
:1007B0000DF107010DF106020123CDF800C002F092
:1007C0007DF99DF8060002B080BD000002784078F7
:1007D000D20042EA50104FF6000C0023CFF6FF7C07
:1007E000B3EB922F18BF40EA0C0000EE100AB8EEEF
:1007F000C00AB4EE001A20EE010AB3EE071A30EE7A
:10080000010A81ED000A7047FEE7000040F20C503B
:10081000C2F2000000F014BC40F23450C2F20000FA
:1008200000F00EBC80B58AB00022CDE90312082189
:10083000CDE90722CDE90522079103A901AA09AB59
:100840008DED010ACDED020A00F09AFA0AB080BDE2
:1008500080B500F009F840F25C50C2F20000BDE83B
:10086000804000F09BBE0000B0B540F27060C2F264
:100870000000C16C46F2A040C4F202000968A0F179
:100880004802914226D946F29F0350F89C2CC4F2AC
:10089000020399424FF020036CDD46F23F45C4F25B
:1008A0000205A94200F3808046F2A005C4F20205C9
:1008B000A94200F0AF8046F21045C4F20205A942F9
:1008C00000F0D58046F22843C4F20203994200F0BA
:1008D000CC808BE146F25802C4F2020202F16003BE
:1008E000994223D946F29F03D2F8A823C4F2020307
:1008F00099424FF0200340F3938046F23F45C4F203
:100900000205A94200F3D68046F2A005C4F2020512
:10091000A94200F0F78046F21045C4F20205A94250
:1009200000F03E8146F2284334E100BF46F29F05C5
:100930009142C4F202054FD952F854CCA9424FF06B
:1009400020044FDC46F23F05C4F20205A94240F301
:10095000E58046F24005C4F20205A94200F0D880C5
:1009600046F27005C4F20205A94200F0E68046F2A4
:100970008805DBE046F23F05C4F20205A94267DDC7
:1009800046F24005C4F20205A94243D046F2700582
:10099000C4F20205A9426AD046F28803C4F20203F7
:1009A000994214D022E100BF46F24045C4F202054C
:1009B000A9422FD046F27045C4F20205A94256D092
:1009C00046F28843C4F20203994240F00F814FF48B
:1009D000006313424ED140E152F858CCA9424FF087
:1009E0002004AFDD46F23F45C4F20205A94279DC9E
:1009F00046F2A005C4F20205A94200F0898046F241
:100A00001045C4F20205A94200F0978046F228453D
:100A10008CE000BF4FF4001313422BD11DE100BF47
:100A200046F23F05C4F20205A94240F3AB8046F20C
:100A30004005C4F20205A94264D046F27005C4F232
:100A40000205A94200F0AC8046F2880340E000BFF6
:100A500046F21005C4F20205A94208D046F2280366
:100A6000C4F20203994240F0C1804FF40063134284
:100A700000F0F38046F27042C4F2020291420BD0C1
:100A800046F28842C4F20202914209D14FF4006258
:100A900040F8942CF2E000BF202240F8942CEDE0C6
:100AA0004FF00062814208BF4FF4001240F8942CCE
:100AB000E4E000BF46F24045C4F20205A94221D05D
:100AC00046F27045C4F20205A94269D046F2884355
:100AD000C4F20203994240F0AB804FF4006313422A
:100AE00060D1BAE046F24045C4F20205A9420FD0F7
:100AF00046F27045C4F20205A9421ED046F288456E
:100B000014E000BF4FF4001313424BD1A5E000BF27
:100B10004FF4001404EA0C05A5B99EE046F2100556
:100B2000C4F20205A94208D046F22805C4F2020523
:100B3000A94240F087804FF4006404EA0C05002DC0
:100B400000F08B8099422DD8914259D946F270001D
:100B5000C4F20200814200F0818046F28800C4F2B3
:100B60000200814200F07E8046F2A000C4F2020042
:100B700081420CBF4FF400104FF0006042F84C0C63
:100B80007CE000BF46F21005C4F20205A94207D07E
:100B900046F22803C4F20203994249D14FF400639C
:100BA00013425AD046F21042C4F20202914219D0C6
:100BB00046F22842C4F2020291420DD046F240426F
:100BC000C4F2020291420CBF4FF400114FF00061D9
:100BD00040F8981C52E000BF4FF4006140F8981CA8
:100BE0004CE000BF202140F8981C47E04FF0006324
:100BF000814208BF4FF4001313427FF43BAF2CE057
:100C000046F21000C4F20200814231D046F22800C0
:100C1000C4F2020081422DD046F24000C4F202002C
:100C200081420CBF4FF400104FF0006024E000BF81
:100C30004FF00063814208BF4FF400131342B1D15B
:100C40000BE000BF4FF00064814208BF4FF4001476
:100C500004EA0C05002D7FF475AFB0BD202042F8EA
:100C60004C0C0BE04FF4006042F84C0C06E000BF67
:100C7000202001E04FF4006042F8500C40F2F415DF
:100C8000C2F20005287800248007C4F2020421D4AF
:100C9000687880072FD4A87880070CD5A878102111
:100CA00000F0FD00A870A878012240F00400A870B0
:100CB000204600F053FF05F04DFC2878400758BF50
:100CC000B0BD43F61040C4F20100016841F00101DB
:100CD0000160B0BD2878012100F0FD00287028785F
:100CE000012240F00400287004F5806000F036FF17
:100CF00068788007CFD56878102100F0FD00687013
:100D00006878012240F004006870204600F026FF59
:100D1000A8788007CFD5C1E740F2BC50C2F20000EE
:100D200000F03CBC70470000012000F037BE00001E
:100D3000082000F033BE0000102000F02FBE00009D
:100D4000202000F02BBE000072B600BFFEE70000BE
:100D500090F82020013A012A08D8006800F1140216
:100D60000020136819431160704700BF00F124028E
:100D700001204FF48021136819431160704700006F
:100D800010B590F820E0D0F800C0AEF1010EBEF131
:100D9000010FDCF808E011D81EF0E05F18D0CEF3A8
:100DA000016E012000FA0EF018608B68D3B148681C
:100DB000CC6844EAC000034318E000BF00F12401FE
:100DC00001204FF480220B681A430A6010BD00BF57
:100DD00000F1240101204FF400120B681A430A604D
:100DE00010BD00BF0868CB6843EA40530CEB0E10FF
:100DF000C0F880310B69C0F88431097D012905D123
:100E000000F5C2710B6843F480730B605168C0F841
:100E10008C11126800F5C071C0F8882100200122F1
:100E20000B681A430A6010BDB0B590F82020013A53
:100E3000012A2FD846F20060C4F20000026842F096
:100E400001020260026822F47C520260D1F814E0D0
:100E5000CC694A6A0368012C43EA022202600EF060
:100E60001F024FF0010303FA02F2C3696FEA020C9A
:100E700023EA0203C36113D02CBBC36803EA0C034B
:100E8000C360CB688C8844EA034300EBCE04236440
:100E90000B4611E0416A41F4802141620120B0BD5E
:100EA000C3681343C3600B688C8844EA034300EBB8
:100EB000CE04236401F10C038C681B8843EA0443CD
:100EC00000EBCE04636443688D6943EA0204D1F801
:100ED00010E0096A002D08BF03EA0C04446043696E
:100EE000BEF1000F43EA020408BF03EA0C04012923
:100EF000446102D1C1691143C161016821F001015E
:100F000001600020B0BD00007047000010B590F8EF
:100F10002040013C012C7BD8D0F800C0002900F013
:100F20008180DCF81040A40700F081800CEB011CEC
:100F3000DCF8B0410CF5D87E14F004049460DCF8C1
:100F4000B04119BFE4085460640D1460DEF800403D
:100F50000CF5DA7E04F00204D460DCF8B441240716
:100F60005ABFDEF8004004F00F0408241461DEF8D4
:100F700000400029C4F307249461DEF800404FEAE2
:100F800014445461DCF8B8211A70026802EB0112B3
:100F9000D2F8B8214FEA12225A70026802EB01120D
:100FA000D2F8B8214FEA12429A70026802EB01129D
:100FB000D2F8B8214FEA1262DA70026802EB01122D
:100FC000D2F8BC211A71026802EB0112D2F8BC21DE
:100FD0004FEA12225A71026802EB0112D2F8BC21C8
:100FE0004FEA12429A71026802EB0112D2F8BC2158
:100FF0004FEA1262DA71006814BF00F1100100F1CB
:101000000C01002020220B681A430A6010BD00BFAB
:1010100000F1240101204FF480220B681A430A607A
:1010200010BD00BFDCF80C40A4077FF47FAF00F1D7
:10103000240101204FF400120B681A430A6010BD0E
:101040002DE9F04F81B0044600684669D0F804905D
:101050008768D0F80CB0D0F810A0D0F81880F1074D
:1010600004D1002530071DD424E000BFF90710D0BB
:101070000121BA07816009D4780700F1AF803807F1
:1010800000F1B680204600F07BFA02E0204600F036
:1010900079FA0025F80500F18780F80300F1B180A6
:1010A000300707D51BF0100004D0206845F4007508
:1010B0001021C160700708D51BF0080005D020681A
:1010C0000821C160204600F0F5F9B00706D5206878
:1010D000C068800702D0204600F0EEF9700607D500
:1010E0001AF0100004D0206845F4806510210161D9
:1010F000B00608D51AF0080005D020680821016163
:10110000204600F009FAF00606D52068006980073D
:1011100002D0204600F002FAB00308D519F0100002
:1011200005D0206810214160204600F0F9F9F00355
:1011300008D519F0080005D0206808214160204634
:1011400000F02AFA300440F19B805FEA497040F1D8
:10115000948006F4807008EA102028435FEA8871C2
:10116000014648BF41F00201B20558BF01465FEA9F
:1011700048700D4648BF45F00405700558BF0D4640
:10118000300540F17A8018F0700000F07680103859
:10119000000905286CD8DFE800F003595D61656936
:1011A00045F0080564E000BF20684FF48071BA057F
:1011B00081600BD4780515D438051DD4204600F085
:1011C000E3F9F8037FF56CAF1BE000BF204600F0A9
:1011D000DDF9F8037FF564AF13E000BF4FF400655D
:1011E00058E700BF05F50055F8037FF559AF08E053
:1011F0004FF480554EE700BF05F58045F8037FF5B5
:101200004FAF20684FF48031BA0381600AD478036D
:1012100010D4380314D4204600F0BAF930073FF553
:1012200041AF47E7204600F0B5F930073FF53AAF48
:1012300040E700BF05F5004530073FF533AF39E71C
:1012400005F5803530073FF52DAF33E745F0100544
:101250000EE000BF45F020050AE000BF45F0400564
:1012600006E000BF45F0800502E000BF45F4807550
:101270002068816921F0700181612068042141604A
:1012800055B1606A40EA05012046616201B0BDE8DF
:10129000F04FFFF739BE00BF01B0BDE8F08F00008E
:1012A000B0B5C8B1044690F8200010B9204600F04F
:1012B00071F82068016841F00101016000F054FC00
:1012C000054600BF20684168C90707D100F04CFC03
:1012D000401B0B28F6D312E00120B0BD016821F0BD
:1012E0000201016000F040FC054600BF2068416833
:1012F00089070DD500F038FC401B0B28F6D3606A37
:10130000052140F400306062012084F82010B0BD57
:10131000217E0268012922F0800208BF803202602B
:10132000617E0268012922F0400208BF403202605B
:10133000A17E0268012922F0200208BF203202604B
:10134000E17E0268012922F0100218BF103202600B
:10135000217F0268012922F0080208BF08320260DA
:10136000617F0268012922F0040208BF0432026092
:10137000D4E901C2D4E9033561691A432A43114310
:10138000ACF101021143C16100200121606284F8C7
:101390002010B0BD10B586B0006846F60002C4F259
:1013A000000200219042CDE90411CDE90211019122
:1013B00034D046F20041C4F20001884277D140F2B5
:1013C0000C31C2F200010A6843F64000C4F2020088
:1013D000531C0B6052B900210091016841F000716B
:1013E0000160016801F000710091009900210091F5
:1013F00050F8101C142441F0080140F8101C50F85B
:10140000100C032100F008000090009840F200400A
:10141000C4F2020000F5006035E000BF43F6400072
:10142000C4F202000091016841F08061016001682E
:1014300001F080610091009940F20C31C2F200018C
:101440000A68531C0B6052B900210091016841F0F9
:1014500000710160016801F00071009100990021A4
:10146000009150F8101C402441F0020140F8101C7B
:1014700050F8100C602100F002000090009840F23B
:101480000040C4F202000191022102910021039167
:10149000032104910921059101A900F08BFA20464E
:1014A0000521002200F00EFF204600F0F7FE06B0F6
:1014B00010BD00007047000080B58AB003AA01ABE0
:1014C0000021FFF723FD0398A0F20121062920D86F
:1014D0000138C1B2BDF80420890051FA80F040F211
:1014E000A07112BAC2F20001120C31F8103021F8CA
:1014F000102001EB4000BDF80610BDF8082009BA25
:10150000090C418011BA9DF80A20090C03818180E1
:1015100082710AB080BD0000704700007047000073
:1015200070470000B0B5044690F8200001281DD196
:10153000022084F820002068016821F00101016088
:1015400000F012FB054600BF20684068C00713D0BA
:1015500000F00AFB401B0B28F6D3606A40F4003011
:101560006062052084F820000120B0BD606A40F46C
:10157000002060620120B0BD00206062B0BD0000AC
:10158000704700007047000070470000704700007F
:10159000704700007047000070470000F0B581B050
:1015A00004460020009040F28000C2F20000026871
:1015B000D4E9166048F2B51337680821C1F64E33F6
:1015C00081403942A2FB03250CD0226813685B07D7
:1015D00008D5136823F004031360B160616D41F016
:1015E0000101616501218140394208D022685269B8
:1015F000120604D5B160616D41F0020161650421FC
:101600008140394208D022681268920704D5B1603F
:10161000616D41F00401616510218140394217D0AC
:1016200020680268120713D5B1600268016852038E
:1016300008D4C90508D4016821F008010160216CB3
:1016400021B905E008033FD4216C09B12046884741
:10165000E16D202000FA01F23A4241D0206803688F
:10166000DB063DD5B26094F835300268052B1BD1FE
:1016700022F016020260426922F080024261226C6E
:101680000AB9A26C1AB1026822F0080202603F2077
:101690008840B060012084F83500216D00200029C9
:1016A00084F8340052D157E00168520310D4C905C0
:1016B00012D4016821F010010160012084F8350086
:1016C000002084F8340007E0A16C0029BED1BFE7F8
:1016D000080301D4616C00E0E16B09B12046884742
:1016E000606DC8B3606DC0072ED0052084F835004A
:1016F0002068A90A026822F001020260009A013201
:101700008A4200921AD80268D20717D0009A013292
:101710008A42009212D80268D2070FD0009A013292
:101720008A4200920AD80268D20707D0009A013292
:101730008A42009202D80268D207DFD1012084F8E1
:101740003500002084F83400E16C29B1204601B056
:10175000BDE8F040084700BF01B0F0BD2DE9F04101
:10176000044600F001FAECB10546022084F8350089
:101770000020216884F83400086820F00100086027
:1017800021680868C00711D000F0EEF9401B052859
:10179000F6D9032520230320636584F83550BDE87E
:1017A000F08100BF0120BDE8F08100BF086848F269
:1017B0003F02CFF21002D4E9013500EA020C04F135
:1017C0000C0898E8C10143EA0C032B431843D4E901
:1017D000072E304338431043626A40EA0E00042A61
:1017E00040EA08031CD1206BD4E90A2E40EA0E001F
:1017F000184308604869BEF1000F20F0030040EA7A
:10180000020040F0040C11D0B8F5005F36D0B8F1FA
:10181000000F45D1022A46D0012A3BD032B942E01E
:101820000B60486920F0070040EA020C01F0F80064
:101830004AF6AB221038CAF6AA22A0FB02231A09E4
:1018400049F26243C0F600039A5C40F2FF335F281E
:101850004FF03F00C1F814C021EA030100FA02F082
:1018600088BF0431C4E916128860002301250020D6
:10187000636584F83550BDE8F08100BF032AD5D8F0
:10188000012540230120DFE802F0030E030500BF1D
:1018900082E700BFAEF1C070B0FA80F0400904E00A
:1018A000032A04D3C2D1CEF300600028BED00125A4
:1018B00040230120636584F83550BDE8F0810000C5
:1018C00010B501381F2800F26780DFE800F01165CD
:1018D000656565656547656565656565653165650A
:1018E000656565656565656565656565655300BFC5
:1018F00040F2F414C2F200040120607106F0F6FC1C
:10190000012849D0A06904F1200105F089FD206A71
:10191000002808BF10BD4EF60450CEF200004FF074
:1019200080510160BFF34F8FBFF36F8F34E000BF72
:101930000A2004F0F3FC40F2F410C2F200004178F7
:1019400041F001014170817841F00101817000791D
:1019500010B3BDE8104004F0FDBD00BF0B2004F043
:10196000DDFC40F2F410C2F20000C17841F0010148
:10197000C17010BD092004F0D1FC40F2F410C2F295
:101980000000017841F001010170007920B1BDE84B
:10199000104004F0DFBD00BF10BD000043F614414D
:1019A000C4F201010A68024214BF08607047FFF7E1
:1019B00087BF00002DE9F04F82B000F13E4241F6B2
:1019C000004502F1FF77C4F20205082243F6004EFB
:1019D0004FEAB726A84208BF0722C4F2010E072E1D
:1019E00038BF4FEAB7220125002600274FF0000834
:1019F000009208E008F101080437B8F1100F06F171
:101A0000020600F0A7800C6805FA08F914EA090F2D
:101A1000F0D0D1F804B003220BF0030CACF10104B8
:101A2000B240012C6FEA020A10D88268CC6802EA40
:101A30000A02B440224382604268CBF3001422EAD7
:101A4000090204FA08F42243426005E0BCF1030FE6
:101A500002D14FF0030C20E0C2688C6802EA0A024F
:101A6000B4402243BCF1020FC26016D16FF00302F2
:101A700002EA58020244D2F820C007F01C050F23E6
:101A80000C69AB402CEA030304FA05F52B431362FF
:101A9000D1F804B001250BF0030C02680CFA06F330
:101AA00002EA0A021A431BF4403F0260A2D000225D
:101AB00043F644030192C4F202031A684FF6084C3D
:101AC00042F480421A601A68CFF6FF7C02F480422A
:101AD0000192019A28F00302724452F80C3007F088
:101AE0000C050F24AC40A343009C04FA05F52B43DE
:101AF00042F80C30DEF808204B6842EA090543F64C
:101B00000C4CDC0258BF22EA0905CEF80850C4F29A
:101B1000010CDCF800209C0242EA090558BF22EAC9
:101B20000905CCF80050DEF804209C0342EA0905C0
:101B300058BF22EA0905CEF80450DEF80020DB0386
:101B400042EA090558BF22EA0905CEF800500125EE
:101B500050E700BF02B0BDE8F08F0000002A08BFC8
:101B6000090481617047000044F27440C2F2000031
:101B70000068704770B5B8B3044690F83D0028B9C6
:101B8000002084F83C00204600F08AFA242084F8E3
:101B90003D002068016821F001010160016841F405
:101BA00000410160016821F40041016000F096FCF1
:101BB00048F28041C0F21E0140F60013D4F804E060
:101BC00088424FF00001C0F23D0348F2A16C4FF093
:101BD000000238BF01219842C0F2010C38BF012237
:101BE000E64538BF0A460AB1012070BD4DF6836153
:101BF000C4F21B31A0FB01122168950C4B684FF415
:101C0000967623F03F0343EA9243754344F6D35656
:101C10004B60C1F262060B6AA5FB0656B50923F0BC
:101C20003F03E64538BF950C6A1C1A430A62CA692D
:101C300048F2A0664CF6FF73C0F20106B64522EAF0
:101C400003020BD801384FEA4E03B0FBF3F001302A
:101C50006FF31F30042898BF04201EE0A3680138EA
:101C600063B119230EFB03F3B0FBF3F001306FF304
:101C70001F3078B100F5804008E000BF0EEB4E0346
:101C8000B0FBF3F001306FF31F3028B100F50040D6
:101C900003E000BF012000E001201043C861086894
:101CA000D4E9072320F0C000104318430860886877
:101CB00048F2FF3204F10C0690434CCE1843104317
:101CC000A5698860C86820F0FF0030432843C860D9
:101CD000086840F00100086000202021206484F89A
:101CE0003D10206384F83E0070BD00002DE9F047F0
:101CF00084B0994616460F460446FFF735FF94F820
:101D00003D10202927D10546206800BF8169890739
:101D10001CD5FFF729FF411B20681A29F6D38169DA
:101D20008907F3D500202021206384F83D1084F832
:101D30003E00206C04F13C0A40F0200020640220A8
:101D400000218AF8001004B0BDE8F087A2461AF816
:101D50003C1F012904D1022004B0BDE8F08700BF78
:101D600001228AF800200368DDE90D180C9ADB07D0
:101D700003D1036843F001030360036823F40063A5
:101D80000360222084F83D00402084F83E000020BB
:101D9000206462626185608D394620850020CFF61F
:101DA000FF70E062204632464B46CDF80080019538
:101DB00001F094FA20B1012004B0BDE8F08700BF23
:101DC000208DA8B102282BD0012835D121680A68BE
:101DD00022F480620A60002203924A6903928A69AF
:101DE0000392039A0A6842F400720A602CE000BF72
:101DF0000020039020684169039181690391039950
:101E0000016841F400710160202084F83D00002049
:101E100084F83E0000218AF8001004B0BDE8F08785
:101E200021680A6822F480620A600A6842F400624B
:101E30000A600022039202E00021039121684A69AE
:101E400003928969039103990427C0F201070CE00A
:101E500010690870606A218D01306062481E20851B
:101E6000618D013961850104CED080B203280FD87D
:101E700002284AD001282DD1204641462A4601F0A9
:101E8000D7FC002897D12068616A0069E1E700BFAC
:101E9000204641462A4601F0CBFC00287FF48BAF58
:101EA0002068616A00690870606A2268411C208DA0
:101EB000616201382085638D013B638553695B074F
:101EC000D1D580B20328C3D1106820F4806010609F
:101ED000BEE700BF2046394600224346009501F088
:101EE0004DFB00287FF467AF2068616A026822F426
:101EF0008062026000690870606A218D0130606252
:101F0000481E2085608D01386085204639460022B4
:101F10004346009501F032FB00287FF44CAF206867
:101F2000616A026842F40072026000690870606AC7
:101F30002268411C6162218D01392185618D013941
:101F400061851169417085E72DE9F04383B09946B9
:101F500016460F460446FFF707FE94F83D10202969
:101F600020D10546206800BF8169890716D5FFF793
:101F7000FBFD411B20681A29F6D381698907F3D537
:101F800000202021206384F83D1084F83E00216C5D
:101F900041F02001216484F83C0003E094F83C10F7
:101FA000012903D1022003B0BDE8F083012284F8A7
:101FB0003C200368DDE90B180A9ADB0703D10368AC
:101FC00043F001030360036823F4006303602120EE
:101FD00084F83D00402084F83E00002020646262C6
:101FE0006185608D394620850020CFF6FF70E06264
:101FF000204632464B46CDF80080019501F0FAF9B3
:1020000020B1012003B0BDE8F08300BF208D98B956
:10201000204641462A4601F051FA88B3206C042834
:10202000EFD12068016841F400710160012003B024
:10203000BDE8F0830004EBD0204641462A4601F07B
:102040003FFC0028EAD1616A2268084610F8013B8B
:102050001361238D6062581E2085678D013F67855F
:1020600057697F07E6D50704E4D048781061881CDB
:102070006062981E2085618D01396185DAE700BFB5
:102080002068016841F400710160202084F83D005F
:10209000002084F83E0084F83C0003B0BDE8F083E3
:1020A0002DE9F04786B0006845F60047C4F2000706
:1020B000B84203D006B0BDE8F08700BF002643F663
:1020C00030050196C4F20205286801AC40F0040016
:1020D000286028684FF0120800F004000190019871
:1020E000019628684FF0030940F001002860286835
:1020F0004FF0040A00F00100019001984FF40070C5
:10210000019007F5D6302146CDE90286CDF8109032
:10211000CDF814A0FFF74EFC4FF48070CDE9010814
:1021200003A880E8400607F5D2302146FFF742FCBD
:102130000096286940F400002861286900F4000036
:102140000090009806B0BDE8F087000040F2100053
:1021500044F27441C2F20000C2F2000100780A6841
:10216000104408607047000080B543F60040C4F298
:102170000200016841F400710160016841F480616E
:102180000160016841F480710160032000F0C6F82D
:102190000F2000F005F800F05FF8002080BD00007F
:1021A00070B586B0002543F640010195C4F20201E6
:1021B0000A68044642F001020A60096801A801F0B9
:1021C000010101910199694600F068F9049E002E11
:1021D00018BF012600F082F94DF68361B040C4F2C9
:1021E0001B31A0FB01014FF0FF3000EB914140F2A9
:1021F0001070C2F200004FF0804240F2E733C0E9B5
:102200000021C0E902530561856100F003FE054627
:1022100010B1284606B070BD40F21070C2F2000046
:1022200000F042FE05460028F3D11C2000F036F8ED
:102230000F2C0DD81C2021460022002500F042F86A
:1022400040F21400C2F200000460284606B070BDDF
:102250000125284606B070BD82B0002043F640013B
:102260000190C4F202014A6842F480424A604A681E
:1022700002F480420192019A00900868002240F026
:102280008050086008680F2100F08050009000988E
:102290006FF0010002B000F015B80000002848BF40
:1022A0007047C1B200F01F00012202FA00F04EF2A6
:1022B0000012CEF2000242EAD10121F003010860CF
:1022C0007047000010B54EF60C5CCEF2000CDCF846
:1022D0000030C3F3022E8EF00704042C28BF042420
:1022E000BEF103034FF0FF3E0EFA04F438BF0023A3
:1022F000A14399400EFA03F39A43114300F00F02F1
:1023000000F160430901043A03F564436244002884
:1023100048BF02F10C03197010BD00004EF60C51BD
:10232000CEF200010A684FF6FF031A4060F30A225A
:1023300042F0806040F0FD70086070472DE9F04188
:10234000002800F08B8043F60808C4F20208044617
:10235000D8F8F8030D4600F00700884207D288F845
:10236000F853D8F8F80300F00700A84276D12068A7
:10237000810717D5410705D5D8F8001041F4E05181
:10238000C8F80010010705D5D8F8001041F46041E5
:10239000C8F80010D8F80010A26821F0F00111432D
:1023A000C8F80010C0073FD1D8F8F80300F00700C4
:1023B000A84207D988F8F853D8F8F80300F00700C6
:1023C000A8424BD12068410707D5D8F80010E26831
:1023D00021F4E0511143C8F80010000708D5D8F8DF
:1023E0000000216920F4604040EAC100C8F8000004
:1023F00000F088F8D8F8001049F23842C1F3031110
:10240000C0F60002515C40F2800220FA01F140F275
:102410001400C2F200000068C2F200021160FFF76F
:10242000BFFE0020BDE8F0816068811E022907D24E
:1024300058F8081C89015CBF0120BDE8F08111E05B
:10244000012807D158F8081C89035CBF0120BDE8AA
:10245000F08107E058F8081C890703D40120BDE883
:10246000F08100BFD8F8001021F003010843C8F83C
:102470000000FFF779FB064641F28837D8F80000E4
:10248000616800F00C00B0EB810F8DD0FFF76CFBA2
:10249000801BB842F2D90320BDE8F0810F22026010
:1024A00043F60802C4F20202136803F00303436018
:1024B000136803F0F0038360136803F4E053C36010
:1024C000D2F800C04FF4E05303EADC030361D2F812
:1024D000F80300F0070008607047000040F2800039
:1024E00043F60801C2F20000C4F202010068096864
:1024F00049F24842C1F38221C0F60002515CC84053
:102500007047000010B543F60404C4F2020460688A
:1025100000F00C0008280BD0042819BF42F200403C
:10252000C0F2F40041F60030C0F2B70010BD00BFA9
:10253000206821682368490241F60031C0F2B701E2
:1025400000F03F02C3F388105CBF42F20041C0F2CA
:10255000F401A1FB00010023FDF786FE21680222A1
:10256000C1F3014102EB4101B0FBF1F010BD0000ED
:102570002DE9F04182B0002868D00446007843F687
:102580000006C007C4F202060BD0B06800F00C00D1
:10259000042840F09F803068800302D560680028DE
:1025A00054D0207880071AD5B06810F00C0F09D0ED
:1025B000B06800F00C00082840F0A6807068400267
:1025C00000F1A2803068800702D5E06801283DD183
:1025D0003068216920F0F80040EAC10030602078BE
:1025E000000737D4207840074CD4A56955B3B068AC
:1025F00000F00C00082840F0BB80012D26D0706848
:10260000E16900F480028A4220D1216A00F03F0291
:102610008A421BD147F6C071626A0140B1EB821F4A
:1026200014D1A16A4FF6FF73C903994300F44032F5
:10263000A1F580318A4209D1E16A00F07060B0EB07
:10264000016F03D1002002B0BDE8F081012002B08B
:10265000BDE8F0816069002840F20000C4F2472024
:1026600076D00121C0F8801EFFF77EFA054600BF34
:10267000706F8007B6D4FFF777FA401B0228F7D9AE
:10268000DDE000BF306C10F080580AD100200190CE
:10269000306C40F080503064306C00F0805001901D
:1026A000019847F20007C4F200073868C00541D41A
:1026B000386840F480703860FFF756FA054600BF6E
:1026C0003868C00536D4FFF74FFA401B0228F7D907
:1026D000B5E000BFB06800F00C00082803D17068B6
:1026E00040023FF558AF6068B0F5803F07D0B0F5C5
:1026F000A02F40F08D80306840F48020306030683A
:1027000040F4803030608DE0E068002852D0002036
:10271000C4F2472001210160FFF726FA054600BFF9
:10272000306880073FF554AFFFF71EFA401B0228C0
:10273000F6D984E0A068012805D005284ED1306F75
:1027400040F004003067306F40F0010030674FE028
:102750000021C0F8801EFFF707FA0546706F80075A
:102760007FF540AFFFF700FA401B0228F6D966E07C
:102770000027C4F2472700203866FFF7F5F9022D3D
:1027800005460BD1306880015ED5FFF7EDF9401B9F
:1027900002284FF00300F5D955E700BF30688001EB
:1027A0007FF550AFFFF7E0F9401B02284FF0030020
:1027B000F4D948E70020C4F2472000210160FFF768
:1027C000D3F90546306880077FF509AFFFF7CCF9EC
:1027D000401B02284FF00300F4D934E7316F002882
:1027E00021F001013167316F21F0040131674DD0D3
:1027F000FFF7BAF9054641F2883700BF306F80070E
:1028000056D4FFF7B1F9401BB842F7D917E000BF23
:102810003168002821F480313160316821F4802151
:1028200031604FD0FFF7A0F9054600BF3068800344
:102830003FF5B7AEFFF798F9401B6428F6D903209F
:1028400002B0BDE8F08100BF04F11C052FCD0843A4
:1028500040EA8210D9034FF6FF729143A1F580310F
:1028600040EA05600843706001203866FFF77CF994
:10287000044600BF306880013FF5E4AEFFF774F90D
:10288000001B02284FF00300F4D9DCE6FFF76CF9D7
:10289000054641F2883700BF306F800708D5FFF743
:1028A00063F9401BB8424FF00300F5D9CBE600BFF7
:1028B000B8F1000F7FF499AE306C20F08050306496
:1028C00093E600BFFFF750F9054600BF306880036C
:1028D0007FF567AEFFF748F9401B64284FF003000F
:1028E000F4D9B0E670B538B10446406A30B1002082
:1028F000206104F1140007E0012070BD6068B0F5AC
:10290000827F03D004F11C00002101600026A66232
:1029100094F8510020B9204684F8506000F03CF84B
:10292000022084F8510094E80F0001F482710568D8
:1029300002F4044225F040050560114403F40062EE
:102940002369114403F002026369114403F0010298
:10295000A369E569114403F40072114405F03802DB
:10296000256A114405F08002A56A114305F400525E
:1029700011430160626A042101EA134102F010026E
:1029800011444160C16921F40061C16101206665A3
:1029900084F85100304670BD2DE9F04F85B00446F3
:1029A000006843F20007C4F20107B84202D005B044
:1029B000BDE8F08F002643F630000096C4F2020016
:1029C00041696D4641F480514161416946F2404898
:1029D00001F4805100910099009601684FF00209BE
:1029E00041F00201016001684FF0030A01F00201A9
:1029F00000910099009601684FF0050B41F001012C
:102A000001600068294600F001000090009818203D
:102A1000009007F55440C4F20208CDE90196CDF8C4
:102A20000CA0CDF810B0FEF7C5FF8020CDE900095D
:102A300002A880E8400C07F550402946FEF7BAFF8F
:102A400040F25C55C2F200054FF440304FF0C067D1
:102A50004FF48069C5E908062846C5E90087C5E93D
:102A60000266C5E90496C5E90666FEF777FE00280A
:102A700018BFFEF769F9E564AC6340F2BC5508F194
:102A80001800C2F200054021C5E9000705F1080061
:102A900080E842024FF40030C5E908062846C5E93F
:102AA0000566EE61FEF75AFE002818BFFEF74CF9E6
:102AB000A564AC6305B0BDE8F08F00002DE9F043DC
:102AC00083B01E4615460F460446FFF74DF894F8AE
:102AD00051108146012909D1002F4FF0010018BF84
:102AE000002D0FD103B0BDE8F08300BF6068B0F5E2
:102AF000827F0DD1A06800284FF0020008BF042992
:102B0000F0D1E9E7002EEDD094F85000012803D170
:102B1000022003B0BDE8F083012084F8500094F84F
:102B20005100002104281CBF052084F85100616574
:102B3000A563E687A6872763E6862068A6862164C4
:102B400061640168490603D4016841F040010160F5
:102B50006168731EE268B1FA81F1B3FA83F3DDF8BC
:102B6000288049095B09B2F5006F41EA030165D18C
:102B700031B137F8021BC1602763E08E0138E0866F
:102B8000012518F1010032D102E000BFFEF7ECFF91
:102B9000E08E18B9E08F002800F0B88020688168C6
:102BA00089070CD5E18E51B1012D08D1216B00258B
:102BB00031F8022BC2602163E18E0139E186816820
:102BC000C907E3D0E18F0029E0D0C068A16B0125DF
:102BD00021F8020BA163E08F0138E087D6E700BF40
:102BE000FEF7C2FFA0EB0900404580F0A580E08E13
:102BF00018B9E08F002800F0898020688168890773
:102C00000CD5E18E51B1012D08D1216B002531F891
:102C1000022BC2602163E18E0139E1868168C90718
:102C2000DED0E18F0029DBD0C068A16B012521F83F
:102C3000020BA163E08F0138E087D1E739B1397821
:102C40000173206B01302063E08E0138E08601259E
:102C500018F1010032D101E0FEF786FFE08E10B9D5
:102C6000E08F002852D02068816889070ED5E18E58
:102C700061B1012D0AD1216B002509780173216B07
:102C8000206801312163E18E0139E1868168C9073D
:102C9000E2D0E18F0029DFD0C068A16B0125087068
:102CA000A06B0130A063E08F0138E087D4E700BF5C
:102CB000FEF75AFFA0EB090040453DD2E08E08B96F
:102CC000E08F18B32068816889070ED5E18E61B165
:102CD000012D0AD1216B002509780173216B206831
:102CE00001312163E18E0139E1868168C907DFD0B6
:102CF000E18F0029DCD0C068A16B01250870A06BB2
:102D00000130A063E08F0138E087D1E7204602213F
:102D100001224346CDF8009002F07CFAB0B1606D1C
:102D200040F02000606520206065002084F850009D
:102D3000012003B0BDE8F083012084F85100002099
:102D400084F85000032003B0BDE8F08340F2800017
:102D5000C2F20000006849F68171C1F25E61A0FB19
:102D60000101480D4FF47A71484302906068B0F554
:102D7000827F21D12046802100224346CDF8009059
:102D800002F048FA0028CAD1A06838B900200190A2
:102D90002068C1680191806801900198012084F841
:102DA0005100002084F85000606D002818BF0120F9
:102DB00003B0BDE8F08300BF02980028E4D0029879
:102DC00001380290206880680006DDD5029800284E
:102DD000DAD0029801380290206880680006D3D5C6
:102DE00002980028D0D002980138029020688068AC
:102DF0000006C9D502980028C6D002980138029072
:102E0000206880680006D7D4BEE700007047000045
:102E100070470000002804BF0120704710B5044629
:102E200090F83D0028B9002084F83C00204600F0CE
:102E30001FF8022084F83D002068211D02F012FBDB
:102E4000012084F8460084F83E0084F83F0084F8AE
:102E5000400084F8410084F8420084F8430084F87C
:102E6000440084F8450084F83D00002010BD0000B7
:102E700081B0006844F20041C4F20101884201D0EF
:102E800001B070470020009043F64400C4F20200F5
:102E9000016841F400310160006800F400300090E6
:102EA000009801B07047000090F83D1001291CBF48
:102EB00001207047022180F83D10006841F2FF7246
:102EC000C168C4F20002904241F00101C1600DDC12
:102ED00040F2FF71C4F20001884215DCB0F1804F6E
:102EE0002AD040F20041C4F2000123E040F2FF3159
:102EF000C4F20101884213DC41F60001C4F2000172
:102F0000884219D0002113E040F60001C4F200010C
:102F1000884211D040F60041C4F200010AE000BF2F
:102F200044F20001C4F20101884205D040F20041A0
:102F3000C4F20101884206D1816801F00701062927
:102F400004BF00207047016841F0010101600020CA
:102F5000704700007047000070B504460068C568FF
:102F60000669B10716D515F0020113D06FF0020102
:102F70000161012121778069800703D02046FFF796
:102F8000E9FF05E0204600F069F9204600F098F9D5
:102F900000202077700719D515F0040016D020689E
:102FA0006FF00401016102212177806910F4407FF4
:102FB00004D02046FFF7CEFF06E000BF204600F019
:102FC0004DF9204600F07CF900202077300717D516
:102FD00015F0080014D020686FF008010161042189
:102FE0002177C069800703D02046FFF7B3FF05E0D3
:102FF000204600F033F9204600F062F900202077E7
:10300000F00619D515F0100016D020686FF01001E9
:10301000016108212177C06910F4407F04D0204667
:10302000FFF798FF06E000BF204600F017F92046A2
:1030300000F046F900202077F00718BF15F00100D6
:1030400002D1300609D412E020686FF0010101615D
:10305000204600F037F9300609D515F0800006D07B
:1030600020686FF0800101612046FFF7CFFE7006F7
:1030700009D515F0400006D020686FF040010161CD
:10308000204600F027F9B00658BF70BD15F02000AB
:1030900008D021686FF0200220460A61BDE8704028
:1030A000FFF7B6BE70BD0000F0B590F83C30012BC4
:1030B00004BF0220F0BD4FEAB202032A00F2C8802A
:1030C000DFE802F00234689A0268136A166A23F095
:1030D000020326F001061662D2F804E0D2F818C006
:1030E0008D6840F2004642F48064C4F20106B442A6
:1030F00043EA050305D1CD6823F00C0325F0040550
:103100002B430D68B44207D1D1E905462EF4407E29
:1031100044EA0E0444EA060E2CF073062E43C2F86D
:1031200004E09661496851638BE000BF026840F299
:103130000045136A166A23F0200326F01006166273
:10314000D2F804E0D2F818C08E6842F48064C4F269
:103150000105AC4243EA061307D1CE686FF0400781
:1031600023F0C00307EA061633430E68AC4206D1CB
:10317000D1E905452EF44067254347EA850E2CF436
:10318000E64747EA0627C2F804E097614968916379
:1031900057E000BF026840F20045136A176A23F443
:1031A000007327F480771762D2F804E0D2F81CC0CD
:1031B0008E6842F48064C4F20105AC4243EA0623FF
:1031C00007D1CE6840F2FF47360223F44063BE4386
:1031D00033430E68AC4206D1D1E905452EF4405781
:1031E000254347EA051E2CF073073743C2F804E075
:1031F000D7614968D16324E0026840F20047D2F801
:1032000020C0136A42F4806623F48053136253682B
:10321000D4690D68D1F808E0C4F20107BE4204D1B8
:103220004E6923F4804343EA861324F4E64646EAD3
:1032300005265360D6612CF40057496847EA0E33DF
:10324000116400211362002280F83C200846F0BD82
:103250000121002280F83C200846F0BD70470000A4
:10326000002804BF0120704710B5044690F83D00C7
:1032700028B9002084F83C00204600F01FF8022006
:1032800084F83D002068211D02F0ECF8012084F84C
:10329000460084F83E0084F83F0084F8400084F83B
:1032A000410084F8420084F8430084F8440084F824
:1032B000450084F83D00002010BD0000704700006C
:1032C000704700000068B0F1804F18BF7047FEF7EC
:1032D0003DBF000070470000FEE700002DE9F04709
:1032E00082B0044600680E460168DDF828A041F46B
:1032F000806101600168DDF82C9041F480711D4609
:103300001746016020464FF0011100225346CDF8C8
:10331000009000F033F958B120680068C00544BF40
:103320004FF400702064032002B0BDE8F08700BFB6
:1033300040F202082068C0F2010806F0FE060661AD
:103340002046414652464B4600F002FA20B1012089
:1033500002B0BDE8F08700BF0020019020684A4617
:10336000416901918069514601900198204600F021
:10337000A7FA98B92068012D08D0390A01612046C2
:1033800051464A4600F09CFA40B92068F9B2016102
:10339000204651464A4600F093FA58B1206C042862
:1033A000D5D12068016841F400710160012002B0AC
:1033B000BDE8F087206800220168534641F480711F
:1033C000016020464FF00111CDF8009000F0D6F8D2
:1033D0000028A1D1206846F0010101612046414644
:1033E00052464B4600F0B4F9002818BF012002B045
:1033F000BDE8F0872DE9F04383B0044600680D4630
:1034000001680A9F0B9E41F48071994690460160C5
:1034100020464FF0011100223B46009600F0AEF826
:1034200050B120680068C00544BF4FF400702064AC
:10343000032003B0BDE8F083206805F0FE010161C0
:103440000221C0F2010120463A46334600F080F9DD
:1034500020B1012003B0BDE8F08300BF002002903E
:10346000206832464169029180693946029002988B
:10347000204600F025FA58B1206C0428E9D12068D4
:10348000016841F400710160012003B0BDE8F083E0
:103490002068B9F1010F0AD04FEA182101612046D6
:1034A0003946324600F00CFA0028E5D120685FFA70
:1034B00088F10161002003B0BDE8F08370B50368B6
:1034C000044653F8140F400711D40E46481C29D067
:1034D00086BB00BF1868400527D4FEF745FB23686C
:1034E00053F8140F400739D518684007F2D500206B
:1034F00070BD00BF18684007F9D41868400514D49F
:1035000018684007F3D4186840050ED418684007BF
:10351000EDD41868400508D4186840074FF0000043
:1035200048BF70BD18684005E4D56FF4806018602E
:10353000042014E0154603E053F8140F4007D6D4D6
:1035400018684005F1D4FEF70FFB401B2368B0421A
:10355000F2D958694007EFD4202000E02020002154
:103560002022216384F83D2084F83E10226C104311
:103570002064012084F83C1070BD00002DE9F0416A
:10358000054600681E46144601F47F0201338FB2DF
:1035900042D0DDF81880B2F5803F40F08780406966
:1035A0003840C01BB0FA80F04009A04240F0C8800B
:1035B0004EB924E040693840C01BB0FA80F04009A1
:1035C000A04240F0BD80FEF7CFFAA0EB08012868CA
:1035D000B142EFD941693940C91BB1FA81F14909BA
:1035E000A142E7D19BE000BF40693840C01BB0FA60
:1035F00080F04009A0424FF0000040F0A680FEF7A6
:10360000B3FA286841693940C91BB1FA81F1490907
:10361000A142E9D183E000BFB2F5803F24D100BFD1
:1036200041693940C91BB1FA81F14909A14240F011
:10363000878041693940C91BB1FA81F14909A1422A
:1036400040F07E8041693940C91BB1FA81F14909D6
:10365000A14275D141693940C91BB1FA81F14909CB
:10366000A142DDD06CE000BF81693940C91BB1FACD
:1036700081F14909A14263D181693940C91BB1FA7D
:1036800081F14909A1425BD181693940C91BB1FA75
:1036900081F14909A14253D181693940C91BB1FA6D
:1036A00081F14909A142DFD04AE000BF806938407A
:1036B000C01BB0FA80F04009A04241D146B923E0D6
:1036C00080693840C01BB0FA80F04009A0423BD16D
:1036D000FEF74AFAA0EB08012868B142F0D98169E7
:1036E0003940C91BB1FA81F14909A142E8D116E07C
:1036F00080693840C01BB0FA80F04009A0424FF00A
:10370000000018BFBDE8F081FEF72EFA2868816935
:103710003940C91BB1FA81F14909A142E8D1002021
:103720002021286385F83D1085F83E00296C41F082
:103730002001296485F83C000120BDE8F08100BF2C
:103740000020BDE8F08100BF0020BDE8F08100004E
:10375000F0B581B0044600681D4643698FB203EAA4
:103760000701B94202D1002001B0F0BD41691646FF
:10377000013201F4806125D0002940D1CEB100BFD3
:10378000FEF7F2F9411B2068B14203D94169394083
:10379000B9424BD141693940B942E4D04169490548
:1037A000EED52CE041693940B942DCD04169490588
:1037B00025D4FEF7D9F9206841693940B942F1D0E2
:1037C000202024E0D9B941693940B942CBD04169C0
:1037D000490514D441693940B942C4D04169490509
:1037E0000DD441693940B942BDD04169490506D47B
:1037F00041693940B942B6D041694905E3D501680C
:1038000041F4007101606FF4806141610420002186
:103810002022216384F83D2084F83E10226C10435E
:10382000206484F83C10012001B0F0BD2020EEE7B8
:1038300070B504460068154650F8143F5A063DD44A
:103840000E4629B926E000BF50F8141F490635D4AA
:103850000168C90621D4FEF787F9411B2068B142EF
:10386000F2D941694906EFD400202021206384F871
:103870003D1084F83E00206C40F0200018E000BFAE
:10388000FEF772F9206850F8141F4906ECD501685C
:10389000490613D40168C906F2D56FF01001016022
:1038A00000202021206384F83D1084F83E00206C25
:1038B0002064002084F83C00012070BD002070BD11
:1038C00070B50368044653F8140F000611D40E4671
:1038D000481C29D086BB00BF1868400527D4FEF7D6
:1038E00043F9236853F8140F000639D51868000609
:1038F000F2D5002070BD00BF18680006F9D4186822
:10390000400514D418680006F3D4186840050ED496
:1039100018680006EDD41868400508D41868000639
:103920004FF0000048BF70BD18684005E4D56FF443
:1039300080601860042014E0154603E053F8140F6B
:103940000006D6D418684005F1D4FEF70DF9401BE7
:103950002368B042F2D958690006EFD4202000E075
:10396000202000212022216384F83D2084F83E108D
:10397000226C10432064012084F83C1070BD0000CC
:1039800088B0072003F030F8FCF720FE58B100BFE4
:10399000642003F029F8FCF719FE0028F8D102E0B2
:1039A000642003F021F802F0C7FE0028F8D140F2AD
:1039B000C42BC2F2000B0BF114000BF104010BF14C
:1039C00010020490CDE90221FCF718FE02F0E0FCA1
:1039D00040F2587049F26C429FED400ADFED400A18
:1039E000C2F20000C0F60002002100F04BFD40F2E0
:1039F000682740F2F415C2F20007C2F2000507F191
:103A00003C0405F1680905F1440120464A4604F0EA
:103A100089FD95ED110A95ED121A95ED132A0020F6
:103A200087ED000A87ED011A87ED022A85ED030A6A
:103A300085ED041A85ED052A03F012F803F028FF3E
:103A4000A86140F27060C2F200001021C161FEF76F
:103A500049FF002818BFFDF777F940F22006C2F2AF
:103A60000006301D05F12401082201F027FB01208A
:103A7000287141F65320C3F6CD2046F27A514DF21B
:103A8000E5220BF13803CBF62C21C3F65F2207C3E6
:103A900002F0DCFE05F15000079005F1580040F2FD
:103AA0008C089FEDEBAA9FEDEBBA9FEDEBCA9FED63
:103AB000EB8A069005F154009FEDE9DA9FEDE9EA03
:103AC0009FEDE19A9FEDE1FA05F1380AC2F2000894
:103AD000059005F11E00019000942FE100A08C4597
:103AE0000080894541F2873002F0D8FD9BED057AD0
:103AF000DBED061AD6ED062AD6ED073ADBED070A0E
:103B0000D6ED084A61EEA33A67EE222A72EEA32AA6
:103B100060EEA43A9BED013A9BED025AD6ED0F5AA6
:103B200073EEA22AD6ED103A9BED034AD6ED114A68
:103B3000C5ED0E2A65EE232A63EE253A97ED096A54
:103B400073EEA22A64EE243A73EEA22A97ED140AC9
:103B500097ED152A36EE226AD8ED002AD8ED013A03
:103B600097ED161AD8ED024A62EE233A60EE222A49
:103B700072EEA32A61EE243AD7ED0C4A73EEA22A24
:103B800074EEA22AC5ED1A2AD6ED092AD6ED0A3A14
:103B9000D6ED0B4A61EEA33A67EE222A72EEA32A13
:103BA00060EEA44AD6ED123A74EEA22AD6ED134A7C
:103BB000C5ED0F2A65EE242A63EE233A73EEA22A9E
:103BC000D6ED143AD8ED035A64EE233AD7ED0A4AFB
:103BD00073EEA22AD8ED043A74EEA22A62EE233ADA
:103BE00060EE254A74EEA33AD8ED054AD7ED0D5A9A
:103BF00061EE244A74EEA33A75EEA33AC5ED1B3A82
:103C0000D6ED0D3AD6ED0C4A61EEA31AD6ED0E3A7A
:103C100027EE247A37EE217A60EEA30A30EE877A17
:103C200085ED107A96ED167AD6ED150A25EE075A2F
:103C300096ED177A23EE203A33EE053A24EE074A42
:103C400097ED0B5A34EE033A98ED074A35EE033AF6
:103C500098ED065A22EE042A98ED084A20EE050A4D
:103C600030EE020A21EE041A97ED0E2A31EE000A18
:103C700032EE000A85ED1C0A97ED000A95ED031A55
:103C800085ED030A21EE0A1A20EE0B0A30EE010A36
:103C900026EE0C1A31EE000A87ED000A97ED010AB4
:103CA00095ED041A85ED040A21EE0A1A20EE0B0A9E
:103CB00030EE010A22EE8C1A31EE000A87ED010A7D
:103CC00097ED020A95ED051A85ED050A21EE0A1A0F
:103CD00020EE0B0A30EE010A23EE0C1A31EE000A38
:103CE00087ED020A2046B0EE480A51463A464B4656
:103CF00085ED116AC5ED122A85ED133A04F060FDD9
:103D00000799DDE90532204605F070FA95ED140AB1
:103D100095ED151A95ED162A20EE0D0A21EE0D1AD5
:103D200022EE0D2A80EE0E0A81EE0E1A82EE0E2A87
:103D300085ED170A85ED181A85ED192A01204FF037
:103D4000FF3103F07DF90128F8D12878400720D50C
:103D5000287800F0FB01284600F8251B0499FCF7A1
:103D60000DFC9BED050A9BED061A9BED072A9BEDCA
:103D70000E3A9BED0F4A9BED105A30EE430A31EE9E
:103D8000441A32EE452A8BED050A8BED061A8BEDAF
:103D9000072A687840070AD568780BF1200200F0FE
:103DA000FB006870039905F12E00FCF7A7FBA878CB
:103DB00040077FF59BAEA87800F0FB00A870DDE916
:103DC0000101FCF703FDE8799BED040A012821D1EC
:103DD0005446CA4640F25879C2F200094846F0EE0D
:103DE000490A00F091FA99ED080AB5EE400AF1EEA1
:103DF00010FA07DA40F25870C2F200000021B0EE6B
:103E00004F0A0162BDEEC00AD146A246009C10EEE8
:103E1000100A69E6B4EE490AF1EE10FA7FF762AED5
:103E2000A8790130C1B2C929A871FFF45BAE0120A5
:103E3000E87140F2587044F20001C2F20000C4F28E
:103E40001C5181624EE600BF0000344200000000B9
:103E50005D896EBF5AF8F63FD5A9183B6F12833AB9
:103E600000003443DB0F494080B540F20C5046F26D
:103E70000041C2F20000C4F200010322002380E8E6
:103E80000E0000F10C014FF4102C4FF4001E81E8DD
:103E9000085083618383FDF703FA002808BF80BDC3
:103EA000BDE88040FCF750BF80B540F2345046F684
:103EB0000001C2F20000C4F200010322002380E8E6
:103EC0000E0000F10C014FF4102C4FF4001E81E89D
:103ED000085083618383FDF7E3F9002808BF80BDA4
:103EE000BDE88040FCF730BF80B582B00020019073
:103EF00043F63000C4F202000168002241F4800160
:103F000001600068052100F48000019001983A20CA
:103F1000FEF7D8F93A20FEF7C1F93B20052100222F
:103F2000FEF7D0F93B2002B0BDE88040FEF7B6B9FD
:103F300070B596B01C480DF1400E0F901AA000F11C
:103F4000040C9CE81E1080698EE81E1015900FA8C6
:103F5000002102F057FD40F21816C2F2000619497E
:103F6000306018A0051D08913ECD80690DF1240C2C
:103F70008CE83E000E9008A8002102F043FD18498D
:103F8000706017A0051D01912ECDD0E905400DF1FF
:103F9000080C8CE82E00CDE9064001A8002102F0B3
:103FA00031FDB06016B070BD859C000865530008F7
:103FB0000000000000000000800000000000000081
:103FC000000000007C9C000881390008030000000C
:103FD0000000000080000000000000000000000061
:103FE000919C0008A9550008000000000000000096
:103FF0008000000000000000000000002DE9F04FEC
:1040000087B0002743F6300006970197C4F20200FC
:10401000016841F6000A41F0020101600168C4F242
:10402000020A01F002010191019901970168002241
:1040300041F00101016001684FF4825601F0010175
:10404000019101990197016841F040010160016807
:1040500001F04001019101990197016841F00801C7
:104060000160016801F0080101910199019701685F
:1040700041F004010160016801F00401019101991E
:104080000197016841F08001016000684FF482519E
:1040900000F08000019001985046FDF75FFD0AF5A1
:1040A000806528464FF4E0510022FDF757FDAAF540
:1040B000C0594846102101220124FDF74FFDAAF501
:1040C000A050012101220090FDF748FDCDE90264D6
:1040D00002AE50463146CDE90477FDF76BFC4FF454
:1040E000C050CDE9020403204FF0020B0590284692
:1040F0003146CDF810B0FDF75DFC082002904FF47A
:10410000881850463146CDE90387FDF753FC4FF43C
:10411000806002A981E8110828463146CDF814B024
:10412000FDF748FC1020CDE9020448463146CDE9B0
:10413000044BFDF73FFC3020CDE90208AAF5805082
:1041400031460494FDF736FC50463146CDE902482D
:104150000494FDF72FFC00983146CDE90244CDE9E7
:10416000044BFDF727FC062005210022FEF7AAF8E4
:104170000620FEF793F8092005210022FEF7A2F899
:104180000920FEF78BF80A2005210022FEF79AF895
:104190000A20FEF783F8172005210022FEF792F887
:1041A0001720FEF77BF807B0BDE8F08F80B540F22E
:1041B0001C6045F60041C2F20000C4F2000141F665
:1041C000802200234FF4804CC0F2060280E80E00EB
:1041D000C0E9033CC0E90533C0E90733FDF7CAFC79
:1041E000002808BF80BDBDE88040FCF7ADBD0000E1
:1041F000B0B540F2706043F20001C2F20000C4F2B8
:1042000001014FF48272002380E80E0000F10C01DE
:104210004FF0020C4FF0010E4FF40074382581E886
:1042200008500A21C0E90645C0E90833C0E90A314F
:10423000FEF758FB002808BFB0BDBDE8B040FCF752
:1042400083BD0000B0B58CB044F2004540F2C860B8
:10425000C4F201050021C2F200004FF6FF72CDE961
:104260000511CDE90311C0E90051C0E90212016155
:104270008161FEF7CFFD002818BFFCF765FD40F215
:10428000C860C2F20000FEF7EBFF002818BFFCF781
:104290005BFD40F2C8640020C2F20004CDE90000DA
:1042A00002900490694620460022FEF7FDFE002899
:1042B00018BFFCF749FD2068A84201D00CB0B0BD82
:1042C000002043F630010790C4F202010A6842F070
:1042D00002020A60096801F00201079107994FF490
:1042E000807107910221CDE908100A9003200B90FC
:1042F00005F5404007A9FDF75DFB0CB0B0BD00001F
:10430000FEE70000FEE70000002857D0017890ED9E
:104310000F1A90ED102A80ED070A30EEC00A00292E
:10432000C0ED060A80ED0F0A80ED101A80ED112A0B
:1043300048D0012940F09C8090ED015A90ED026A2E
:1043400030EE414A31EE011A90ED037A24EE054A2F
:1043500020EE065A30EE410A32EE000AD0E90C1285
:1043600080ED0C0A20EE070A34EE051A90ED082ABB
:1043700090ED043A80ED0B0A31EE000A32EE000AAD
:10438000B4EE430AF1EE10FA80ED094A80ED0A5AC4
:10439000C0E90D1280ED080AC2BF80ED083AB0EE08
:1043A000430A7047B1EE431AB4EE410AF1EE10FA37
:1043B000BCBF80ED081AB0EE410A70479FED2E0A8F
:1043C000704700BF90ED024A90ED012A90ED0A6A15
:1043D00024EE004A20EE022A34EE064A90ED0C6AE2
:1043E00030EE410A9FED251A416B80ED0D6A26EEF5
:1043F000011A9FED236A90ED053A90ED035A20EEE5
:10440000060A30EE010AB4EE434A80ED0C0A20EEB3
:10441000050AF1EE10FA80ED092A80ED0A4A81635F
:1044200080ED0B0A06DCB1EE433AB4EE434AF1EEFE
:1044300010FA03DAB0EE434A80ED0A3A32EE042A6B
:1044400090ED041A30EE020AB4EE410AF1EE10FAD1
:1044500080ED080A07DCB1EE411AB4EE410AF1EE34
:1044600010FAA8BF7047B0EE410A80ED081A7047F5
:1044700090ED080A704700BF0000000052B87E3F70
:104480000AD7A33B002818BF002A01D1704700BFFC
:1044900080B501701168416051688160916880ED5C
:1044A000040AC160C0ED050A20302821FBF773FF24
:1044B00080BD0000000000000000000000000000BF
:1044C000EFF30980BFF36F8F154B1A681EF0100FC2
:1044D00008BF20ED108A20E9F04F10602DE9090097
:1044E0004FF0500080F31188BFF34F8FBFF36F8FF1
:1044F00003F068F84FF0000080F31188BDE8090070
:1045000019680868B0E8F04F1EF0100F08BFB0EC53
:10451000108A80F30988BFF36F8F704700BF00BF18
:10452000240100202DE9F04F81B040F25C53C2F22B
:104530000003D3F800C08046DCF8003023F001030C
:10454000CCF8003040F2BC53C2F200031B681F6875
:1045500027F001071F60DCF80070FF073ED0DCF891
:10456000000020F00100CCF80000DCF80000C007DB
:1045700034D0DCF8000020F00100CCF80000DCF8BA
:104580000000C0071FBFDCF8000020F00100CCF8DD
:104590000000DCF8000018BF5FEAC0701ED0DCF835
:1045A000000020F00100CCF80000DCF80000C0079B
:1045B000D5D113E0186820F0010018601868C00712
:1045C0001FBF186820F001001860186818BF5FEA64
:1045D000C0700FD0186820F0010018601868C0077C
:1045E0001FBF186820F001001860186818BF5FEA44
:1045F000C070DFD140F27064C2F20004E06C46F299
:104600000C49C4F20209056846F2080E09F14C0B88
:1046100046F28847C4F2020E5D45C4F2020717D97C
:10462000BD4200F0AD8046F27040C4F20200854207
:1046300040F0D8802020C9F800001020C9F8000000
:104640000820C9F800000420C9F800000120A8E0F3
:104650000EF1B0008542009152D946F21046C4F2E4
:10466000020646F2284A46F24044B542C4F2020A23
:10467000C4F20204414600F08B82554500F03681B9
:10468000A5420CBF4FF400184FF00068B542CEF8B9
:10469000008400F032815545884600F03781A542FC
:1046A0000CBF4FF480104FF08060B542CEF800048C
:1046B00000F03381554500F03781A5420CBF4FF41F
:1046C00000204FF00070B542CEF8000400F03381B6
:1046D000554500F03781A5420CBF4FF480204FF0C4
:1046E0008070B542CEF8000400F03381554500F0EB
:1046F0003381A5420CBF4FF480304FF480002CE191
:104700000EF1500646F2100146F2700AB542C4F2AC
:104710000201C4F2020A40F2D380554500F04882FB
:1047200046F28800C4F20200854200F0498246F257
:10473000A000C4F2020085420CBF4FF400104FF0FD
:104740000060CEF80400B54200F25B828D4200F0BA
:104750003F8246F22800C4F20200854200F0408207
:1047600046F24000C4F2020085420CBF4FF48010B4
:104770004FF08060CEF80000B54240F2208359E24D
:104780004FF40060C9F800004FF48060C9F80000E1
:104790004FF40070C9F800004FF48070C9F80000B1
:1047A0004020C9F80000A06C06685E4540F2E58034
:1047B000BE4245D046F27040C4F20200864255D156
:1047C0002020C9F800001020C9F800000820C9F80E
:1047D00000000420C9F800000120C9F8000000F022
:1047E00058BC00BF09F194004FF00066854208BF35
:1047F0004FF40016C9F800604FF0806608BF4FF410
:104800008016C9F800604FF00076854208BF4FF46B
:104810000026C9F800604FF0807608BF4FF480266C
:10482000C9F800604FF48006854208BF4FF4803617
:10483000C9F80060A06C06685E4540F29E80B7E74C
:104840004FF40060C9F800004FF48060C9F8000020
:104850004FF40070C9F800004FF48070C9F80000F0
:104860004020C9F8000000F014BC00BF09F194001A
:104870004FF00067864208BF4FF40017C9F8007078
:104880004FF0806708BF4FF48017C9F800704FF0F1
:104890000077864208BF4FF40027C9F800704FF038
:1048A000807708BF4FF48027C9F800704FF4800765
:1048B000864208BF4FF48037C9F8007000F0E9BBAA
:1048C0008D4200F0958146F22800C4F20200854234
:1048D00000F0908146F24000C4F2020085420CBF15
:1048E0004FF400104FF0006086E100BF4FF4006805
:1048F000B542CEF800847FF4CEAE10208846B54293
:10490000CEF800047FF4D6AE07E000BF4FF480601D
:10491000B542CEF800047FF4CDAE0820B542CEF803
:1049200000047FF4D5AE06E04FF40070B542CEF837
:1049300000047FF4CDAE0420B542CEF800047FF42D
:10494000D5AE06E04FF48070B542CEF800047FF497
:10495000CDAE012001E000BF4020009946F288471B
:1049600040F27064C4F20207C2F20004CEF8000400
:10497000A06C06685E453FF61BAF0EF1B0008642A4
:1049800072D946F21044C4F20204A64200F0088133
:1049900046F22840C4F20200864200F0BF8046F290
:1049A0004040C4F2020086420CBF4FF400104FF0AA
:1049B0000060A642CEF8000400F0B78046F228401E
:1049C000C4F20200864200F0B78046F24040C4F2D2
:1049D000020086420CBF4FF480104FF08060A64268
:1049E000CEF8000400F0AF8046F22840C4F2020086
:1049F000864200F0AF8046F24040C4F20200864298
:104A00000CBF4FF400204FF00070A642CEF8000417
:104A100000F0A78046F22840C4F20200864200F06F
:104A2000A78046F24040C4F2020086420CBF4FF419
:104A300080204FF08070A642CEF8000400F09F80E6
:104A400046F22840C4F20200864200F09D8046F201
:104A50004040C4F2020086420CBF4FF480304FF455
:104A60008000CEF8000414E30EF15004A6423BD9B6
:104A700046F27000C4F20200864200F00F8146F256
:104A80008800C4F20200864200F0108146F2A000C5
:104A9000C4F2020086420CBF4FF400104FF00060D9
:104AA000CEF80400A64200F2228146F21000C4F2C1
:104AB0000200864200F0028146F22800C4F20200A1
:104AC000864200F0038146F24000C4F202008642B2
:104AD0000CBF4FF480104FF08060CEF80000A6426B
:104AE00040F2AD8120E100BF46F21000C4F20200A6
:104AF000864200F0F38046F22800C4F202008642AB
:104B000000F0EE8046F24000C4F2020086420CBF84
:104B10004FF400104FF00060E4E000BF4FF400607D
:104B2000A642CEF800047FF449AF1020A642CEF88A
:104B300000047FF459AF06E04FF48060A642CEF83F
:104B400000047FF451AF0820A642CEF800047FF4A1
:104B500061AF06E04FF40070A642CEF800047FF487
:104B600059AF0420A642CEF800047FF469AF06E0F6
:104B70004FF48070A642CEF800047FF461AF0120AC
:104B8000CEF8000485E200BF4020CEF8000480E2A9
:104B90004FF02008B542CEF800847FF47CADACE63F
:104BA0002020A642CEF800047FF408AFBDE700BF86
:104BB0002020CEF80400B5427FF6C8AD21E000BF4A
:104BC0004FF40060CEF80400B5421AD8BEE500BF2D
:104BD0001020CEF80000B54240F2F1802AE000BF7C
:104BE0004FF48060CEF80000B54240F2E88021E04A
:104BF000202001E04FF40060CEF80000B5427FF6BF
:104C0000A5AD554500F0CC8046F28800C4F2020004
:104C1000854200F0CD8046F2A000C4F20200854239
:104C20000CBF4FF480104FF08060CEF80400B54206
:104C300040F2C580554500F0D58046F28800C4F2A8
:104C40000200854200F0D48046F2A000C4F20200C7
:104C500085420CBF4FF400204FF00070CEF80400E6
:104C6000B54200F22A818D4200F0CA8046F2280047
:104C7000C4F20200854200F0CB8046F24000C4F24C
:104C8000020085420CBF4FF480204FF08070CEF8B8
:104C90000000B54240F28C8125E100BF2020CEF813
:104CA0000400A6427FF601AF21E000BF4FF4006090
:104CB000CEF80400A6421AD8F7E600BF1020CEF8BE
:104CC0000000A64240F2BB802EE000BF4FF480609F
:104CD000CEF80000A64240F2B28025E0202001E09C
:104CE0004FF40060CEF80000A6427FF6DEAE46F23A
:104CF0007000C4F20200864200F0928046F2880002
:104D0000C4F20200864200F0938046F2A000C4F292
:104D1000020086420CBF4FF480104FF08060CEF846
:104D20000400A64240F28B8046F27000C4F20200FA
:104D3000864200F09B8046F28800C4F20200864260
:104D400000F09A8046F2A000C4F2020086420CBF36
:104D50004FF400204FF00070CEF80400A64200F29D
:104D6000E88046F21000C4F20200864200F08C8017
:104D700046F22800C4F20200864200F08D8046F21E
:104D80004000C4F2020086420CBF4FF480204FF076
:104D90008070CEF80000A64240F24081E3E000BF00
:104DA0001020CEF80400B5423FF644AF07E000BF44
:104DB0004FF48060CEF80400B5423FF63BAF8D4221
:104DC00072D046F22800C4F2020085426ED046F24C
:104DD0004000C4F2020085420CBF4FF400204FF0A7
:104DE000007065E00820CEF80400B54265D83AE7C7
:104DF0004FF40070CEF80400B5427FF634AF5CE0AB
:104E00000420CEF80000B54240F2D2806BE000BF33
:104E10004FF48070CEF80000B54240F2C98062E0E5
:104E20001020CEF80400A6423FF67EAF07E000BF98
:104E30004FF48060CEF80400A6423FF675AF46F20C
:104E40001000C4F2020086426AD046F22800C4F282
:104E50000200864266D046F24000C4F2020086425A
:104E60000CBF4FF400204FF000705DE00820CEF83A
:104E70000400A6425DD874E74FF40070CEF8040039
:104E8000A6427FF66EAF54E00420CEF80000A642A2
:104E900040F2C48067E000BF4FF48070CEF800009D
:104EA000A64240F2BB805EE0082001E04FF40070B3
:104EB000CEF80000B5427FF6D6AE55456CD046F22E
:104EC0008800C4F2020085426CD046F2A000C4F211
:104ED000020085420CBF4FF480204FF08070CEF866
:104EE0000400B54264D946F2884740F270645545E3
:104EF000C4F20207C2F2000476D046F28800C4F27F
:104F000002000099854273D046F2A000C4F202006C
:104F100085420CBF4FF480304FF4800069E000BF41
:104F2000082001E04FF40070CEF80000A6427FF6A2
:104F300018AF46F27000C4F20200864262D046F218
:104F40008800C4F20200864262D046F2A000C4F299
:104F5000020086420CBF4FF480204FF08070CEF8E4
:104F60000400A6425AD946F27000C4F202008642FA
:104F70006CD046F28800C4F2020086426AD046F243
:104F8000A000C4F2020086420CBF4FF480304FF400
:104F90008000CEF804007CE00420CEF80400B54286
:104FA000A1D805E04FF48070CEF80400B5429AD83D
:104FB0008D4253D046F22800C4F20200009946F216
:104FC000884740F270648542C4F20207C2F20004CE
:104FD00050D046F24000C4F2020085420CBF4FF4AC
:104FE00080304FF4800046E00120009901E000BFCE
:104FF0004020CEF80400A06C06685E453FF6D8ABB2
:10500000BBE400BF0420CEF80400A642ABD805E004
:105010004FF48070CEF80400A642A4D846F21000E7
:10502000C4F2020086422FD046F22800C4F20200E9
:1050300086422BD046F24000C4F2020086420CBFEA
:105040004FF480304FF4800021E000BF0120CEF803
:1050500004001EE04020CEF804001AE0009946F259
:10506000884740F270640120C4F20207C2F20004D3
:1050700001E000BF4020CEF80000A06C06685E454D
:105080007FF67BACFFF794BB012000E04020CEF818
:105090000000CCF80C10C3F80C80CCF804205A6047
:1050A000DCF8000040F00100CCF80000186840F087
:1050B0000100186001B0BDE8F08F0000B0B540F20B
:1050C0007063C2F200031B685D6845F002055D6015
:1050D0005D6845F001055D601D6845F040051D6097
:1050E00040F25C53C2F200031B681D6825F0010505
:1050F0001D601D68ED0716D01D6825F001051D60B7
:105100001D68ED071FBF1D6825F001051D601D68A6
:1051100018BF5FEAC57506D01D6825F001051D6042
:105120001D68ED07E1D146F20C4CC4F2020C0CF103
:105130004C0446F2080EA342C4F2020E04D94FF406
:105140000015CCF8005013E00EF1B005AB4205D9C4
:105150004FF40015CEF800540AE000BF0EF15005E0
:10516000AB424FF4001594BFCEF80050CEF8045077
:1051700043F20C05C4F201059D60D9605A601968BC
:1051800041F01001196040F2BC51C2F200010968FF
:105190000B6823F001030B600B68DB0716D00B686C
:1051A00023F001030B600B68DB071FBF0B6823F0C4
:1051B00001030B600B6818BF5FEAC37306D00B686E
:1051C00023F001030B600B68DB07E1D1A14207D993
:1051D0004FF00063CCF800308D60C8604A60B0BD0D
:1051E0000EF1B003994207D94FF00063CEF80034B6
:1051F0008D60C8604A60B0BD0EF1500399424FF017
:10520000006394BFCEF80030CEF804308D60C860E3
:105210004A60B0BD2DE9F04381B0089C9846154620
:105220000E468146FCF7A0FC201A00EB0804FCF7B0
:105230009BFC40F28001C2F200010968C1F3CB314E
:1052400061430091D9F800108A683240921BB2FA8B
:1052500082F25209AA4203D1002001B0BDE8F083D6
:10526000074618F101000ED130E000BF0098013868
:105270000090D9F8000080683040801BB0FA80F0C0
:105280004009A842E8D0FCF76FFCC01BA04227D21F
:1052900000980028EAD10024EBE700BF886830407E
:1052A000801BB0FA80F04009A842D5D08868304011
:1052B000801BB0FA80F04009A842CDD08868304009
:1052C000801BB0FA80F04009A842C5D08868304001
:1052D000801BB0FA80F04009A842DFD1BCE700BFD4
:1052E000D9E900014268B1F5827F22F0E002426014
:1052F0000BD1D9F80810B1F5004F02D0B1F5806F8D
:1053000003D1016821F040010160D9F82810B1F5FE
:10531000005F07D1016821F400510160016841F488
:1053200000510160012089F85100002089F85000E7
:10533000032001B0BDE8F083000000000000000081
:10534000074B19680868B0E8F04F80F30988BFF38D
:105350006F8F4FF0000080F31188704700BF00BFCF
:1053600024010020012001F03FFBFBE780B54FF056
:10537000500080F31188BFF36F8FBFF34F8F02F09F
:10538000CBFF30B14EF60450CEF200004FF080510A
:105390000160002080F3118880BD0000B0B592B09C
:1053A000002443F64000CDE90A44CDE908440594C1
:1053B000CDE90344CDE901440094C4F20200016840
:1053C000022541F080510160006800F0805000909B
:1053D000009847F200000094C4F20000016841F414
:1053E00080410160006800F4804000900098012036
:1053F00006904FF4803007904FF480000D90062007
:105400000E90A820CDE90F050420119006A80C9558
:10541000FDF7AEF810B172B6FEE700BF0F20CDE980
:1054200001054FF4A05004904FF48050059001A85E
:1054300005210394FCF782FF10B172B6FEE700BFAE
:1054400012B0B0BD4EF68850CEF20000016841F4B3
:10545000700101607047000040F21070C2F200005D
:10546000FDF77ABDB0B540F6FF3E0568C4F2000E08
:1054700040F2004C7045C4F2010C27DCB0F1804FC3
:1054800031D040F20043C4F2000398422BD040F6E2
:105490000003C4F20003984225D041F6FF73C4F222
:1054A000000398422ADC70453CDCB0F1804F5FD0AD
:1054B00040F20043C4F20003984259D040F6000382
:1054C000C4F20003984253D057E000BF40F60043B7
:1054D000C4F20003984206D0604504D00023C4F211
:1054E00001039842D9D14B6825F0700243EA0205C6
:1054F00041F6FF73C4F200039842D4DD43F6FF7314
:10550000C4F20103984221DC42F20003C4F200031A
:1055100098422DD00023C4F20103984228D0604560
:1055200026D02AE040F60043C4F2000398421FD080
:1055300041F60003C4F20003984219D041F600433B
:10554000C4F20003984213D017E000BF44F20003F6
:10555000C4F2010398420BD044F60003C4F20103E5
:10556000984205D044F20043C4F20103984204D1AA
:10557000CB6825F4407243EA02050A688C684B69DF
:10558000C46240F480648262644504BF09690163B7
:10559000026825F0800142F00402194302600122F2
:1055A00042610160B0BD000040F2085540F284063F
:1055B00040F250279FED168A9FED169A40F2345420
:1055C000C2F20005C2F20006C2F20007C2F20004F5
:1055D00000F0D8FE316897ED000AD7ED020A286086
:1055E0002046FBF71FF92868716890ED000A90EDDE
:1055F000011A20EE080A21EE081A80EE090AC1EE0F
:10560000090A2046FBF70EF9052001F0B9FEDFE795
:1056100000003443DB0F4940FEE700009FED211AF4
:105620009FED212A20EE010AB5EE001A30EE010AA4
:10563000BDEEC01A11EE100AB5EE400AF1EE10FAF6
:10564000B8BF013801EE100AB8EEC11A30EE410AB7
:1056500020EE020ABDEEC01A9FED142A11EE100AC8
:10566000410A30EE021A49F278411CBF0020B0EE28
:10567000410AC0F6000101EE100A01EB8001B8EE0C
:10568000411A30EE410A91ED001A91ED012AB7EE70
:10569000003A33EE403A20EE020A23EE011A31EED0
:1056A000000A704783F9223E00000044000000C455
:1056B0009FED1F1A9FED1F2A20EE010ABDEEC01AB2
:1056C00011EE100AB5EE400AF1EE10FAB8BF01383B
:1056D00001EE100AB8EEC11A30EE410A20EE020ABD
:1056E000BDEEC01A9FED142A11EE100A410A30EEE9
:1056F000021A49F278411CBF0020B0EE410AC0F600
:10570000000101EE100A01EB8001B8EE411A30EE03
:10571000410A91ED001A91ED012AB7EE003A33EEFD
:10572000403A20EE020A23EE011A31EE000A7047D9
:1057300083F9223E00000044000000C480B582B01E
:1057400000208DF80700FAF7BFFE8020FBF726F84F
:105750005520FBF723F85520FBF720F88DF80700BC
:10576000FAF7AAFE9620FAF707FFFAF7ADFE8020B7
:10577000FBF714F85520FBF711F85520FBF70EF84E
:105780008DF80700FAF798FE9620FAF7F5FEFAF77B
:105790009BFE7E20FBF702F8B620FAF7FFFFFAF730
:1057A0008BFE5020FAF7E6FEFAF78EFE8020FAF71D
:1057B000F5FF5520FAF7F2FF5520FAF7EFFF8DF8C5
:1057C0000700FAF779FE9620FAF7D6FEFAF77CFE84
:1057D0008020FAF7E3FF5520FAF7E0FF5520FAF7AB
:1057E000DDFF8DF80700FAF767FE9620FAF7C4FE92
:1057F0009DF807001E2847D1FAF766FE7D20FAF7CC
:10580000CDFF0420FAF7CAFFFAF756FE9620FAF702
:10581000B3FEFAF759FEFD20FAF7C0FF5520FAF75C
:10582000BDFF5520FAF7BAFF8DF80700FAF744FEDE
:105830009620FAF7A1FE9DF80700042828D1FAF770
:1058400043FE7C20FAF7AAFF0020FAF7A7FFFAF739
:1058500033FE9620FAF790FEFAF736FEFC20FAF7B0
:105860009DFF5520FAF79AFF5520FAF797FF8DF81C
:105870000700FAF721FE9620FAF77EFE9DF8070052
:1058800090B1012005E000BFFF2002B080BD00BF45
:10589000002049F6994100EB4000C0F600010844A1
:1058A000807802B080BD00BFFAF70EFE4020FAF704
:1058B00075FFAB20FAF772FFFAF7FEFD9620FAF7B4
:1058C0005BFEFAF701FEC020FAF768FF5520FAF7F1
:1058D00065FF5520FAF762FF8DF80700FAF7ECFD37
:1058E0009620FAF749FE9DF80700AB2824D1FAF775
:1058F000EBFD4120FAF752FF0020FAF74FFFFAF7CD
:10590000DBFD9620FAF738FEFAF7DEFDC120FAF744
:1059100045FF5520FAF742FF5520FAF73FFF8DF873
:105920000700FAF7C9FD9620FAF726FE9DF8070052
:1059300020B10320ADE700BF0220AAE7FAF7C4FDBB
:105940005320FAF72BFF0820FAF728FFFAF7B4FDE7
:105950009620FAF711FEFAF7B7FDD320FAF71EFFEB
:105960005520FAF71BFF5520FAF718FF8DF80700AE
:10597000FAF7A2FD9620FAF7FFFD9DF80700082828
:1059800026D1FAF7A1FD5820FAF708FF0420FAF70C
:1059900005FFFAF791FD9620FAF7EEFDFAF794FD70
:1059A000D820FAF7FBFE5520FAF7F8FE5520FAF753
:1059B000F5FE8DF80700FAF77FFD9620FAF7DCFD7B
:1059C0009DF80700042805D1002002B080BD00BF6B
:1059D00004205EE705205CE72DE9F04F87B000204A
:1059E0008DF81B00FAF770FD8020FAF7D7FE5520DE
:1059F000FAF7D4FE5520FAF7D1FE8DF81B00FAF71E
:105A00005BFD9620FAF7B8FDFAF75EFD8020FAF705
:105A1000C5FE5520FAF7C2FE5520FAF7BFFE8DF8F5
:105A20001B00FAF749FD9620FAF7A6FDFAF74CFDA0
:105A30007E20FAF7B3FEB620FAF7B0FEFAF73CFD87
:105A40005020FAF797FDFAF73FFD8020FAF7A6FEFF
:105A50005520FAF7A3FE5520FAF7A0FE8DF81B009B
:105A6000FAF72AFD9620FAF787FDFAF72DFD802038
:105A7000FAF794FE5520FAF791FE5520FAF78EFEBC
:105A80008DF81B00FAF718FD9620FAF775FD9DF8C2
:105A90001B001E2840F09680FAF716FD4020FAF70A
:105AA0007DFEAC20FAF77AFEFAF706FD9620FAF7AB
:105AB00063FDFAF709FDC020FAF770FE5520FAF7EA
:105AC0006DFE5520FAF76AFE8DF81B00FAF7F4FC1C
:105AD0009620FAF751FD9DF81B00AC2876D1502096
:105AE000FAF748FDFAF7F0FC7D20FAF757FE04209C
:105AF000FAF754FEFAF7E0FC9620FAF73DFDFAF7C4
:105B0000E3FCFD20FAF74AFE5520FAF747FE552040
:105B1000FAF744FE8DF81B00FAF7CEFC9620FAF750
:105B20002BFD9DF81B00042852D15020FAF722FDCE
:105B3000FAF7CAFC4120FAF731FE0320FAF72EFEED
:105B4000FAF7BAFC9620FAF717FDFAF7BDFCC12068
:105B5000FAF724FE5520FAF721FE5520FAF71EFE2B
:105B60008DF81B00FAF7A8FC9620FAF705FD9DF8C2
:105B70001B0003282ED15020FAF7FCFCFAF7A4FCF6
:105B80007C20FAF70BFE0020FAF708FEFAF794FCE7
:105B90009620FAF7F1FCFAF797FCFC20FAF7FEFDE5
:105BA0005520FAF7FBFD5520FAF7F8FD8DF81B009C
:105BB000FAF782FC9620FAF7DFFC9DF81B00A8B1EB
:105BC000032008E0FF2007B0BDE8F08F002002E0CE
:105BD000012000E0022049F2504100EB4000C0F6F5
:105BE00000010844807807B0BDE8F08F5020FAF734
:105BF000C1FCFAF769FC6D20FAF7D0FD0D20FAF729
:105C0000CDFDFAF759FC9620FAF7B6FCFAF75CFCE2
:105C1000ED20FAF7C3FD5520FAF7C0FD5520FAF73D
:105C2000BDFD8DF81B00FAF747FC9620FAF7A4FC9F
:105C30009DF81B000D2840F097805020FAF79AFC41
:105C4000FAF742FC9220FAF7A9FD9220FAF7A6FD96
:105C50005520FAF7A3FD80465520FAF79FFD8346AD
:105C60005520FAF79BFD05465520FAF797FD0746A4
:105C70005520FAF793FD04465520FAF78FFD0646A6
:105C8000FAF71AFCFAF720FC6D20FAF787FD0920D5
:105C9000FAF784FDFAF710FC9620FAF76DFCFAF794
:105CA00013FCED20FAF77AFD5520FAF777FD552021
:105CB000FAF774FD8DF81B00FAF7FEFB9620FAF751
:105CC0005BFC9DF81B00092850D101A8D0C05020D2
:105CD000CDE90458FAF74EFCFAF7F6FB9220FAF7F2
:105CE0005DFD9220FAF75AFD5520FAF757FD8046E0
:105CF0005520FAF753FD82465520FAF74FFD054629
:105D00005520FAF74BFD81465520FAF747FD04462A
:105D10005520FAF743FD0646FAF7CEFBFAF7D4FB17
:105D20006D20FAF73BFD0020FAF738FDFAF7C4FBC7
:105D30009620FAF721FCFAF7C7FBED20FAF72EFDC3
:105D40005520FAF72BFD5520FAF728FD8DF81B009A
:105D5000FAF7B2FB9620FAF70FFC9DF81B0038B15A
:105D6000042007B0BDE8F08F042034E7052032E7B7
:105D7000059800942C4640EA0B2548EA0A27FAF7D2
:105D8000A3FB7E20FAF70AFDB620FAF707FDFAF723
:105D900093FB5020FAF7EEFB28B239B2411A40F2D9
:105DA0005550814217DBDDE9032141EA022144EA33
:105DB000092209B212B2891A81420CDBDDE9011015
:105DC00041EA0020009900B241EA062109B2401AD6
:105DD000B0F52A7F04DA802007B0BDE8F08F00BF5D
:105DE000FAF772FB8020FAF7D9FC5520FAF7D6FCB7
:105DF0005520FAF7D3FC8DF81B00FAF75DFB9620CF
:105E0000FAF7BAFBFAF760FB8020FAF7C7FC5520D7
:105E1000FAF7C4FC5520FAF7C1FC8DF81B00FAF71D
:105E20004BFB9620FAF7A8FB002007B0BDE8F08FE7
:105E3000B0B5FAF75BFB8020FAF7B0FC5520FAF713
:105E4000ADFCFAF74BFB9620FAF796FBFAF74EFB00
:105E50008020FAF7A3FC5520FAF7A0FCFAF73EFBE6
:105E60009620FAF789FBFAF741FB1420FAF796FC23
:105E7000B620FAF793FCFAF731FB5020FAF77AFBD9
:105E8000FAF734FB8020FAF789FC5520FAF786FCF4
:105E9000FAF724FB9620FAF76FFBFAF727FB80202E
:105EA000FAF77CFC5520FAF779FC0446FAF716FB62
:105EB0009620FAF761FB0F2C1CBFFF20B0BDFAF74C
:105EC00015FB0F20FAF76AFC00200025FAF766FCA4
:105ED000FAF704FB9620FAF74FFBFAF707FB8F203F
:105EE000FAF75CFC5520FAF759FC0446FAF7F6FA83
:105EF0009620FAF741FBE4BBFAF7F8FA1020FAF71C
:105F00004DFC8220FAF74AFCFAF7E8FA9620FAF7F5
:105F100033FBFAF7EBFA9020FAF740FC5520FAF73A
:105F20003DFC0446FAF7DAFA9620FAF725FB822CB4
:105F30001ED1FAF7DBFA1120FAF730FC0020FAF74D
:105F40002DFCFAF7CBFA9620FAF716FBFAF7CEFA01
:105F50009120FAF723FC5520FAF720FC0446FAF7C3
:105F6000BDFA9620FAF708FB64B1022501E000BFF4
:105F7000012549F6AB4105EB4500C0F60001084498
:105F80008078B0BDFAF7B2FA1520FAF707FC802046
:105F9000FAF704FCFAF7A2FA9620FAF7EDFAFAF704
:105FA000A5FA9520FAF7FAFB5520FAF7F7FB044615
:105FB000FAF794FA9620FAF7DFFA802C1ED1FAF756
:105FC00095FA1620FAF7EAFB0020FAF7E7FBFAF752
:105FD00085FA9620FAF7D0FAFAF788FA9620FAF7B7
:105FE000DDFB5520FAF7DAFB0446FAF777FA96203C
:105FF000FAF7C2FA24B10425BBE700BF0325B8E7CE
:10600000FAF774FA1820FAF7C9FB0120FAF7C6FB71
:10601000FAF764FA9620FAF7AFFAFAF767FA9820D7
:10602000FAF7BCFB5520FAF7B9FB0446FAF756FA23
:106030009620FAF7A1FA012C04BF0020B0BD052577
:1060400097E7000010B5FAF751FA8020FAF7A6FB9F
:106050005520FAF7A3FBFAF741FA9620FAF78CFAE3
:10606000FAF744FA8020FAF799FB5520FAF796FBE5
:10607000FAF734FA9620FAF77FFAFAF737FA14208B
:10608000FAF78CFBB620FAF789FBFAF727FA5020CB
:10609000FAF770FAFAF72AFA8020FAF77FFB552010
:1060A000FAF77CFBFAF71AFA9620FAF765FAFAF78C
:1060B0001DFA8020FAF772FB5520FAF76FFBFAF70A
:1060C0000DFA9620FAF758FAFAF710FA3C20FAF788
:1060D00065FB0120FAF762FBFAF700FA5020FAF7A5
:1060E00049FAFAF703FABC20FAF758FB5520FAF7F9
:1060F00055FB0446FAF7F2F99620FAF73DFAA007A5
:1061000000F19280FAF7F2F9BC20FAF747FB55202C
:10611000FAF744FB0446FAF7E1F99620FAF72CFA6D
:10612000A00700F18380FAF7E1F9BC20FAF736FB0B
:106130005520FAF733FB0446FAF7D0F99620FAF720
:106140001BFAA00774D4FAF7D1F9BC20FAF726FBA2
:106150005520FAF723FB0446FAF7C0F99620FAF720
:106160000BFAA00766D4FAF7C1F9BC20FAF716FBC0
:106170005520FAF713FB0446FAF7B0F99620FAF720
:10618000FBF9A00758D4FAF7B1F9BC20FAF706FBDF
:106190005520FAF703FB0446FAF7A0F99620FAF720
:1061A000EBF9A0074AD4FAF7A1F9BC20FAF7F6FAFE
:1061B0005520FAF7F3FA0446FAF790F99620FAF721
:1061C000DBF9A0073CD4FAF791F9BC20FAF7E6FA1C
:1061D0005520FAF7E3FA0446FAF780F99620FAF721
:1061E000CBF9A0072ED4FAF781F9BC20FAF7D6FA3A
:1061F0005520FAF7D3FA0446FAF770F99620FAF721
:10620000BBF9A00720D4FAF771F9BC20FAF7C6FA57
:106210005520FAF7C3FA0446FAF760F99620FAF720
:10622000ABF9012111E000BF00210EE000210CE0DC
:1062300000210AE0002108E0002106E0002104E03E
:10624000002102E0002100E00021402000EA0410CB
:10625000002918BF402010BD10B58AB040F2345458
:1062600001200021C2F200040890CDE90610CDE91A
:106270000011CDE90211CDE9041169462046FAF773
:10628000D3FD2046FBF74EF920460221FAF760FDC8
:106290000AB010BD40F28000C2F2000000684DF666
:1062A0008361C4F21B31A0FB011244F6D351C1F249
:1062B0006201A0FB0101900C40F2C412C2F2000284
:1062C000107088095060704780B54EF2180140F296
:1062D000C412CEF20001C2F2000251F804CC1278CE
:1062E000002302FB00FE08680AE000BF03449B1A7B
:1062F000904298BF63447345104628BF80BD00BFDD
:106300000A689042F2D10A689042EFD10A6890423E
:10631000ECD10A689042F3D0E8E70000F0B581B014
:1063200040F2103700EBC006C2F2000757F8260013
:1063300007EB8604606001F0E9FF254655F8101F61
:1063400047F826004A0042BF21F080412960E06002
:10635000A06958B18047296870B1206A41F0204196
:10636000296030B101B0BDE8F040004721F00040A5
:10637000286001B0F0BD00BF21F00040286001B0EE
:10638000F0BD000040F2C420C2F20000143070479B
:1063900040F2C42040F22002C2F20000C2F2000229
:1063A00090ED055A90ED067AD2ED060AD2ED072A55
:1063B00090ED076AD2ED083A67EE222A65EE200AD0
:1063C00070EEA20A66EE233A90ED024A73EEA00A3E
:1063D00040F2F411D2ED103A90ED012AD2ED0F2ADD
:1063E000C2F2000190ED033A40F26820C1ED0E0ABE
:1063F00064EE230AD2ED113AC2F2000062EE222AC4
:10640000D0ED091A72EEA02A63EE233A73EEA22AA7
:1064100040F28C0372EEA11AC2F2000390ED140A4E
:1064200090ED151AC1ED111AD3ED001AD3ED012A22
:10643000D0ED160AD3ED023A61EE222A60EE211A5F
:1064400071EEA21A60EEA32AD0ED0C3A72EEA11AF8
:1064500071EEA31AC1ED1A1AD2ED091AD2ED0A2A69
:10646000D2ED0B3A67EE222A65EE211A71EEA21ADE
:1064700066EE233AD2ED122A73EEA11AD2ED133A48
:10648000C1ED0F1A64EE231A62EE222A72EEA11AEF
:10649000D2ED142AD0ED0A3A63EE222A72EEA11A46
:1064A000D3ED032A71EEA31AD3ED043AC1ED121A0B
:1064B00061EE231A60EE222A72EEA11AD3ED052AAC
:1064C000D0ED0D3A60EEA22A72EEA11A71EEA31A77
:1064D000C1ED1B1AD2ED0D1AD2ED0C2A27EE217A4E
:1064E000D2ED0E1A25EE225A35EE075A26EE216A13
:1064F00036EE055A81ED105A92ED165A92ED156A54
:1065000024EE054A92ED175A22EE062A32EE042AAC
:1065100023EE053A90ED0B4A33EE022A32EE042ABE
:1065200081ED132A93ED072A93ED063A21EE021A24
:1065300093ED082A20EE030A30EE010A20EE821ABB
:1065400090ED0E2A31EE000A30EE020A81ED1C0AAF
:106550007047000010B540F2F414C2F20004207835
:10656000C00714D040F27060C2F20000816C09686C
:106570000968C9070BD1C06C00680068C00706D164
:10658000607880075CBFA0785FEA80704CD5607847
:10659000C00714D040F27060C2F20000816C09683C
:1065A0000968C9070BD1C06C00680068C00706D134
:1065B000207880075CBFA0785FEA807052D5A07811
:1065C000C00715D040F27060C2F20000816C09680B
:1065D0000968C90718BF10BDC06C00680068C00713
:1065E00006D1207880075CBF60785FEA807001D5B3
:1065F00010BD00BFA078102100F0FE00A070A078B0
:10660000002240F00200A0700020C4F20200FBF75C
:10661000A5FA40F2200004F11C01C2F2000004229D
:10662000BDE81040FDF77EBF2078012100F0FE009C
:1066300020702078002240F0020004F8240B002093
:10664000C4F2020000F58060FBF788FA40F22000F7
:10665000C2F20000043021460822BDE81040FDF7D8
:1066600061BF00BF6078102100F0FE0060706078AC
:10667000002240F0020060700020C4F20200FBF72C
:106680006DFA40F22000C2F200000C3004F12C013F
:106690000922BDE81040FDF745BF000040F2C86187
:1066A000C2F20001096848637047000070470000AB
:1066B00080B584B0024601200DF10F01CDE9001034
:1066C00040F21C604FF0640CC2F200001C21012358
:1066D000CDF808C0FBF70AFB9DF80F0004B080BDA1
:1066E00080B584B002468DF80F1001200DF10F0126
:1066F000CDE9001040F21C604FF0640CC2F20000C3
:106700001C210123CDF808C0FBF71EFC04B080BD9E
:1067100041F60000C4F2020040210122FBF71EBA3C
:1067200041F60000C4F2020040210022FBF716BA35
:106730007047000000F058B9B0B5FFF7B7FFFFF79A
:10674000F7FFFFF7EDFF3220FFF7F4FFFFF7E0FF61
:106750003220FFF7EFFF0020FFF7AAFF10281CBF31
:106760004020B0BD0120FFF7E5FF0B200821FFF717
:10677000B7FF0120FFF7DEFF0B20FFF799FF04466C
:106780000120FFF7D7FF082C34D141200921FFF762
:10679000A7FF01200125FFF7CDFF4120FFF788FF6C
:1067A00004460120FFF7C6FF092C26D14220C02154
:1067B000FFF796FF0120FFF7BDFF4220FFF778FFAC
:1067C00004460120FFF7B6FFC02C15D10A200B218B
:1067D000FFF786FF0120FFF7ADFF0A20FFF768FFF4
:1067E00004460120FFF7A6FF0B2C04BF0020B0BD1C
:1067F000032502E0002500E0022505EB450002A18B
:1068000008448078B0BD00BF0B080141090242C0B6
:10681000030A0B04FBF7A8FCFEF7C0FDFFF73AFDE7
:10682000FDF7ECFBFDF760FBFDF7C0FCFDF7E0FCBE
:10683000FDF708FDFDF738FBFDF716FBFFF70CFD34
:10684000FDF776FB00F0D8F8FEE700002DE9F04FE9
:1068500081B02DED028B40F2F417C2F200073889A7
:1068600040F6B834A0424FF0000138BF0121A042E9
:106870004FF0000505D37A8940F6B7339A4200F20B
:10688000AB8040F2C426C2F200069FED568A40F665
:10689000B73A07F12E0806F1040906F1200B00BFF4
:1068A0007A7932B97A7922B97A7912B97A79002A61
:1068B000F6D07D713A7852073FD5C90724D0387891
:1068C00006F1140100F0FB00387007F12500F9F71C
:1068D00055FE96ED050A96ED0E2A96ED061A30EE57
:1068E000020A96ED0F2A96ED073A86ED0E0A31EE72
:1068F000020A96ED101A86ED0F0A33EE010A388966
:1069000086ED100A17E000BF81B2A14213D196EDC7
:106910000E0A96ED0F1A96ED102A80EE080A81EE07
:10692000081A82EE082A40F6B83086ED0E0A86ED87
:106930000F1A86ED102A0130388179787A89490753
:106940003ED5524524D87878494600F0FB0078704F
:1069500040465A46F9F7D2FD96ED010A96ED0A2A0D
:1069600096ED021A30EE020A96ED0B2A96ED033AE6
:1069700086ED0A0A31EE020A96ED0C1A86ED0B0A34
:1069800033EE010A7A89388986ED0C0A16E000BFD9
:10699000A24213D196ED0A0A96ED0B1A96ED0C2A37
:1069A00080EE080A81EE081A82EE082A40F6B83214
:1069B00086ED0A0A86ED0B1A86ED0C2A01327A81E1
:1069C00081B2A1424FF0000138BF0121FFF468AF4E
:1069D00092B2A242FFF464AFBDEC028B01B0BDE8FD
:1069E000F08F00BF00803B4580B5002808BF012024
:1069F00000F0C6FC002080BD80B500F075FD0020D1
:106A000080BD0000B0B584B043698E4693B18469FF
:106A100084B10589D0E9001C026928B2843D18BF01
:106A2000C51CCDE9005360467346029400F0F4FEA5
:106A300004B0B0BD0589D0E90013028A28B2843DB4
:106A400018BFC51C03AC184673460095019400F0AE
:106A5000B3FE0399012818BF0021084604B0B0BD59
:106A600028B940F22410C2F20000006810B134309E
:106A7000704700BF4FF0500080F31188BFF36F8F55
:106A8000BFF34F8FFEE70000F0B581B040F2241451
:106A9000C2F200040E46676A21680546081D00F030
:106AA00005FB18B1681C0CD016E000BF206801215E
:106AB000C06A626801FA00F022EA00006060681CA7
:106AC0000AD14EB154F8500B011D204601B0BDE86B
:106AD000F04000F04DBB00BF2068ED19456007D3C2
:106AE000606B2168043101B0BDE8F04000F00EBBDE
:106AF000206B2168043100F009FB206A854238BF11
:106B0000256201B0F0BD00002DE9F041044600F01F
:106B100047FB40F22416C2F20006306940F2E875E5
:106B2000013030613068C2F2000548B17069002858
:106B300040D13068E16AC06A884298BF346039E069
:106B400034603069012835D1284600F0CFFA05F1CC
:106B5000140000F0CBFA05F1280000F0C7FA05F1A7
:106B60003C0000F0C3FA05F1500000F0BFFA05F157
:106B7000640000F0BBFA05F1780000F0B7FA40F2CB
:106B8000CC18C2F20008404600F0B0FA08F1140731
:106B9000384600F0ABFA06F1640000F0A7FA06F1FF
:106BA0003C0000F0A3FA06F1500000F09FFAC6F88E
:106BB000308077637068B16801220131B160E16AA9
:106BC0008A401043706001EB810005EB8000211DBD
:106BD00000F0CEFA00F008FB706988B13068E16A15
:106BE000C06A884228BFBDE8F0814EF60450CEF25C
:106BF00000004FF080510160BFF34F8FBFF36F8FE4
:106C0000BDE8F08140F2241540F2E8764EF60458D3
:106C1000C2F20005C2F20006CEF200084FF0805723
:106C200003E000BF204600F0F7FAE868D0B100F0BA
:106C3000B7FAA86CC468201D00F038FA286901383A
:106C40002861E8680138E86000F0CEFA94F8510055
:106C50000228EAD00128E5D070B9206B00F0DCFAF8
:106C6000E0E700BF30680228DFD3C8F80070BFF348
:106C70004F8FBFF36F8FD8E74FF0500080F311882C
:106C8000BFF36F8FBFF34F8FFEE700002DE9F04792
:106C9000DDE909878246386B089C00EB82000438E6
:106CA0009946002920F0070656D0087887F8340066
:106CB000087800284BD0487887F8350048780028B5
:106CC00045D0887887F83600887800283FD0C87883
:106CD00087F83700C878D0B3087987F83800087982
:106CE000A8B3487987F83900487980B3887987F85C
:106CF0003A00887958B3C87987F83B00C87930B32F
:106D0000087A87F83C00087A08B3487A87F83D008B
:106D1000487AE0B1887A87F83E00887AB8B1C87AB4
:106D200087F83F00C87A90B1087B87F84000087B5D
:106D300068B1487B87F84100487B40B1887B87F881
:106D40004200887B00281CBFC87B87F843000020D6
:106D500087F8430003E000BF002087F834000025D7
:106D6000381D062C28BF0624FC62C7E9114500F037
:106D7000C9F907F1180000F0C5F984F00700B861FF
:106D8000304651464A463F617F62FD6487F8505065
:106D900000F042F9B8F1000F386018BFC8F8007071
:106DA000BDE8F08708480068006880F308884FF065
:106DB000000080F3148862B661B6BFF34F8FBFF353
:106DC0006F8F00DF00BF000008ED00E081B0002001
:106DD000009040F2B000C2F2000000684FF0500195
:106DE00081F31188BFF36F8FBFF34F8F013007D04E
:106DF000FEE700BF009830B9009820B9009810B99C
:106E000000980028F6D001B07047000070B5044625
:106E100000F0D0FB40F29C1CC2F2000CDCF8040035
:106E200050B19CF80000002818BF4FF000404FF010
:106E3000000574BB8DE000BF40F67400C2F2000094
:106E4000C21D22F0070210F00701A0EB020318BFD9
:106E5000104600224FF47055CCE90602002918BFF5
:106E600003F57055411921F00701A1F10803CCF891
:106E7000043041E90222191AC0E9003101208CF8DE
:106E800000004FF00040CCE90211002C4FF000054B
:106E90005FD020405DD124F0070000F110026007B0
:106EA00008BF04F10802002A4FF0000551D0DCF8B9
:106EB000080082424DD8604650F818EFDEF80450C2
:106EC00095422CD2DEF80010C1B174464D6895424F
:106ED00018D20B68B3B15D68954217D21868A8B193
:106EE0004568954216D20468A4B16568954215D2EA
:106EF0002168A6460029E9D111E000BF0CF1180075
:106F00000DE000BF8E46204609E000BF9E460846C1
:106F100005E000BF8646184601E000BFA646DCF843
:106F200004108E4514D00168DEF80040AB1A112B16
:106F300004604DD30EEB0205680719D04FF05000E6
:106F400080F31188BFF36F8FBFF34F8FFEE700BF51
:106F5000002501F065FA68075BD04FF0500080F320
:106F60001188BFF36F8FBFF34F8F00BFFEE700BFE5
:106F70000CF118006B60CEF8042000BF0368AB4230
:106F80000AD21868A8420BD20368AB4204D2186830
:106F90001A46A842F2D304E00246184601E000BFB8
:106FA0001A4653686C68D618AE4202D11C44154686
:106FB00054602B19834207D1DCF80430984203D087
:106FC000D0E9000323446B60AA42286018BF156013
:106FD00001F10805DEF80400DCE90212091A914209
:106FE000CCF8081038BFCCF80C109CF80010002921
:106FF00018BF40F00040CEF80400DCF8100000217B
:107000000130CEF80010CCF8100001F009FA680742
:10701000A3D1284670BD0000034646F6CD50C0F609
:1070200000004FF0807C21F0010103E903106FF0B4
:10703000020043F8240CA3F1440043F8202C7047CD
:1070400070B50D46044600F0ABF840F22416C2F2CB
:1070500000063068C06C98B93068012180F8501083
:1070600075B128460121FFF70FFD4EF60450CEF210
:1070700000004FF080510160BFF34F8FBFF36F8F5F
:1070800000F0B2F800F08CF83068C56C2DB13168B2
:107090000020002C08BF681EC8643068002180F8FA
:1070A000501000F0A1F8284670BD0000D0E9013270
:1070B00001699A60D1F804C082688445536008BFB2
:1070C0004A60002202610868013808600868704759
:1070D00044F27863C2F20003036044F27840C2F2E3
:1070E0000000086080201060704700004FF0FF3102
:1070F000024642F8081F00214260C0E903220160F5
:1071000070470000002101617047000010B5D1F800
:1071100000E01EF1010213D000F108046268136858
:10712000734511D853681C68744511D85A6814689F
:1071300074450FD854682368A4467345EED90BE014
:107140000269D2F804C007E09446224604E000BF7A
:107150009C4601E094461A46C1F804C0CCF80810D9
:107160008A605160086101680131016010BD000052
:10717000D0F800C0436808619A684B608A609A68DA
:10718000996051600CF1010101607047DFF80C005B
:10719000016841F4700101607047000088ED00E073
:1071A0004FF0500080F31188BFF36F8FBFF34F8F04
:1071B00040F2B000C2F2000001684A1C026009B14E
:1071C000704700BF4EF60450CEF200000068000683
:1071D00008BF70474FF0500080F31188BFF36F8FE6
:1071E000BFF34F8FFEE7000040F2B000C2F2000094
:1071F000016839B10139016018BF7047002080F380
:10720000118870474FF0500080F31188BFF36F8FE3
:10721000BFF34F8FFEE7000070B5002808BF70BDB8
:1072200040F29C15C2F200050446287854F8041C6C
:10723000002818BF4FF0004008420DD0A4F1080606
:1072400032689AB14FF0500080F31188BFF36F8F0E
:10725000BFF34F8FFEE700BF4FF0500080F311885F
:10726000BFF36F8FBFF34F8FFEE700BF21EA00002F
:1072700044F8040C00F09EF954F8041CA868084473
:10728000A86005F1180000BF0368B3420AD218686D
:10729000B04225D20368B34204D218681A46B042FD
:1072A000F2D301E0024618465368D418B44202D122
:1072B0001944164651607318834206D16B68984290
:1072C00003D0D0E9000319447160B242306018BFA6
:1072D0001660686901306861BDE8704001F0A0B8CF
:1072E0001A465368D418B442E5D1E1E74EF21000D3
:1072F000CEF2000000210160816040F28001C2F204
:107300000001096844F6D352C1F26202A1FB0212E5
:107310004FF0FF3101EB921141600721016070478E
:1073200040F2BC10EFF305811029C2F2000011D326
:107330004EF2F032CEF20002895C0278914209D21C
:107340004FF0500080F31188BFF36F8FBFF34F8F62
:10735000FEE700BF4EF60C51CEF20001096840680E
:1073600001F4E061814298BF70474FF0500080F314
:107370001188BFF36F8FBFF34F8F00BFFEE7000090
:1073800070B500283FD040F22415C2F20005044633
:10739000A86948B14FF0500080F31188BFF36F8F98
:1073A000BFF34F8FFEE700BFA8690130A8616E6A86
:1073B00028680430FFF77AFE50B12868A4194460A9
:1073C00013D3686B29680431FFF7A0FE16E000BFF5
:1073D00028680121C06A6A6801FA00F022EA000008
:1073E00068602868A4194460EBD2286B29680431CE
:1073F000FFF78CFE286A844238BF2C6201F010F837
:10740000002818BF70BD4EF60450CEF200004FF0B9
:1074100080510160BFF34F8FBFF36F8F70BD0000CD
:107420002DE9F04120B305460C46FFF779FFEFF355
:1074300011874FF0500080F31188BFF36F8FBFF3B7
:107440004F8F022195F8500085F85010E96C012803
:1074500001F10101E96442D1A86A98B14FF05000EE
:1074600080F31188BFF36F8FBFF34F8FFEE700BF2C
:107470004FF0500080F31188BFF36F8FBFF34F8F31
:10748000FEE700BF40F22416C2F20006B06928B140
:1074900005F1180106F1640014E000BF05F10408CD
:1074A0004046FFF703FEE86A0121726881401143FC
:1074B000716040F2E87100EB8000C2F2000101EB64
:1074C00080004146FFF754FEE86A3168C96A884285
:1074D00005D9002C1CBF012020600120B06287F379
:1074E0001188BDE8F0810000B0B588B00020CDE97A
:1074F000050006A805A904AAFFF7EAFD0598B8B398
:10750000069C002C3ED05421049A079107995429D7
:1075100042D107992063022084F8510007A8002572
:10752000CDE9005046F60540C0F600001FA100233B
:107530000294FFF7ABFB2046FFF7E6FA079940F20B
:107540002410C2F20000C16179B14FF0500181F303
:107550001188BFF36F8FBFF34F8F4FF0FF31016280
:1075600001214161456200F065F808B0B0BD00BF7F
:107570004FF0500080F31188BFF36F8FBFF34F8F30
:10758000FEE700BF4FF0500080F31188BFF36F8F0C
:10759000BFF34F8FFEE700BF4FF0500080F311881C
:1075A000BFF36F8FBFF34F8FFEE700BF49444C45D9
:1075B0000000000040F22410C2F200008169013195
:1075C0008161704740F22410C2F2000081690029F5
:1075D0001EBF012181627047002181624168B1FABA
:1075E00081F1C9B2C1F11F0140F2E87201EB8101E2
:1075F000C2F2000252F8213063B102EB810252F86C
:10760000041F4968131D994211600DD0C9680160BB
:10761000704700BF4FF0500080F31188BFF36F8FA9
:10762000BFF34F8FFEE700BF49681160C968016072
:1076300070470000B0B584B04EF2004CCEF2000CA2
:107640004CF27021C4F20F11DCF800294B1C9A4255
:107650000AD14FF0500080F31188BFF36F8FBFF352
:107660004F8F00BFFEE700BFDCF800298A4209D136
:107670004FF0500080F31188BFF36F8FBFF34F8F2F
:10768000FEE700BF9CF800100291FF218CF800106B
:107690009CF800108DF807109DF8071001F05002BB
:1076A00040F2BC11C2F200010A7007224A609DF943
:1076B0000720B2F1FF3F69DC032200BFD31C4B60FF
:1076C0009DF8070040008DF807009DF90700B0F114
:1076D000FF3F23DC931C4B609DF8070040008DF8B2
:1076E00007009DF90700B0F1FF3F17DC531C4B600A
:1076F0009DF8070040008DF807009DF90700B0F1E4
:10770000FF3F0BDC4A609DF80700043A40008DF80B
:1077100007009DF907000028D0D4131D032B35D195
:107720004FF44070486002988CF80000DCF82009A3
:1077300040F47000CCF82009DCF8200940F07040DB
:10774000CCF82009FFF7D2FD40F2B004C2F20004E9
:1077500000252560FFF71AFD4EF63470CEF20000CA
:10776000016841F040410160FFF71CFBFFF72AFF71
:10777000039520684FF0500181F31188BFF36F8F9C
:10778000BFF34F8F013011D0FEE700BF4FF0500024
:1077900080F31188BFF36F8FBFF34F8FFEE700BFF9
:1077A000039830B9039820B9039810B903980028BA
:1077B000F6D0002004B0B0BD2DE9F04383B00746F9
:1077C0009000984615468946FFF720FBF8B106461B
:1077D0005420FFF71BFBB8B10446DDE90A10002274
:1077E000266384F85120CDE90010384649462A46E0
:1077F00043460294FFF74AFA2046FFF785F9012035
:1078000003B0BDE8F08300BF3046FFF705FD4FF041
:10781000FF3003B0BDE8F08370B586B00B9CCCB1EF
:107820000C9E0EB354250495049D542D26D1049D21
:10783000DDF828C0022586F8515005AD3463CDE946
:1078400000C50296FFF722FA3046FFF75DF905986A
:1078500006B070BD4FF0500080F31188BFF36F8FFA
:10786000BFF34F8FFEE700BF4FF0500080F3118849
:10787000BFF36F8FBFF34F8FFEE700BF4FF0500095
:1078800080F31188BFF36F8FBFF34F8FFEE70000C7
:107890002DE9F04F81B08046F8F75EFD102809D33E
:1078A0004FF0500080F31188BFF36F8FBFF34F8FFD
:1078B000FEE700BF40F2241CC2F2000CDCF8180006
:1078C00040F2E87E0130CCF818004FF00709C2F210
:1078D000000E03E0B9F1000F00F00881A9F10109E1
:1078E00009EB89005EF820100029F3D00EEB80042C
:1078F000234653F8040F04F10C0A4268181D824213
:1079000008BF5268D2F80CB0526882421A6002D1A5
:10791000DAF800201A60D56898F8004095F834101D
:10792000A14240F0D38000292C462E4618BF0024E7
:1079300000F0CD8095F8351098F80160B14240F024
:10794000CB80002927462E4608BF2F4600F0BF8077
:1079500095F8361098F80260B142264640F0B7809C
:1079600000293C462E4608BF2C4600F0B08095F812
:10797000371098F80360B1423E4640F0A8800029D5
:1079800027462E4608BF2F4600F0A18095F83810F4
:1079900098F80460B142264640F0998000293C46A0
:1079A0002E4608BF2C4600F0928095F8391098F8C2
:1079B0000560B1423E4640F08A80002927462E46A7
:1079C00008BF2F4600F0838095F83A1098F80660BB
:1079D000B14226467BD100293C462E4608BF2C46A4
:1079E00075D095F83B1098F80760B1423E466ED1CD
:1079F000002927462E4608BF2F4668D095F83C1030
:107A000098F80860B142264661D100293C462E46CE
:107A100008BF2C465BD095F83D1098F80960B1423C
:107A20003E4654D1002927462E4608BF2F464ED049
:107A300095F83E1098F80A60B142264647D10029D1
:107A40003C462E4608BF2C4641D095F83F1098F88A
:107A50000B60B1423E463AD1002927462E4608BF68
:107A60002F4634D095F8401098F80C60B142264665
:107A70002DD100293C462E4608BF2C4627D095F82C
:107A8000411098F80D60B1423E4620D100292746AA
:107A90002E4608BF2F461AD095F8421098F80E606F
:107AA000B142264613D100293C462E4608BF2C463B
:107AB0000DD095F8431098F80F60B1423E4606D1BC
:107AC000002908BF2C46264616B108E0002636B924
:107AD0005D457FF419AFFDE60026002EF8D000F0DA
:107AE0009FFC304601B0BDE8F08F00BFDCF83010DD
:107AF0000868002800F0F8804868426801F1080032
:107B0000824208BF5268D2F80CE000BF526882423D
:107B10004A6001D1CA684A60D46898F8005094F865
:107B20003430AB4240F0D480002B2746264618BFA5
:107B3000002700F0CE8094F8353098F80150AB4221
:107B400040F0CE80002B3D46264608BF254600F07B
:107B5000C08094F8363098F80260B3423E4640F058
:107B6000B880002B2F46264608BF274600F0B1807C
:107B700094F8373098F80360B3422E4640F0A9805D
:107B8000002B3D46264608BF254600F0A28094F80B
:107B9000383098F80460B3423E4640F09A80002B9B
:107BA0002F46264608BF274600F0938094F83930C8
:107BB00098F80560B3422E4640F08B80002B3D467E
:107BC000264608BF254600F0848094F83A3098F89D
:107BD0000660B3423E467CD1002B2F46264608BFA6
:107BE000274676D094F83B3098F80760B3422E468B
:107BF0006FD1002B3D46264608BF254669D094F834
:107C00003C3098F80860B3423E4662D1002B2F46C4
:107C1000264608BF27465CD094F83D3098F80960A6
:107C2000B3422E4655D1002B3D46264608BF254679
:107C30004FD094F83E3098F80A60B3423E4648D19F
:107C4000002B2F46264608BF274642D094F83F30E7
:107C500098F80B60B3422E463BD1002B3D4626469A
:107C600008BF254635D094F8403098F80C60B342F0
:107C70003E462ED1002B2F46264608BF274628D049
:107C800094F8413098F80D60B3422E4621D1002B74
:107C90003D46264608BF25461BD094F8423098F84A
:107CA0000E60B3423E4614D1002B2F46264608BF35
:107CB00027460ED094F8433098F80F60B3422E4612
:107CC00007D1002B08BF27463E462EB107E700BF6D
:107CD0000026002E7FF403AF74457FF417AF03E056
:107CE0000026002EF8D0FAE6DCF8341008680028E8
:107CF00000F0F8804868426801F10800824208BF3D
:107D00005268D2F80CE000BF526882424A6001D14A
:107D1000CA684A60D46898F8005094F83430AB428E
:107D200040F0D480002B2746264618BF002700F0DD
:107D3000CE8094F8353098F80150AB4240F0CE80B8
:107D4000002B3D46264608BF254600F0C08094F82B
:107D5000363098F80260B3423E4640F0B880002BBF
:107D60002F46264608BF274600F0B18094F83730EA
:107D700098F80360B3422E4640F0A980002B3D46A0
:107D8000264608BF254600F0A28094F8383098F8BF
:107D90000460B3423E4640F09A80002B2F462646B0
:107DA00008BF274600F0938094F8393098F80560B2
:107DB000B3422E4640F08B80002B3D46264608BF3E
:107DC000254600F0848094F83A3098F80660B34273
:107DD0003E467CD1002B2F46264608BF274676D04C
:107DE00094F83B3098F80760B3422E466FD1002BD1
:107DF0003D46264608BF254669D094F83C3098F8A1
:107E00000860B3423E4662D1002B2F46264608BF8B
:107E100027465CD094F83D3098F80960B3422E466E
:107E200055D1002B3D46264608BF25464FD094F835
:107E30003E3098F80A60B3423E4648D1002B2F46A8
:107E4000264608BF274642D094F83F3098F80B608A
:107E5000B3422E463BD1002B3D46264608BF254661
:107E600035D094F8403098F80C60B3423E462ED19D
:107E7000002B2F46264608BF274628D094F84130CD
:107E800098F80D60B3422E4621D1002B3D46264680
:107E900008BF25461BD094F8423098F80E60B342D4
:107EA0003E4614D1002B2F46264608BF27460ED04B
:107EB00094F8433098F80F60B3422E4607D1002B58
:107EC00008BF27463E462EB109E600BF0026002E19
:107ED0007FF405AE74457FF417AF03E00026002E53
:107EE000F8D0FCE5DCF85000002800F0F980DCF860
:107EF00054100CF158024968DCF85C00914208BF4C
:107F00000146D1F80CE04968914208BF0146CCF81F
:107F10005410CC6898F8005094F83430AB4240F0DC
:107F2000D380002B2746264618BF002700F0CD80BF
:107F300094F8353098F80150AB4240F0CD80002BDA
:107F40003D46264608BF254600F0BF8094F83630EF
:107F500098F80260B3423E4640F0B780002B2F46AF
:107F6000264608BF274600F0B08094F8373098F8CE
:107F70000360B3422E4640F0A880002B3D462646C3
:107F800008BF254600F0A18094F8383098F80460C6
:107F9000B3423E4640F09980002B2F46264608BF4C
:107FA000274600F0928094F8393098F80560B34283
:107FB0002E4640F08A80002B3D46264608BF2546C7
:107FC00000F0838094F83A3098F80660B3423E4659
:107FD0007BD1002B2F46264608BF274675D094F844
:107FE0003B3098F80760B3422E466ED1002B3D46D9
:107FF000264608BF254668D094F83C3098F80860BB
:10800000B3423E4661D1002B2F46264608BF274685
:108010005BD094F83D3098F80960B3422E4654D1B5
:10802000002B3D46264608BF25464ED094F83E30EC
:1080300098F80A60B3423E4647D1002B2F462646A9
:1080400008BF274641D094F83F3098F80B60B34200
:108050002E463AD1002B3D46264608BF254634D051
:1080600094F8403098F80C60B3423E462DD1002B76
:108070002F46264608BF274627D094F8413098F867
:108080000D60B3422E4620D1002B3D46264608BF48
:1080900025461AD094F8423098F80E60B3423E4616
:1080A00013D1002B2F46264608BF27460DD094F843
:1080B000433098F80F60B3422E4606D1002B08BF1C
:1080C00027463E4626B10AE50026002E7FF407AD7E
:1080D00074457FF418AF03E00026002EF8D0FEE4CC
:1080E000DCF83C00002600283FF4F9ACDCF8401036
:1080F0000CF144024968DCF84800914208BF01468F
:10810000D1F80CE04968914208BF0146CCF8401014
:10811000CF6898F8004097F83430A34240F0D680FA
:10812000002B4FF000053E4608BF3D4600F0CF80D3
:1081300097F8353098F80140A34240F0D180002BE9
:108140002C463E4608BF3C4600F0C18097F83630CA
:1081500098F80260B3422E4640F0B980002B2546C5
:108160003E4608BF3D4600F0B28097F8373098F899
:108170000360B342264640F0AA80002B2C463E46C0
:1081800008BF3C4600F0A38097F8383098F80460A8
:10819000B3422E4640F09B80002B25463E4608BF4A
:1081A0003D4600F0948097F8393098F80560B34266
:1081B000264640F08C80002B2C463E4608BF3C46AD
:1081C00000F0858097F83A3098F80660B3422E4662
:1081D0007DD1002B25463E4608BF3D4677D097F817
:1081E0003B3098F80760B342264670D1002B2C46EE
:1081F0003E4608BF3C466AD097F83C3098F8086085
:10820000B3422E4663D1002B25463E4608BF3D466D
:108210005DD097F83D3098F80960B342264656D1B4
:10822000002B2C463E4608BF3C4650D097F83E30C7
:1082300098F80A60B3422E4649D1002B25463E46A7
:1082400008BF3D4643D097F83F3098F80B60B342E3
:1082500026463CD1002B2C463E4608BF3C4636D035
:1082600097F8403098F80C60B3422E462FD1002B7F
:1082700025463E4608BF3D4629D097F8413098F83C
:108280000D60B342264622D1002B2C463E4608BF45
:108290003C461CD097F8423098F80E60B3422E4608
:1082A00015D1002B25463E4608BF3D460FD097F816
:1082B000433098F80F60B342264608D1002B08BF20
:1082C0003D462E4636B1FFF70ABC00BF0026002E01
:1082D0007FF405AC77457FF415AFFFF700BC00BF16
:1082E0000026002EF6D0FFF7FABB000040F2241063
:1082F000C2F20000416900290FBF01208069B0FA75
:1083000080F0400918BF40007047000040F2241080
:10831000C2F20000406A70472DE9F04740F224168F
:10832000C2F20006B06928B1F06A0130F0620020A4
:10833000BDE8F087706A10F1010AC6F824A020D3C6
:10834000306B006850B14FF0500080F31188BFF3DC
:108350006F8FBFF34F8F00BFFEE700BF306B716BB5
:1083600031637063B06B0130B063306B006828B16B
:10837000306BC068C068406802E000BF4FF0FF305B
:108380003062306A40F2E8788245C2F2000801D2D9
:10839000002434E0306B0024006868B34FF001091A
:1083A00016E000BFF86A716809FA00F2114300EBA9
:1083B0008000716008EB80002946FEF7D9FEF86A5C
:1083C0003168C96A326B8842106828BF4C4698B140
:1083D000306BC068C7683D4655F8040F82450DD321
:1083E0002846FEF763FEB86A0028DBD007F11800C4
:1083F000FEF75CFED6E700BF4FF0FF30306230681A
:10840000C06A00EB800058F82000012888BF0124D2
:10841000B06A002818BF01242046BDE8F08700009C
:108420002DE9F04140F22415C2F20005A86968B1B7
:10843000FEF7B6FEA8690138A861A86980B10024DA
:10844000FEF7D2FE2046BDE8F08100BF4FF050009D
:1084500080F31188BFF36F8FBFF34F8FFEE700BF2C
:1084600028690028EBD0686E78B340F2E8780126DE
:10847000C2F20008286FC76807F11800FEF716FE61
:108480003C1D2046FEF712FEF86A696806FA00F203
:10849000114300EB8000696008EB80002146FEF785
:1084A00067FEF86A2968C96A884228BFAE62686EAA
:1084B0000028DFD1286B006820B1286BC068C06835
:1084C000406801E04FF0FF302862EC6A4CB10126B1
:1084D000FFF722FF002818BFAE62013CF8D1002050
:1084E000E862A86A0028AAD04EF60450CEF2000036
:1084F0004FF080510160BFF34F8F0124BFF36F8FA6
:10850000FEF772FE2046BDE8F081F0EE400AF5EE7F
:10851000C00AF1EE10FA02DDB0EE600A7047B1EE6B
:10852000600AFBE770B52DED0C8B84B006460C4657
:1085300015469FED990AF0EE408A9FED970AB0EE3E
:10854000409A9FED950AF0EE40BA9FED930AF0EE47
:10855000409A9FED910AB0EE40AA0EB104B11DB948
:1085600004B0BDEC0C8B70BD8C48F7F78DFF8C48C8
:10857000F7F790FF8A48D0ED000A9FED8A1A60EE67
:10858000810AB0EE600AF7F795FFF0EE408A28EE18
:10859000A80AF0EE408A8248D0ED000AB0EE001A38
:1085A00060EE810A9FED7F1A60EE810AB0EE600AEC
:1085B000F7F780FFB0EE409A29EE090AB0EE409A34
:1085C000DFED790AB7EE000A00EEA80ADFED770AC0
:1085D00000EEC90ADFED760A20EE200A754880ED2C
:1085E000000A6E4890ED000ADFED730A80EE201A53
:1085F000B7EE000A31EE000A20EE000A6D48D0ED19
:10860000000A80EE801A6D4880ED001A94ED000A91
:10861000B5EEC00AF1EE10FA0DD194ED010AB5EEF7
:10862000C00AF1EE10FA06D194ED020AB5EEC00AC6
:10863000F1EE10FA46D09FED580AB0EE408A0020C5
:10864000019002900390D4ED000A60EEA00A94ED30
:10865000011AD4ED011A41EE210A94ED021AD4ED6B
:10866000021A41EE210AB0EE600AF7F71BFFB0EEE6
:10867000408A94ED000A20EE080A8DED010A94ED7F
:10868000010A20EE080A8DED020A94ED020A20EE9E
:10869000080A8DED030ADDED010AF1EE600AB0EE85
:1086A000600AF7F7EBFEF0EE409A9DED031AF0EE4C
:1086B000410A9DED021AB0EE410AF7F7E1FEB0EE75
:1086C00040AA07E09FED340AF0EE409A9FED320A8F
:1086D000B0EE40AA95ED000AB5EEC00AF1EE10FA30
:1086E0000DD195ED010AB5EEC00AF1EE10FA06D1F2
:1086F00095ED020AB5EEC00AF1EE10FA3CD0B0EEEC
:10870000690AF7F7D7FEB0EE408AB0EE690AF7F7CC
:10871000B9FEB0EE40DAB0EE4A0AF7F7CBFEF0EE63
:1087200040AAB0EE4A0AF7F7ADFEB0EE40BA28EE26
:108730002A0AD5ED010A20EE200AD5ED000A0DEE39
:10874000200A68EE0B0A95ED021A00EE810AB0EEDF
:1087500040CA95ED010A20EE0B0AD5ED020A0AEE99
:10876000E00AF0EE40CAF0EE6C0AB0EE4C0AF7F701
:1087700087FEF0EE40BA03E09FED070AF0EE40BA44
:10878000B0EE4A1AF0EE690AB0EE6B0A304600F01D
:1087900077FC00BFE4E600000000000000000020BD
:1087A0000400002035FA8E3CC1BFAD3B9DF8C536B4
:1087B0002F7C1C4108000020506CC24A0C00002095
:1087C0002DE9F0412DED028B9AB00546B0EE408ABE
:1087D0000E4617469846002017901890199014904E
:1087E000159016904DB146B13FB1B8F1000F04D0CD
:1087F000B5EEC08AF1EE10FA05D100201AB0BDEC3A
:10880000028BBDE8F08196ED000A8DED170A96ED1A
:10881000010A8DED180A96ED020A8DED190A97ED01
:10882000000A8DED140A97ED010A8DED150A97EDFA
:10883000020A8DED160A17AA14A9284600F072FA4A
:10884000402104A8F7F7A7FD0020009001900290B6
:108850000390002417A904A800F09DFD00BF30E09C
:1088600004A800EB041090ED000AD5ED000A20EEFC
:10887000200A04A800EB0410D0ED010A95ED011ABE
:1088800000EE810A04A800EB0410D0ED020A95ED79
:10889000021A00EE810A04A800EB0410D0ED030ACE
:1088A00095ED031A00EE810A20EE080AF0EE000AA8
:1088B00080EE201A684600EB840080ED001A601CF0
:1088C000C4B2042CCCDB002410E005EB840090ED56
:1088D000000A684600EB8400D0ED000A30EE200A62
:1088E00005EB840080ED000A601CC4B2042CECDBB4
:1088F000284600F0EFFC012080E74100080218BF85
:1089000004200A0E18BF40F001004FF07F4232EA07
:10891000010108BF40F00200012808BF0520704790
:1089200010B54FF00E402DED028BB0EE408A18EEE0
:10893000104A00EB4400B0F1506F4AD84FF0FC40B1
:10894000B0EB440F22D2B0EEC80AF7EE000A30EEC8
:10895000C00AF6EE000A60EE208A18EE900A00F0D7
:10896000FBFC01EE100A14F0004F1DBFDFED2D0AD5
:108970009FED2D0AB1EE411ADFED2C0A08BF9FEDE5
:108980002C0AF8EE001A21EE218A05E0DFED290A13
:1089900068EE088AB0EE600A9FED271ADFED271A0D
:1089A00030EE080A48EE811A9FED251A08EEA11A4A
:1089B000DFED241A48EE811A9FED231A08EEA11A62
:1089C00068EE281ABDEC028B01EE810A30EE200A17
:1089D00010BD4FF0E440B0EB440F0CD918EE100A74
:1089E000FFF78BFF042808BF00F094F9B0EE480AA7
:1089F000BDEC028B10BD4FF07F40B0EB440F07D2AF
:108A0000B0EE480ABDEC028BBDE8104000F074B92E
:108A10000120F7F7EFFCBDEC028BBDE8104000F041
:108A200071B900000000C9BF22AAFDB90000C93F0A
:108A300022AAFD390000000024FE1C3DC78AD83C54
:108A40001E67383D1B93993DAFAA2A3E70B54FF083
:108A500068422DED048BF0EE408A18EE900AB0EEDD
:108A6000608A18EE101A02EB4003B3F1654F3CBF69
:108A700002EB4102B2F1654F7DD200BFC0F3C75394
:108A8000C1F3C7529A1A1B2A09DD10F0004F14BF18
:108A90009FED830A9FED830ABDEC048B70BD12F13C
:108AA0001A0F36DA11F0004F09D010F0004F0CBF4A
:108AB0009FED7D0A9FED7D0ABDEC048B70BD88EEB5
:108AC000889A19EE100AFFF718FF042808BF00F073
:108AD00021F918EE900AFFF710FF054618EE100A6C
:108AE000FFF70BFF044619EE100AFFF706FF042DEF
:108AF00018BF052D08D1042C18BF052C04D100285F
:108B000004BF0220F7F776FCB0EE490ABDEC048BF7
:108B100070BD4200B2EB410F3AD910F0004F19BFBF
:108B2000DFED630A9FED630ADFED630A9FED630AE1
:108B3000B0EE481A0A46B1EE688A80F00041F0EEC5
:108B4000418A10460A1A5200B2F1807F34D248405E
:108B500010F0004FDFED5A1A9FED5A2A1DBFBEEEEE
:108B6000001A70EEE10A30EE420AB6EE001A08BFB3
:108B700070EEA10A00E040E008BF30EE020AB0EE5D
:108B8000682A01EE482A08EE818AC2EE081A15E02A
:108B900011F0004F04BF9FED4C0AF0EE400AD1D017
:108BA00010F0004F19BFDFED490A9FED490ADFEDD4
:108BB000490A9FED490AC5E7C8EE881A21EEA11AB5
:108BC0009FED462ADFED462A41EE022A9FED452A17
:108BD00001EE222ADFED442A41EE022A9FED432ACC
:108BE000BDEC048B01EE222A21EE811A01EE020A6D
:108BF00030EE210A30EE200A70BD4FF07F42B2EB1A
:108C0000400F28BFB2EB410F09D2F0EE480AB0EE98
:108C1000680ABDEC048BBDE8704000F070B840EA13
:108C200001035B0008BF41F0FF410BD0B2EB400FE6
:108C300008BFB2EB410F08D120F0804008EE900A47
:108C400021F0804108EE101A18E7B2EB400F12BF76
:108C50005FEA410340F0FF4001F000413FF40EAFF6
:108C6000B2EB410F12BF5FEA400200F0004041F05A
:108C7000FF413FF403AF4A0092EA40033FF5FEAEE6
:108C8000002AACBF9FED1A0A9FED1A0A68EE808A8F
:108C900028EE008A18EE900A18EE101AEEE6000090
:108CA000DB0FC9BFDB0FC93FDB0F4940DB0F49C0FA
:108CB0000000C9BF22AAFDB90000C93F22AAFD39A0
:108CC0000060ED3EC30ACE3700000000000049C03E
:108CD00022AA7DBA0000494022AA7D3A2DAD65BD89
:108CE0008FB8D53D0FB511BE61C84C3EA8AAAABE2B
:108CF0000000804F0000802F30EE000A704730EEF9
:108D0000200A7047DFED020A80EEA00A70470000DB
:108D1000000000009FED020A20EE000A70470000EC
:108D20000000001070B52DED028B8AB005460C4690
:108D300016460DB104B11EB90AB0BDEC028B70BD70
:108D400094ED000AB5EEC00AF1EE10FA0DD194EDE3
:108D5000010AB5EEC00AF1EE10FA06D194ED020A4E
:108D6000B5EEC00AF1EE10FA7DD09FED600AB0EECC
:108D7000408A002007900890099004900590069082
:108D80005B4A07CA01AB07C395ED010AD5ED030A9B
:108D900020EE200AD5ED000A95ED021A00EEC10A78
:108DA000F0EE000A20EE200A8DED070A95ED000A8C
:108DB000D5ED010A20EE200AD5ED020A95ED031A41
:108DC00000EE810AF0EE000A20EE200A8DED080A7E
:108DD00095ED000A20EE000AD5ED030A95ED031A81
:108DE00000EE810AF7EE000AB0EE001A51EE000A1A
:108DF000CDED090A01AB22463146284600F07AF84B
:108E0000D4ED000A60EEA00A94ED011AD4ED011A27
:108E100041EE210A94ED021AD4ED021A41EE210A24
:108E2000B0EE600AF7F73EFBB0EE408A94ED000A20
:108E300020EE080A84ED000A94ED010A20EE080AEB
:108E400084ED010A94ED020A20EE080A84ED020A7C
:108E500094ED010ADDED090A20EE200AD4ED020AA4
:108E60009DED081A00E03EE000EEC10A8DED040A17
:108E700094ED020ADDED070A20EE200AD4ED000A87
:108E80009DED091A00EEC10A8DED050A94ED000A68
:108E9000DDED080A20EE200AD4ED010A9DED071A47
:108EA00000EEC10A8DED060A96ED000ADDED010A1D
:108EB0009DED041A00EE810A86ED000A96ED010A86
:108EC000DDED020A9DED051A00EE810A86ED010A2C
:108ED00096ED020ADDED030A9DED061A00EE810A09
:108EE00086ED020A00BF00BF26E700000000000078
:108EF0002C9400082DE9F0412DED048B07460D461A
:108F000014461E469FED580AB0EE409A9FED560A51
:108F1000B0EE408A9FED540AF0EE408AD4ED000A8C
:108F200060EEA00A94ED011AD4ED011A41EE210A77
:108F300094ED021AD4ED021A41EE210AB0EE600A55
:108F4000F7F7B0FAF7EE000A80EE801AB0EE419A19
:108F5000D5ED000AB0EE600AFFF7D7FAF0EE409ABE
:108F6000D5ED010AB0EE600AFFF7CFFA79EE809AEC
:108F7000D5ED020AB0EE600AFFF7C7FA39EE800AB3
:108F8000F0EE408A3948D0ED000A79EE600AB0EE82
:108F9000600AFFF7BAFAB0EE408A9FED350AB4EEE8
:108FA000C08AF1EE10FA06DC9FED320AF4EEC08AB8
:108FB000F1EE10FA53DD9FED2C2AB0EE420A9FED40
:108FC0002A2AF0EE421AB7EE002AF0EE420A9FED8E
:108FD000262AB0EE421AB5EEC08AF1EE10FA05DD8F
:108FE0009FED232AC2EE082AB0EE620A9FED222AE4
:108FF000B4EEC20AF1EE10FA03D29FED1B2AB0EED6
:10900000420AF5EEC08AF1EE10FA05DD9FED192A4D
:10901000C2EE282AF0EE621AB7EE002AB4EEC20AB7
:10902000F1EE10FA03D220EE802AF0EE420AB7EEFB
:10903000002AF4EEC21AF1EE10FA03D220EEA12AB1
:10904000F0EE420A9FED0D2A20EE822AB0EE421A7F
:1090500086ED001A86ED011A86ED021A00BFBDECFE
:10906000048BBDE8F0810000000000000C0000202F
:10907000CDCCCC3D8FC2F53D9A99993ECDCC4C3E9E
:1090800010B52DED048B86B00446B0EE408AF0EEAC
:10909000608AB0EE419A0020039004900590009001
:1090A00001900290B0EE000AC8EE000AF0EE609A5D
:1090B000B0EE690AF7F7E6F98DED030AB0EE000AA3
:1090C000C8EE800AF0EE609AB0EE690AF7F7DAF9B6
:1090D0008DED040AB0EE000AC9EE000AF0EE609AC7
:1090E000B0EE690AF7F7CEF98DED050AB0EE000A89
:1090F000C8EE000AF0EE609AB0EE690AF7F7DAF906
:109100008DED000AB0EE000AC8EE800AF0EE609A1B
:10911000B0EE690AF7F7CEF98DED010AB0EE000A5C
:10912000C9EE000AF0EE609AB0EE690AF7F7C2F9EC
:109130008DED020A9DED050ADDED040A20EE200A00
:10914000DDED030A20EE200ADDED020A9DED011A95
:1091500060EE810A9DED001A00EE810A84ED000A9E
:109160009DED020ADDED040A20EE200ADDED030A82
:1091700020EE200ADDED050A9DED011A60EE810A60
:109180009DED001A00EEC10A84ED010A9DED050A6D
:10919000DDED010A20EE200ADDED030A20EE200AB3
:1091A000DDED020A9DED041A60EE810A9DED001AC4
:1091B00000EE810A84ED020A9DED050ADDED040A48
:1091C00020EE200ADDED000A20EE200ADDED020A85
:1091D0009DED011A60EE810A9DED031A00EEC10AB1
:1091E00084ED030A06B0BDEC048B10BD2DE9F041FF
:1091F00004460D4616461F4614B10DB106B10FB90F
:10920000BDE8F081D4ED010A94ED031A60EE810A05
:1092100094ED001AD4ED021A41EE610AB8EE001A7C
:1092200060EE810AB0EE600AF7F728F986ED000AD1
:1092300094ED001A21EE011AD4ED011A94ED012AE1
:1092400001EE821AF7EE001AB0EE002A52EE011A71
:10925000F0EE610A94ED001AD4ED031A21EE211A02
:10926000D4ED011A94ED022A01EE821AF0EE001AF2
:1092700021EE211AB0EE410AF7F702F985ED000A56
:1092800094ED001A21EE011AD4ED031A94ED032A8D
:1092900001EE821AF7EE001AB0EE002A52EE011A21
:1092A000F0EE610A94ED001AD4ED011A21EE211AB4
:1092B000D4ED021A94ED032A01EE821AF0EE001AA0
:1092C00021EE211AB0EE410AF7F7DAF887ED000A2D
:1092D00000BF95E710B52DED028B04469FED1D0AEA
:1092E000B0EE408AD4ED000A60EEA00A94ED011AB7
:1092F000D4ED011A41EE210A94ED021AD4ED021ABE
:1093000041EE210A94ED031AD4ED031A41EE210A2D
:10931000B0EE600AF7F7C6F8B0EE408A94ED000AA6
:1093200020EE080A84ED000A94ED010A20EE080AF6
:1093300084ED010A94ED020A20EE080A84ED020A87
:1093400094ED030A20EE080A84ED030ABDEC028BBB
:1093500010BD00000000000010B500EE100A2DED59
:10936000028BB1EEC08A18EE100A20F00040C0F166
:10937000FF40C00F0AD010EE100A20F00040C0F1EC
:10938000FF40C00F04BF0120F7F734F818EE100AB1
:10939000BDEC028B10BD91ED000AB1EE400A80EDEC
:1093A000010A91ED010AB1EE400A80ED020A91ED49
:1093B000020AB1EE400A80ED030A91ED000A80ED49
:1093C000040A91ED020A80ED060A91ED010AB1EE60
:1093D000400A80ED070A91ED010A80ED080A91ED3F
:1093E000020AB1EE400A80ED090A91ED000A80ED13
:1093F0000B0A91ED020A80ED0C0A91ED010A80ED55
:109400000D0A91ED000AB1EE400A80ED0E0A704798
:10941000F1EE100A4FF6FF71C0F2C03120EA0100F0
:1094200040F04070E1EE100A70470000CDCC4C3E99
:10943000CDCC4C3ECDCC4C3E0000000000000000E6
:1094400001020304060708090000000001020304EA
:1094500040AC037D04014103057C00026D0D026DEB
:109460000902000610160006101600000000C8448D
:10947000CDCC4C3E0000000000000000920E493CA4
:10948000B10AC93C2BC3163D2EFB483D752B7B3DD5
:1094900004A9963D80B6AF3D36BDC83D2FBCE13D29
:1094A00073B2FA3D87CF093E8340163EB5AB223EEC
:1094B000A2102F3ECF6E3B3EC2C5473E0115543E23
:1094C000135C603E7F9A6C3ECCCF783EC07D823E7E
:1094D000938E883E229A8E3E32A0943E86A09A3E7B
:1094E000E59AA03E128FA63ED47CAC3EEF63B23E1E
:1094F0002A44B83E491DBE3E15EFC33E53B9C93E8E
:10950000CA7BCF3E4136D53E80E8DA3E4F92E03E00
:109510007533E63EBBCBEB3EEA5AF13ECBE0F63E7E
:10952000275DFC3EE4E7003F3D9C033F824B063F46
:109530009BF5083F6B9A0B3FDA390E3FCDD3103FB6
:109540002A68133FD9F6153FC07F183FC6021B3F5C
:10955000D17F1D3FCBF61F3F9967223F25D2243F85
:109560005636273F1594293F4AEB2B3FDE3B2E3FD3
:10957000BB85303FC9C8323FF304353F233A373FFC
:109580004268393F3B8F3B3FF9AE3D3F67C73F3FA6
:1095900070D8413F01E2433F03E4453F65DE473F6A
:1095A00012D1493FF8BB4B3F029F4D3F207A4F3FBE
:1095B0003D4D513F4918533F31DB543FE595563FF0
:1095C0005348583F6AF2593F1A945B3F532D5D3F11
:1095D00005BE5E3F2146603F97C5613F5A3C633FF1
:1095E00059AA643F880F663FD86B673F3CBF683F0E
:1095F000A7096A3F0C4B6B3F5E836C3F93B26D3F94
:109600009ED86E3F73F56F3F0809713F5213723F4A
:109610004714733FDD0B743F0BFA743FC6DE753F92
:1096200007BA763FC58B773FF853783F9812793F5A
:109630009DC7793F02737A3FBE147B3FCDAC7B3F21
:10964000283B7C3FC9BF7C3FAC3A7D3FCCAB7D3FE4
:1096500023137E3FB0707E3F6DC47E3F580E7F3F28
:109660006D4E7F3FAB847F3F0FB17F3F97D37F3FEE
:1096700043EC7F3F11FB7F3F0000803F11FB7F3FAA
:1096800043EC7F3F97D37F3F0FB17F3FAB847F3F5A
:109690006D4E7F3F580E7F3F6DC47E3FB0707E3F62
:1096A00023137E3FCCAB7D3FAC3A7D3FC9BF7C3FAF
:1096B000283B7C3FCDAC7B3FBE147B3F02737A3F9F
:1096C0009DC7793F9812793FF853783FC58B773F14
:1096D00007BA763FC6DE753F0BFA743FDD0B743F69
:1096E0004714733F5213723F0809713F73F56F3F80
:1096F0009ED86E3F93B26D3F5E836C3F0C4B6B3FC9
:10970000A7096A3F3CBF683FD86B673F880F663F39
:1097100059AA643F5A3C633F97C5613F2146603F69
:1097200005BE5E3F532D5D3F1A945B3F6AF2593F81
:109730005348583FE595563F31DB543F4918533F56
:109740003D4D513F207A4F3F029F4D3FF8BB4B3F6D
:1097500012D1493F65DE473F03E4453F01E2433F05
:1097600070D8413F67C73F3FF9AE3D3F3B8F3B3F1E
:109770004268393F233A373FF304353FC9C8323F87
:10978000BB85303FDE3B2E3F4AEB2B3F1594293FF4
:109790005636273F25D2243F9967223FCBF61F3FFD
:1097A000D17F1D3FC6021B3FC07F183FD9F6153F32
:1097B0002A68133FCDD3103FDA390E3F6B9A0B3F27
:1097C0009BF5083F824B063F3D9C033FE4E7003F8B
:1097D000275DFC3ECBE0F63EEA5AF13EBBCBEB3ECA
:1097E0007533E63E4F92E03E80E8DA3E4136D53EA4
:1097F000CA7BCF3E53B9C93E15EFC33E491DBE3E9D
:109800002A44B83EEF63B23ED47CAC3E128FA63EF3
:10981000E59AA03E86A09A3E32A0943E229A8E3EC1
:10982000938E883EC07D823ECCCF783E7F9A6C3E40
:10983000135C603E0115543EC2C5473ECF6E3B3EB1
:10984000A2102F3EB5AB223E8340163E87CF093E85
:1098500073B2FA3D2FBCE13D36BDC83D80B6AF3D89
:1098600004A9963D752B7B3D2EFB483D2BC3163D31
:10987000B10AC93C920E493C00000000920E49BC5E
:10988000B10AC9BC2BC316BD2EFB48BD752B7BBDD1
:1098900004A996BD80B6AFBD36BDC8BD2FBCE1BD25
:1098A00073B2FABD87CF09BE834016BEB5AB22BEE8
:1098B000A2102FBECF6E3BBEC2C547BE011554BE1F
:1098C000135C60BE7F9A6CBECCCF78BEC07D82BE7A
:1098D000938E88BE229A8EBE32A094BE86A09ABE77
:1098E000E59AA0BE128FA6BED47CACBEEF63B2BE1A
:1098F0002A44B8BE491DBEBE15EFC3BE53B9C9BE8A
:10990000CA7BCFBE4136D5BE80E8DABE4F92E0BEFC
:109910007533E6BEBBCBEBBEEA5AF1BECBE0F6BE7A
:10992000275DFCBEE4E700BF3D9C03BF824B06BF42
:109930009BF508BF6B9A0BBFDA390EBFCDD310BFB2
:109940002A6813BFD9F615BFC07F18BFC6021BBF58
:10995000D17F1DBFCBF61FBF996722BF25D224BF81
:10996000563627BF159429BF4AEB2BBFDE3B2EBFCF
:10997000BB8530BFC9C832BFF30435BF233A37BFF8
:10998000426839BF3B8F3BBFF9AE3DBF67C73FBFA2
:1099900070D841BF01E243BF03E445BF65DE47BF66
:1099A00012D149BFF8BB4BBF029F4DBF207A4FBFBA
:1099B0003D4D51BF491853BF31DB54BFE59556BFEC
:1099C000534858BF6AF259BF1A945BBF532D5DBF0D
:1099D00005BE5EBF214660BF97C561BF5A3C63BFED
:1099E00059AA64BF880F66BFD86B67BF3CBF68BF0A
:1099F000A7096ABF0C4B6BBF5E836CBF93B26DBF90
:109A00009ED86EBF73F56FBF080971BF521372BF46
:109A1000471473BFDD0B74BF0BFA74BFC6DE75BF8E
:109A200007BA76BFC58B77BFF85378BF981279BF56
:109A30009DC779BF02737ABFBE147BBFCDAC7BBF1D
:109A4000283B7CBFC9BF7CBFAC3A7DBFCCAB7DBFE0
:109A500023137EBFB0707EBF6DC47EBF580E7FBF24
:109A60006D4E7FBFAB847FBF0FB17FBF97D37FBFEA
:109A700043EC7FBF11FB7FBF000080BF11FB7FBFA6
:109A800043EC7FBF97D37FBF0FB17FBFAB847FBF56
:109A90006D4E7FBF580E7FBF6DC47EBFB0707EBF5E
:109AA00023137EBFCCAB7DBFAC3A7DBFC9BF7CBFAB
:109AB000283B7CBFCDAC7BBFBE147BBF02737ABF9B
:109AC0009DC779BF981279BFF85378BFC58B77BF10
:109AD00007BA76BFC6DE75BF0BFA74BFDD0B74BF65
:109AE000471473BF521372BF080971BF73F56FBF7C
:109AF0009ED86EBF93B26DBF5E836CBF0C4B6BBFC5
:109B0000A7096ABF3CBF68BFD86B67BF880F66BF35
:109B100059AA64BF5A3C63BF97C561BF214660BF65
:109B200005BE5EBF532D5DBF1A945BBF6AF259BF7D
:109B3000534858BFE59556BF31DB54BF491853BF52
:109B40003D4D51BF207A4FBF029F4DBFF8BB4BBF69
:109B500012D149BF65DE47BF03E445BF01E243BF01
:109B600070D841BF67C73FBFF9AE3DBF3B8F3BBF1A
:109B7000426839BF233A37BFF30435BFC9C832BF83
:109B8000BB8530BFDE3B2EBF4AEB2BBF159429BFF0
:109B9000563627BF25D224BF996722BFCBF61FBFF9
:109BA000D17F1DBFC6021BBFC07F18BFD9F615BF2E
:109BB0002A6813BFCDD310BFDA390EBF6B9A0BBF23
:109BC0009BF508BF824B06BF3D9C03BFE4E700BF87
:109BD000275DFCBECBE0F6BEEA5AF1BEBBCBEBBEC6
:109BE0007533E6BE4F92E0BE80E8DABE4136D5BEA0
:109BF000CA7BCFBE53B9C9BE15EFC3BE491DBEBE99
:109C00002A44B8BEEF63B2BED47CACBE128FA6BEEF
:109C1000E59AA0BE86A09ABE32A094BE229A8EBEBD
:109C2000938E88BEC07D82BECCCF78BE7F9A6CBE3C
:109C3000135C60BE011554BEC2C547BECF6E3BBEAD
:109C4000A2102FBEB5AB22BE834016BE87CF09BE81
:109C500073B2FABD2FBCE1BD36BDC8BD80B6AFBD85
:109C600004A996BD752B7BBD2EFB48BD2BC316BD2D
:109C7000B10AC9BC920E49BC00000080494E535F36
:109C80005441534B0064656661756C745461736B29
:109C9000007472795F747279007D04017C00024067
:109CA000AB034100055308065804070F0008108253
:109CB0000911000A15800B16000C18010D00000098
:109CC000E09C000800000020B8000000C40100086B
:109CD000989D0008B8000020184C0000E001000822
:109CE0000000000000000000CDCC1C41CDCC1C4188
:109CF0000100000010000000E7416B3A58A08B3AC9
:109D0000A2FFFFFF82FFFFFFFFFFFFFF92FFFFFFAA
:109D1000FFFFFFFFFF0000000000803F0000000089
:109D200000000000000000000000803F0000000074
:109D300000000000000000000000803F0000803FA5
:109D40000000000000000000000000000000803F54
:109D50000000000000000000000000000000803F44
:109D60000024F40011000000120000000000803FF9
:109D70000000000000000000000000000000803F24
:109D80000000000000000000000000000000803F14
:089D9000AAAAAAAA0000000023
:040000050800018965
:00000001FF
