:020000040800F2
:10000000088F002065020008056C0008DD57000815
:10001000016C0008D50A000899980008000000004B
:10002000000000000000000000000000A1810008A6
:100030008D16000800000000B16D0008D582000890
:100040007F0200087F0200087F0200087F0200088C
:100050007F0200087F020008911600087F02000856
:100060007F02000899160008A11600087F02000808
:10007000751300087F0200087F0200087F02000855
:100080007F0200087F0200087F0200087F0200084C
:10009000D90A00087F0200087F020008A91600089C
:1000A0007F0200087F0200087F0200087F0200082C
:1000B000C58300087F0200087F0200087F02000855
:1000C0007F0200087F0200087F0200087F0200080C
:1000D0007F020008958700087F020008A1870008BA
:1000E0007F0200087F0200087F0200087F020008EC
:1000F0007F0200087F0200087F0200087F020008DC
:100100007F0200087F0200087F0200087F020008CB
:100110007F0200087F0200087F0200087F020008BB
:100120007F020008811300088D1300085D16000887
:100130007F0200087F0200087F0200087F0200089B
:10014000E50A00087F0200087F020008096C000829
:10015000691600087516000881160008AD870008AA
:100160007F0200087F0200087F0200087F0200086B
:100170007F0200087F0200087F02000800000000E4
:100180007F0200087F02000800F002F800F05AF831
:1001900014A696E8000CB244B344DA4501D100F04D
:1001A00051F8BAE80F000FA696E83000A5EB040559
:1001B00004EB0607AAEB0704A7F101074FEA1515A0
:1001C0004FEA3414A4F10104AC4201D300F03AF830
:1001D00013F0010F18BFFB1A43F0010300F001F800
:1001E000DBE7184798F40000B8F40000103A24BF89
:1001F00078C878C1FAD8520724BF30C830C144BF8C
:1002000004680C6070470000704700000023002461
:1002100000250026103A28BF78C1FBD8520728BF16
:1002200030C148BF0B607047752900F0DD8063293D
:1002300000F04C82002070471FB50EF00EFC1FBD71
:1002400010B510BD00F057FA1146FFF7F5FF0AF0A0
:1002500017FA00F075FA03B4FFF7F2FF03BC00F0E1
:1002600079FA00000948804709480047FEE7FEE7A1
:10027000FEE7FEE7FEE7FEE7FEE7FEE7FEE7FEE756
:1002800004480549054A064B70470000B183000841
:100290008901000808890020088F0020088B0020B1
:1002A000088B002053EA020C00F069802DE9F04B26
:1002B0004FF00006002B1FBFB3FA83F503FA05F4D5
:1002C00024FA05F65E4012BF1643B2FA82F502FA2E
:1002D00005F4C5F120051EBF22FA05FC44EA0C0412
:1002E000203556EA044C4FEA144418BF641C4FF002
:1002F00000084FF00009904271EB030C39D300293C
:1003000019BFB1FA81F701FA07F6B0FA80F700FADF
:1003100007F6C7F120071EBF20FA07FC46EA0C06C5
:100320002037B6FBF4FCA7EB0507103F07F01F0BC7
:10033000CBF120062CFA06F60CFA0BFB44BFB346B1
:100340000026202FA4BF5E464FF0000B5BEA060C90
:1003500008BF4FF0010B19EB0B0948EB0608ABFB8C
:10036000027C06FB02CC0BFB03CCC01B71EB0C0127
:10037000C1E70B46024641464846BDE8F08B13B53F
:10038000084318BF4FF0FF300146AFF30080BDE8CF
:100390001C40704770B50C460546012A05D02878E8
:1003A000800600D5EA69002302E0012305E05B1C1A
:1003B000934202D2E05C0028F9D1A869E618C01A7D
:1003C000A861286A184428622846AFF3008004E038
:1003D000D5E9012114F8010B9047B442F8D328461F
:1003E000AFF3008070BD00002DE9F0410646002407
:1003F00010687529314616A510D0AFF3008000288B
:1004000002DA404213A507E031688A0701D512A538
:1004100002E0490704D511A5012401E0AFF30080F3
:1004200000210A2206F1240709E0B0FBF2FCB0FB30
:10043000F2F302FB1C00303078541846491C0028A7
:10044000F3D123462A463046BDE8F04100F0DBB840
:10045000000000002D0000002B0000002000000024
:1004600010B5431C02E010F8011B71B18107FAD1ED
:100470004FF0013202C88C1A8C4314EAC211F9D031
:10048000C01A0A0603D0C01E10BDC01A10BD0A044F
:1004900001D0801E10BD0902FCD0401E10BD032AF1
:1004A00040F2308010F0030C00F0158011F8013B91
:1004B000BCF1020F624498BF11F801CB00F8013B78
:1004C00038BF11F8013BA2F1040298BF00F801CB3C
:1004D00038BF00F8013B11F0030300F02580083A13
:1004E000C0F0088051F8043B083A51F804CBA0E86A
:1004F0000810F5E7121D5CBF51F8043B40F8043BBF
:10050000AFF30080D20724BF11F8013B11F801CBF3
:1005100048BF11F8012B24BF00F8013B00F801CBC4
:1005200048BF00F8012B704710B5203AC0F00B808F
:10053000B1E81850A0E81850B1E81850A0E81850D9
:10054000203ABFF4F5AF5FEA027C24BFB1E818504F
:10055000A0E8185044BF18C918C0BDE810405FEAB1
:10056000827C24BF51F8043B40F8043B08BF70472D
:10057000D20728BF31F8023B48BF11F8012B28BF32
:1005800020F8023B48BF00F8012B704702F0FF0340
:1005900043EA032242EA024200F002B84FF00002AE
:1005A00000B5134694469646203922BFA0E80C5069
:1005B000A0E80C50B1F12001BFF4F7AF090728BF44
:1005C000A0E80C5048BF0CC05DF804EB890028BFC0
:1005D00040F8042B08BF704748BF20F8022B11F0E9
:1005E000804F18BF00F8012B704770477047704765
:1005F00010B500F07BF8006810BD10B5044600F09F
:1006000075F8046010BD2DE9F0470D4699469246F5
:10061000044600F124080168880604D5E06921F049
:100620001001216000E00120A84201DD471B00E02D
:100630000027A1697A1902EB0900081AA061207845
:10064000C00602D42046AFF30080002608E0D4E9BB
:1006500001211AF806009047206A401C761C20628F
:100660004E45F4DB2078C0060AD52046AFF3008063
:1006700006E0D4E9012130209047206A401C206226
:10068000381EA7F10107F4DC07E0D4E9012118F8CE
:1006900005009047206A401C2062281EA5F1010534
:1006A000F3DC2046AFF300802078000602D502205C
:1006B000BDE8F0870120FBE710B5436913B1AFF344
:1006C000008001E0FFF766FE012010BD127800F106
:1006D00024010A7000224A700122EDE711684FF0F0
:1006E000FF32E9E700487047B0000020004870473B
:1006F000B000002070477546FFF7F4FFAE460500D6
:100700006946534620F00700854618B020B5FFF72C
:10071000B7FDBDE820404FF000064FF000074FF056
:1007200000084FF0000BAC46ACE8C009ACE8C009CB
:10073000ACE8C009ACE8C00921F007018D4670475C
:1007400010B50446AFF300802046BDE81040FFF727
:1007500082BD000001491820ABBEFEE72600020062
:100760000CF08EBF0DF022B809F09CB900281CBF18
:10077000002101607047000000281EBF0021C4F264
:10078000B011016070470000B0EE401AB1EEC00A2F
:10079000B4EE400AF1EE10FA04D6B7EE001A81EE7C
:1007A000000A704780B5B0EE410A0DF092F9BDE83D
:1007B0008040F2E709F0C0B90020C4F20200102125
:1007C000012202F08FB800000020C4F202001021C4
:1007D000002202F087B800007047000040F200409D
:1007E000C4F202000121012202F07CB840F2004074
:1007F000C4F202000121002202F074B8B0F9003006
:1008000040F2100CC2F2000C00EE103A9CED001AFF
:10081000B8EEC00A21EE000A81ED000AB0F90230FC
:100820009CED001A00EE103AB8EEC00A21EE000A64
:1008300081ED010AB0F9043000EE103AB8EEC00ABA
:1008400021EE000A81ED020AC3798179007A1B0248
:1008500043EA0040084400EE100A9FED041AB8EE87
:10086000400A20EE010A82ED000A704700401C4257
:100870007047000009F02EBF09F0D0BCB0F900208D
:1008800000EE102A40F21402C2F2000292ED001AA9
:10089000B8EEC00A21EE000A81ED000AB0F902307C
:1008A00092ED001A00EE103AB8EEC00A21EE000AEE
:1008B00081ED010AB0F9040000EE100AB8EEC00A9A
:1008C00021EE000A81ED020A7047000010B5FFF723
:1008D00083FFFFF7CDFF09F013FA08B1802402E08F
:1008E00009F070F9044609F0FBFB00281CBF44F036
:1008F000400010BD09F078FB204310BD2DE9F04306
:1009000083B08146002090460E46CDE90000FFF7F7
:100910005BFF922000F0A8F8922000F0A5F868464E
:10092000451E06242F4600BF552000F09DF8013CCF
:10093000210607F8010FF7D1FFF73EFFBDF90000D0
:10094000BDF9021000EE100A40F21000C2F20000E1
:1009500090ED001AB8EEC00ABDF9042021EE000A9D
:1009600086ED000A00EE101A90ED001A02EE102A31
:10097000B8EEC00AB8EEC22A21EE000A21EE021A31
:1009800086ED010A86ED021AFFF730FF802000F0A5
:100990006BF808242E4600BF552000F065F8013C96
:1009A000210606F8010FF7D1FFF718FF9DF80000A8
:1009B0000F2825D1BDF90200BDF9041000EE100A80
:1009C00040F21400C2F2000090ED001AB8EEC00A26
:1009D000BDF9062021EE000A89ED000A00EE101A8A
:1009E00090ED001A02EE102AB8EEC00AB8EEC22A44
:1009F00021EE000A21EE021A89ED010A89ED021AA0
:100A0000FFF7E2FEA22000F02FF8A22000F02CF861
:100A1000022400BF552000F027F8013C210605F80C
:100A2000010FF7D1FFF7C8FE9DF900009DF80120E6
:100A3000C1B2C90041EA52114FF60002CFF6FF726F
:100A4000002848BF114300EE101AB8EEC00AB4EEF9
:100A5000001A20EE010AB3EE071A30EE010A88ED03
:100A6000000A03B0BDE8F08380B582B08DF80700BE
:100A700041F6BC004FF47A7CC2F200000DF1070190
:100A80000DF106020123CDF800C003F0A9FC9DF88A
:100A9000060002B080BD000090F900204078D3B27B
:100AA000DB0043EA50104FF60003CFF6FF73002A35
:100AB00048BF184300EE100AB8EEC00AB4EE001AA0
:100AC00020EE010AB3EE071A30EE010A81ED000AAA
:100AD00070470000FEE7000041F28C00C2F2000007
:100AE00001F0DCB841F2B400C2F2000001F0D6B867
:100AF00010B58AB00024CDE9034403910821DDE953
:100B00000CECCDE907440791110A8DF80410190A7D
:100B10008DF806104FEA1E218DF808104FEA1C21AF
:100B20008DF805208DF807308DF80A1003A901AA69
:100B300009ABCDE905448DF809E08DF80BC000F054
:100B400063FF0AB010BD000080B58AB00022CDE975
:100B5000032203910821CDE90722CDE9052207915F
:100B600003A901AA09AB8DED010ACDED020A00F03F
:100B70004BFF0AB080BD00002DE9F04F81B02DED94
:100B80000E8B41F6F04A48F20000C2F2000AC4F2AD
:100B90000440CAF89C0042F20000C4F29950CAF81E
:100BA000500148F20000C4F21840CAF8040249F2A9
:100BB0000000C4F29C50CAF8B80240F62850C2F2B5
:100BC000000090ED02CA9FED7D0A90ED00EA2CEE48
:100BD000000A9FED7B1A90ED01DA30EE0E8A2CEEC2
:100BE000412A3EEE40AA2CEE010A18EE100A32EE1F
:100BF0004DBA30EE4D9A0DF0BFFE02460B460DF099
:100C000003FC80461BEE100A89460DF0B5FE024635
:100C10000B460DF0F9FB06460F4640464946324664
:100C20003B460DF031FB41EC100B0CF015FF51EC85
:100C3000100B0DF0F7FA47F6E474C2F20004606599
:100C40001AEE100A0DF098FE02460B460DF0DCFB82
:100C500032463B4683460D460DF016FB41EC100B29
:100C60000CF0FAFE51EC100B0DF0DCFAC4F8AC00FD
:100C700019EE100A0DF080FE02460B460DF0C4FB83
:100C800006460F465846294632463B460DF0FCFACA
:100C900041EC100B0CF0E0FE51EC100B0DF0C2FA21
:100CA000C4F804014046494632463B460DF0ECFA92
:100CB00041EC100B0CF0D0FE51EC100B0DF0B2FA21
:100CC000C4F85C010AF1A400B0EE4B0AF0EE480A49
:100CD00008F0E4FD0AF5AC70B0EE4B0AF0EE4A0AFB
:100CE00008F0DCFD0AF50370B0EE490AF0EE4A0A9E
:100CF00008F0D4FD0AF53070B0EE490AF0EE480A6B
:100D000008F0CCFDB5EE40EAF1EE10FA12D1B5EEE6
:100D100040DAF1EE10FA0DD1B5EE40CAF1EE10FA5C
:100D200008D10020CAF8A400CAF85801CAF80C0279
:100D3000CAF8C0029FED238A9FED239A40F6DB7725
:100D40000AF1A8055426C4F2490705E05836B6F55D
:100D5000DA7F05F1B4052CD035F8A60C15ED031A91
:100D600000EE100AB8EE400A30EE410A80EE080AA2
:100D700015ED011A30EE410A09F048FCB0EEC01A38
:100D8000B4EE491AF1EE10FA85ED000ADEDD10EE40
:100D9000100A67F31E0001EE100AA01930EE410A96
:100DA00090ED001A85ED000AB1EE410A80ED000ACF
:100DB000CCE7BDEC0E8B01B0BDE8F08FADE2243F77
:100DC00016D4433F83F9A244DB0FC93F79B14EF6F5
:100DD000C42C421EFF20C0F6000C00BF12F8013FD9
:100DE000C0B258401CF800000139F7D17047FF200D
:100DF000704700004FF00002F0B103291CD3B1F19D
:100E0000010C12D010B54EF6C42E4B42421EFF21EB
:100E1000C0F6000E12F8014F013361401EF80110B8
:100E20005C1CF7D1BDE8104000E0FF2110F80C0079
:100E3000081AB0FA80F042091046704700284FF6B1
:100E4000FF7218BF002911D04EF6C43C0138C0F61D
:100E5000000C00BF10F8013F013983EA0203DBB246
:100E60003CF8133092B283EA1222F3D190B2704769
:100E70004FF0000260B303292AD3B0B5B1F1020CE0
:100E80004FF6FF7212D04EF6C43E431EC0F6000E5F
:100E9000644600BF13F8015F013C85EA0205EDB22C
:100EA0003EF8155092B285EA1222F3D110F80C30B8
:100EB000D5B2AB42BDE8B0401CBF0020704708442B
:100EC00010F8010C91B2A0EB1120B0FA80F04209A9
:100ED00010467047A0F20121072988BF70472DE90D
:100EE000F04381B04EF68C22C0F6000252F8215039
:100EF00019A252F8216020A215A052F8217026A252
:100F0000405C52F821402CA2DDF82C8052F8219050
:100F100009F0A2F928883080B8F8000000BA000C67
:100F20002880B8F80200C0BA00EE100AB8EEC00A75
:100F300087ED000AB8F8040000BA000C208098F889
:100F4000060089F8000001B0BDE8F043704700BF1B
:100F50000201040308060507E47F00203C8000200E
:100F6000EC800020948000200C1F0020A41D002095
:100F7000F01C0020581E0020E87F00204080002048
:100F8000F080002098800020101F0020A81D002065
:100F9000F41C00205C1E0020EC7F00204480002018
:100FA000F48000209C800020141F0020AC1D002035
:100FB000F81C0020601E0020EE7F002046800020EC
:100FC000F68000209E800020161F0020AE1D00200D
:100FD000FA1C0020621E00202DE9F04740F2023288
:100FE00090426FDCB0F5987F00F0908040F20132C3
:100FF000904240F0AD808D880A88EEBA4B8802EEB0
:10100000106A40F60046C2F20006D7BADCBA76890A
:1010100000EE107A40F6285701EE104AB8EEC00AEA
:10102000C2F20007B8EEC11AB8EEC22A312E87ED1F
:10103000000A87ED011A87ED022A38D840F28C1693
:10104000C2F20006367806F0F006402E2FD112BA12
:10105000120C1BBA12B21E0C2BBA804610464FEA75
:10106000134A89460DF0B8F99FED510B54EC105B13
:101070002A4623460DF0C8F90DF0D4F8386030B296
:101080000DF0AAF92A4623460DF0BEF90DF0CAF874
:1010900078600FFA8AF00DF09FF92A4623460DF08A
:1010A000B3F90DF0BFF8494602464046BA60CA7926
:1010B00002F0010287F85C20C979C1F3400187F88A
:1010C0005D1031E040F20332904225D0B0F5417F0F
:1010D0003ED10A78013A042A26D8DFE802F0035DFF
:1010E00046523B00B1F8012040F6985312BA120C58
:1010F000C2F200031A80B1F80520B1F803709A809B
:101100003ABAC979120C5A8099710DE00446084622
:101110000AF06AFD204607E0496840F6144209BA21
:10112000C2F20002C2F8061040F20331884209D030
:10113000B0F5417F18BFBDE8F08741F6E940C2F243
:10114000000003E041F6E840C2F200000121017016
:10115000BDE8F087B1F8052040F69853C2F20003CD
:101160001A84D1F80110D961DEE7D1F8012049686D
:1011700040F69853C2F20003C3F81110C3F80E20D2
:10118000D2E7D1F80120496840F69853C2F2000333
:101190009961C3F81520C7E7D1F80120496840F6E6
:1011A0009853C2F20003C3F80A10C3F80720BBE744
:1011B000333333333333E33F70B582B047F6E470F3
:1011C000C2F2000090ED0B0A90ED211A90ED4D3A1D
:1011D000BDEEC00A90ED372A10EE102ABDEEC10A0E
:1011E00010EE103ABDEEC30A41F2B40610EE104AFA
:1011F000BDEEC20AC2F2000610EE105A30464FF49D
:101200000071CDE90045FFF773FC01200AF0AEFE46
:1012100041F6F040C2F2000090ED0B0A90ED381A52
:1012200090ED922A90ED653ABDEEC00ABDEEC22A5D
:10123000BDEEC11A10EE105ABDEEC30A12EE102A0E
:1012400011EE103A10EE104A304640F2FF11CDE98F
:101250000054FFF74DFC012002B0BDE870400AF0D9
:1012600085BE0000B0B582B041F2B404C2F2000401
:10127000002520464FF400710022002300950195BF
:10128000FFF736FC01200AF071FE204640F2FF1104
:101290000022002300950195FFF72AFC012002B0EF
:1012A000BDE8B0400AF062BE2DE9F04381B02DEDFB
:1012B000048B47F6E4709FED200BC2F2000041F66C
:1012C000F0499FED1F8AA0F158070024C2F20009DF
:1012D00055EC108B09EB040696ED2A0A06F1540032
:1012E000F0EE480A05F096FC96ED010AD6ED1D0ACF
:1012F00006F10C0005F08EFCD7F8AC0097ED179ABC
:1013000007F164060DF038FB42462B460DF07CF8E1
:101310000CF088FF00EE900A3046B0EE490A05F066
:1013200079FCB434B4F5347F07F15807D2D1BDEC61
:10133000048B01B0BDE8F083E27A144806780140DE
:101340000000000005F066FD40F62854C2F20004DB
:1013500005E000BFFFF730FF01200AF007FEFFF7AE
:101360000BFCFFF7A1FF94F85C000028F2D1FFF717
:1013700079FFF1E741F26420C2F2000000F0ACBF57
:1013800041F2C420C2F2000000F0A6BF80B500F018
:1013900009F841F2E400C2F20000BDE8804000F02C
:1013A0009BBF0000B0B541F6BC00C2F20000C16CAA
:1013B00046F2A040C4F202000968A0F1480246F2D9
:1013C0009F059142C4F2020502D950F89C3C11E0FD
:1013D00046F25803C4F2020303F16004A14202D9A9
:1013E000D3F8A83306E0994202D953F8543C01E0FF
:1013F00053F8583CA9424FF0200414DD46F23F4513
:10140000C4F20205A94223DC46F2A005C4F202059B
:10141000A9422CD046F21045C4F20205A94237D0A9
:1014200046F228452EE046F23F05C4F20205A942E5
:1014300020DD46F24005C4F20205A94217D046F26B
:101440007005C4F20205A94222D046F2880519E0CF
:1014500046F24045C4F20205A94208D046F2704562
:10146000C4F20205A94213D046F288450AE04FF4BF
:1014700000140DE046F21005C4F20205A94207D09F
:1014800046F22805C4F20205A94261D14FF4006476
:101490002340002B00F0E080914210D946F27042C8
:1014A000C4F20202914246D046F28842C4F20202DD
:1014B000914244D14FF4006240F8942C7EE046F211
:1014C0005802C4F2020202F16003994218D946F2AE
:1014D0001042C4F2020291425DD046F22842C4F2A8
:1014E0000202914252D046F24042C4F202029142BC
:1014F0000CBF4FF400114FF0006140F8981C5DE004
:1015000091422CD946F27000C4F2020081424ED0C2
:1015100046F28800C4F20200814240D046F2A000A8
:10152000C4F2020081420CBF4FF400104FF0006083
:1015300042F84C0C42E0202240F8942C3EE04FF060
:101540000062814208BF4FF4001240F8942C35E04D
:101550004FF00064814208BF4FF4001498E746F250
:101560001000C4F20200814225D046F22800C4F2E5
:101570000200814218D046F24000C4F202008142CB
:101580000CBF4FF400104FF0006015E04FF4006105
:1015900040F8981C12E0202140F8981C0EE04FF40F
:1015A000006042F84C0C09E04FF4006004E0202099
:1015B00042F84C0C02E0202042F8500C40F6FA753C
:1015C000C2F20005287800248007C4F202040DD579
:1015D0002878012100F0FD0028702878012240F0D1
:1015E0000400287004F5806001F07CF940F6A14009
:1015F000C2F20000017889070CD50178012201F0C0
:10160000FD010170017841F00401017020461021B4
:1016100001F068F940F6A040C2F2000001788907A5
:101620000CD50178012201F0FD010170017841F033
:10163000040101702046102101F054F908F0A4FEC5
:101640002878400758BFB0BD43F61040C4F20100EF
:10165000016841F001010160B0BD000041F2441099
:10166000C2F2000000F038BE41F2A410C2F2000045
:1016700000F032BE41F22430C2F2000000F02CBE75
:1016800041F20420C2F2000000F026BE70470000C4
:10169000012001F051B80000082001F04DB8000011
:1016A000102001F049B80000202001F045B80000EA
:1016B00072B600BFFEE70000B0B581B00022009214
:1016C00090F83C20012A02D1022001B0B0BDD1F82F
:1016D00000E00122BEF10A0F80F83C200ED31FFA71
:1016E0008EF25200036812FA8EF21E3A4FF0070C87
:1016F00053F80C5F0CFA02F4A54308E003680EEB04
:101700004E02072553F8104F954024EA05051D6049
:101710008D6805FA02F21D682A431A604A68062A93
:101720000ED802EB82014A1F01681F2351F8345F73
:10173000934025EA03030B601FFA8EF3934014E0F5
:10174000016802EB82030C2A1FFA8EF203D851F8CB
:10175000304F233B02E051F82C4F413B1F259D4069
:1017600024EA050502FA03F30D600A6842F2043C1C
:101770001A430A60C4F2010C0168BEF1120FACF505
:10178000417308BF994205D1DCF8002042F4800281
:10179000CCF800202EF00102102A08BF994205D093
:1017A000002180F83C10002001B0B0BDDCF8001032
:1017B000BEF1100F41F40001CCF80010F0D140F25E
:1017C0001C01C2F2000109684DF68362C4F21B32AB
:1017D000A1FB0212910C01EB8101490000910099DB
:1017E0000029DDD000990139F8E70000002804BF86
:1017F0000120704710B5016C39B9044600F0A0F81B
:1018000020460021616484F83C10016CC9063AD47A
:10181000016C41F202129143023142F2043201643E
:10182000C4F20102116821F440311160136890E89C
:1018300012102343D0F810E013604A68012422F408
:1018400080724A604A68C0F6007442EA0E224A601A
:101850004A6822F040724A604A6842EA0C024A60D2
:101860008A6822F400628A60C2688B681A438A60C0
:10187000826A8B68A24223F070638B608B6804D10C
:1018800023F040520AE0012152E01A438A608A683C
:1018900022F040528A60C26A8B681A438A608A6862
:1018A00022F002028A608A68037E90F8204042EAB1
:1018B00043028A604A6884B142F400624A604A681E
:1018C0004EF2000322F460424A60426ACFF6FF7390
:1018D0004C6803EB4232224301E022F400624A608A
:1018E000CA6A40F2000C22F47002CA62C3694269FB
:1018F000CFF6F07CCC6A0CEB03532343CB628B68AE
:1019000023F400738B6090F830308C6844EA4323F2
:101910008B608B6823F480638B608B6843EA822240
:101920008A6000214164026C012363F301020264B6
:10193000002280F83C20BDE81040084670470000B7
:1019400080B586B0006842F20022C4F20102002194
:101950009042CDE90411CDE90211019116D042F275
:101960000001C4F20101884238D10020009043F602
:101970004400C4F20200016841F480710160006813
:1019800000F480700090009806B080BD43F64400DB
:101990000091C4F20200026842F4806202600268B0
:1019A00002F480620092009A009150F8142C42F0E8
:1019B000200240F8142C50F8140C00F02000009085
:1019C00000984FF4806001900320CDE9020141F2BC
:1019D0000040C4F2020001A900F0BAFE06B080BDCA
:1019E00090F82020013A012A04D8006800F114027E
:1019F000002004E000F1240201204FF4802113684C
:101A0000194311607047000010B590F820E0D0F83D
:101A100000C0AEF1010EBEF1010FDCF808E011D8F4
:101A20001EF0E05F14D0CEF301640120A0401860E6
:101A30008B689BB1D1F804E0C86840EACE0040EA68
:101A4000030E0FE000F1240301204FF4802121E078
:101A500000F1240301204FF400111BE00868CB685B
:101A600043EA405E0CF5C07000EB0413240140F81B
:101A700004E00C69184640F8044F097D012903D1A0
:101A8000016841F48071016050680121D8601068DC
:101A9000986000201A681143196010BD90F820204A
:101AA000013A012A30D8B0B546F20060C4F2000015
:101AB000026842F001020260026822F47C52026075
:101AC000D1F814E0CC694A6A0368012C43EA022287
:101AD00002600EF01F024FF0010303FA02F2C36925
:101AE0006FEA020C23EA0203C36113D02CBBC36864
:101AF00003EA0C03C360CB688C8844EA034300EB21
:101B0000CE0423640B4611E0416A41F48021416216
:101B100001207047C3681343C3600B688C8844EA94
:101B2000034300EBCE04236401F10C038C681B8893
:101B300043EA044300EBCE04636443688D6943EADF
:101B40000204D1F810E0096A002D08BF03EA0C0472
:101B500044604369BEF1000F43EA020408BF03EA90
:101B60000C040129446102D1C1691143C1610168BA
:101B700021F0010101600020B0BD000070470000AD
:101B8000B0B590F82040013C012C78D804680029B9
:101B90000CBFE4682469A40777D004684FEA011CED
:101BA00004F5D87555F80C4014F00404946055F809
:101BB0000CE005EB011C19BF4FEADE0555604FEA4A
:101BC0005E551560DCF80050E64605F00205D5606C
:101BD0005EF8044F24075ABFDEF8004004F00F04FB
:101BE00008241461DEF800400029C4F3072494613E
:101BF000DEF800504FEA15455561DCF808201A70F0
:101C0000026802EB0112D2F8B8214FEA12225A7090
:101C1000026802EB0112D2F8B8214FEA12429A7020
:101C2000026802EB0112D2F8B8214FEA1262DA70B0
:101C3000026802EB0112D2F8BC211A71026802EBB1
:101C40000112D2F8BC214FEA12225A71026802EB4B
:101C50000112D2F8BC214FEA12429A71026802EBDB
:101C60000112D2F8BC214FEA1262DA7100680CBF8F
:101C700000F10C0100F11001002020220AE000F127
:101C8000240101204FF4802204E000F1240101200E
:101C90004FF400120B681A430A60B0BD2DE9F04FF3
:101CA00081B0044600684669D0F804908768D0F88F
:101CB0000CB0D0F810A0D0F81880F10703D100259F
:101CC00030071CD423E0F90710D00121BA07816046
:101CD00009D4780700F1AA80380700F1B0802046C7
:101CE00000F06EFA02E0204600F06CFA0025F805DC
:101CF00000F18480F80300F1AA80300707D51BF0BB
:101D0000100004D0206845F400751021C1607007F0
:101D100008D51BF0080005D020680821C1602046C6
:101D200000F0E6F9B00706D52068C068800702D049
:101D3000204600F0DFF9700607D51AF0100004D035
:101D4000206845F4806510210161B00608D51AF0BD
:101D5000080005D0206808210161204600F0FCF948
:101D6000F00606D520680069800702D0204600F002
:101D7000F5F9B00308D519F0100005D0206810213E
:101D80004160204600F0ECF9F00308D519F0080096
:101D900005D0206808214160204600F01DFA30047B
:101DA00040F18F805FEA497040F1888006F48070CE
:101DB00008EA102028435FEA8871014648BF41F0D5
:101DC0000201B20558BF01465FEA48700D4648BFA0
:101DD00045F00405700558BF0D4630056ED518F066
:101DE00070006BD010380009052862D8DFE800F0D9
:101DF000035C5659535F45F008055AE020684FF4DC
:101E00008071BA0581600AD4780512D4380519D4D6
:101E1000204600F0D9F9F8037FF56FAF17E02046B0
:101E200000F0D4F9F8037FF568AF10E04FF40065D7
:101E30005DE705F50055F8037FF55FAF07E04FF468
:101E4000805554E705F58045F8037FF556AF2068C7
:101E50004FF48031BA0381600AD478030FD4380379
:101E600013D4204600F0B4F930073FF548AF4EE7F1
:101E7000204600F0AFF930073FF541AF47E705F5E1
:101E8000004530073FF53BAF41E705F580353007AA
:101E90003FF535AF3BE745F080050AE045F020050A
:101EA00007E045F0400504E045F0100501E045F489
:101EB00080752068816921F07001816120680421AA
:101EC00041604DB1606A40EA05012046616201B09F
:101ED000BDE8F04FFFF752BE01B0BDE8F08F000043
:101EE000002804BF01207047B0B5044690F82000D8
:101EF00010B9204600F06EF82068016841F0010139
:101F0000016000F0F5FC054620684168C90705D16D
:101F100000F0EEFC401B0B28F6D310E0016821F026
:101F20000201016000F0E4FC054600BF2068416842
:101F300089070DD500F0DCFC401B0B28F6D3606A46
:101F4000052140F400306062012084F82010B0BD0B
:101F5000217E0268012922F0800208BF80320260DF
:101F6000617E0268012922F0400208BF403202600F
:101F7000A17E0268012922F0200208BF20320260FF
:101F8000E17E0268012922F0100218BF10320260BF
:101F9000217F0268012922F0080208BF083202608E
:101FA000617F0268012922F0040208BF0432026046
:101FB000D4E901C2D4E9033561691A432A431143C4
:101FC000ACF101021143C16100200121606284F87B
:101FD0002010B0BD10B586B0006846F60002C4F20D
:101FE000000200219042CDE90411CDE902110191D6
:101FF00033D046F20041C4F20001884276D140F26B
:10200000C411C2F200010A6843F64000C4F20200A3
:10201000531C0B6052B900210091016841F000711E
:102020000160016801F000710091009900210091A8
:1020300050F8101C142441F0080140F8101C50F80E
:10204000100C032100F008000090009840F20040BE
:10205000C4F2020000F5006034E043F64000C4F230
:1020600002000091016841F080610160016801F0A7
:1020700080610091009940F2C411C2F200010A6827
:10208000531C0B6052B900210091016841F00071AE
:102090000160016801F00071009100990021009138
:1020A00050F8101C402441F0020140F8101C50F878
:1020B000100C602100F002000090009840F20040F7
:1020C000C4F2020001910221029100210391032137
:1020D00004910921059101A900F03AFB2046052150
:1020E000002201F083F8204601F06EF806B010BD22
:1020F000704700002DE9F04184B040F6F44440F60A
:10210000EC48C2F20004C2F2000800212246434615
:102110000546FFF735FD41F2B400C2F200008542EA
:1021200007D194E8CF10CDF80C808DE8C010FEF7F1
:10213000D1FE41F28C00C2F2000085421CBF04B007
:10214000BDE8F081206840F6EC41C2F2000104B025
:10215000BDE8F041FEF740BF704700007047000047
:1021600070470000B0B5044690F8200001281DD14A
:10217000022084F820002068016821F0010101603C
:1021800000F0B6FB054600BF20684068C00713D0CA
:1021900000F0AEFB401B0B28F6D3606A40F4003021
:1021A0006062052084F820000120B0BD606A40F420
:1021B000002060620120B0BD00206062B0BD000060
:1021C0007047000070470000704700007047000033
:1021D000704700007047000070470000002804BFEF
:1021E00001207047417941B910B5002101710446C1
:1021F00000F008F82046BDE81040012141710020A0
:102200007047000043F63001C4F202010068A1F5F6
:102210000362904218BF704781B0002000900868A8
:1022200040F480500860086800F4805000900098E6
:1022300001B0704770B5866D044600F059FB94F804
:102240003510022925D105462068216C026822F04C
:1022500016020260426922F08002426109B9A16C53
:1022600019B1016821F008010160016821F0010144
:10227000016000BF20680068C0070ED000F038FB86
:10228000401B0628F6D320206065032084F8350023
:102290000CE080206065012008E0E06D3F2101FA3C
:1022A00000F0B060012084F835000020002184F89F
:1022B000341070BD90F83510022909D1052180F83D
:1022C00035100068016821F00101016000207047AD
:1022D0008021416501207047F0B581B00021009157
:1022E00040F21C01C2F200010B68D0E9166148F20D
:1022F000B51537680822C1F64E358A403A42A3FB2D
:1023000005350CD003681C68640708D51C6824F0E8
:1023100004041C60B260426D42F001024265012279
:102320008A403A4208D003685B691B0604D5B26054
:10233000426D42F00202426504228A403A4208D0CD
:1023400003681B689B0704D5B260426D42F004022B
:10235000426510228A403A4216D001680B681B077A
:1023600012D5B2600B680A685B0306D4D20506D4A6
:102370000A6822F008020A6001E011033FD4016CF0
:1023800011B1044688472046C26D202101FA02F3AC
:102390003B4241D001680F68FF063DD5B36090F81D
:1023A00035700B68052F1AD123F016030B604B69AB
:1023B00023F080034B61036C0BB9836C1BB10B687A
:1023C00023F008030B603F219140B160012180F8A8
:1023D0003510016D002280F83420D9BB3EE00A6838
:1023E0005B0310D4D20512D40A6822F010020A60EE
:1023F000012180F83510002180F8341007E0816C4D
:102400000029BED1C0E7110301D4416C00E0C16BCB
:1024100011B1044688472046416DF9B1416DC907A5
:1024200016D0052180F835100168AA0A0B6823F040
:1024300001030B60009B01339342009302D80B68A9
:10244000DB07F7D1012180F83510002180F8341026
:10245000C16C19B101B0BDE8F040084701B0F0BD52
:102460002DE9F041044600F043FAC4B105460220CC
:1024700084F835000020216884F83400086820F0D2
:102480000100086020680168C9070BD000F030FA2D
:10249000401B0528F6D90321202203207AE00120E1
:1024A000BDE8F081016848F23F02CFF21002D4E9A2
:1024B000013501EA020ED4E9032143EA0E032B435E
:1024C000D4E9056C1A43D4E907781143314341EA52
:1024D0000702616A42EA0802042942EA0C0303D1B6
:1024E000D4E90B273A43134303604269042922F0DD
:1024F000070241EA02012DD1D4E90A5341EA05015C
:1025000043B3BCF5005F08D0BCF1000F12D1022D1F
:1025100016D0012D07D09DB119E0032D17D8DFE8A3
:1025200005F00B0F0B02A3F1C072B2FA82F252094E
:102530004AB90FE0032D02D2012222B90AE006D1E6
:10254000C3F3006232B101214022012022E00022C7
:10255000002AF8D100F0F8024AF6AB23103ACAF686
:10256000AA23A2FB03374EF6FE5341613909C0F698
:102570000003595C40F2FF3398435F2A4FF03F025B
:1025800088BF0430C4E9160102FA01F1816000221B
:1025900001210020626584F83510BDE8F08100005B
:1025A00090F834C0BCF1010F04BF0220704770B531
:1025B0004FF0010C80F834C0D0F858E090F835C0E6
:1025C000BCF1010F37D14FF0020C80F835C04FF04D
:1025D000000CC0F854C0D0F800C08468056CC06D11
:1025E000DCF80060402C26F48026CCF80060CCF8A3
:1025F00004300B4604BF13460A463F2101FA00F09F
:10260000CCF80830CCF80C20CEF80800DCF800003C
:1026100040F01600CCF800002DB1DCF8000040F0CE
:102620000800CCF80000DCF8000040F00100CCF815
:102630000000002070BD002180F83410022070BD21
:1026400010B501381F2800F27680DFE800F0107422
:102650007474747474537474747474747436747499
:10266000747474747474747474747474745F41F6F0
:102670000D30C2F20000012101700AF09DFB01281B
:1026800059D040F2D010C2F2000040F2C0140068ED
:10269000C2F20004214609F0E1FC2068002808BFCE
:1026A00010BD4EF60450CEF200004FF08051016094
:1026B000BFF34F8FBFF36F8F3DE00A2007F0CCFDD3
:1026C00040F6A140C2F20000017841F00101017022
:1026D00040F6A040C2F20000017841F00101017013
:1026E00041F60E30C2F20000007820B3BDE8104081
:1026F00007F04ABE0B2007F0AFFD41F67430C2F27E
:102700000000017841F00101017010BD092007F0BF
:10271000A3FD40F6FA70C2F20000017841F0010119
:10272000017041F60E30C2F20000007818B1BDE829
:10273000104007F029BE10BD43F61441C4F2010158
:102740000A68024214BF08607047FFF779BF0000B3
:102750002DE9F04F83B000F1200200F13E4741F631
:102760000045009207F1FF77C4F2020508224FEA04
:10277000B726A84208BF0722072E38BF4FEAB72264
:1027800000274FF0000A4FF0000801920AE000BF56
:1027900008F101080AF1020AB8F1100F07F1040765
:1027A00000F09D800D68012202FA08FC15EA0C0970
:1027B000EED04D68032205F0030BABF10106012EAC
:1027C00002FA0AFE10D88668CC6826EA0E0604FAD9
:1027D0000AF4344384604468C5F3001524EA0C0607
:1027E00005FA08F52E434660BBF1030F1BD0C668FF
:1027F0008D6826EA0E0605FA0AF52E43BBF1020F94
:10280000C66010D16FF00302009D02EA580655F829
:1028100006C007F01C040F220B69A2402CEA02023A
:10282000A3401A43AA5102684B6822EA0E0203F041
:10283000030606FA0AF6324313F4403F0260A7D0BB
:10284000002243F644030292C4F202031A6843F6DC
:10285000004442F480421A601A68C4F2010402F48F
:1028600080420292029A28F003024FF6084C22445A
:10287000CFF6FF7C52F80C3007F00C060F25B54060
:10288000AB43019D05FA06F6334342F80C30A268CB
:102890004B6842EA090643F60C4CDD0258BF22EAB7
:1028A0000906A660C4F2010CDCF800209D0242EA91
:1028B000090658BF22EA0906CCF8006062689D0349
:1028C00042EA090658BF22EA090666602268DB036D
:1028D00042EA090658BF22EA0906266058E703B013
:1028E000BDE8F08F002A08BF09048161704700002D
:1028F00047F6CC70C2F2000000687047002804BFA1
:1029000001207047F0B581B0044690F83D0028B929
:10291000002084F83C00204600F058FB242084F876
:102920003D002068016821F001010160016841F467
:1029300000410160016821F40041016001F054FA96
:10294000636848F2A16CC0F2010C40F60011C0F2BD
:102950003D0163453CBF48F28041C0F21E01884200
:1029600002D2012001B0F0BD4DF68361C4F21B31EB
:10297000A0FB01122168970CD1F804E04FF4967681
:102980002EF03F0545EA92454D60774348F63816EC
:102990000D6AC0F24106A7FB067625F03F076345A6
:1029A00038BF960C721C3A430A62CA6948F2A066A4
:1029B0004CF6FF77C0F20106B34222EA070C0AD8B0
:1029C00001385A00B0FBF2F001306FF31F300428D9
:1029D00098BF042020E0A2681927002A08BF032717
:1029E00001385F43B0FBF7F701373F0509D052B11B
:1029F00019225A43B0FBF2F00422013062F31F3077
:102A000008E0012008E003EB4302B0FBF2F00130E4
:102A10006FF31F3040F4004040EA0C00C8610868C2
:102A2000D4E9072320F0C0001043184308608868E9
:102A300048F2FF3204F10C0790438CCF1843104347
:102A4000A6698860C86820F0FF0038433043C8603A
:102A5000086840F00100086000202021206484F80C
:102A60003D10206384F83E0001B0F0BD2DE9F04F29
:102A700083B0984692468B460446FFF739FF94F898
:102A80003D10202909D105462068806910F0020018
:102A900007D194F83C00012828D1022003B0BDE8FA
:102AA000F08F012686EA500707E000BF20688069A2
:102AB00010F0020086EA5007EBD0FFF719FF401B29
:102AC0001A28F3D3206880698007EFD500202021E1
:102AD000206384F83D1084F83E00216C41F0200111
:102AE0002164F90784F83C00D3D1D6E7012122689C
:102AF00084F83C101368DDE90D090C99DB0703D15C
:102B0000136843F001031360136823F40063136038
:102B1000222284F83D20402284F83E2000222264B4
:102B200061626085608D594620850020CFF6FF7078
:102B3000E062204652464346CDE9009502F050FE41
:102B400018B1012003B0BDE8F08F208D022817D006
:102B5000012804D000BB00200290206806E0206815
:102B6000016821F4806101600021029141690291B4
:102B7000816902910299016841F40071016013E0DA
:102B80002068016821F480610160016841F40061FE
:102B900001600021029102E000200290206841695A
:102BA0000291806902900298218D002900F00C8129
:102BB0004FF0010B09F101074FF000084FF0200A18
:102BC0002068032950F8142F21D8022955D0012953
:102BD00070D151060ED52068616A00690870E6E080
:102BE00020684069400640F10281206850F8141FB7
:102BF0004906F0D40168C90600F1ED80FFF778FEC0
:102C0000B9F1000FECD0401B4845EED9E8E751067A
:102C100026D52068616A00690870606A228D0130DB
:102C2000013A606222852168638D013B63854B69AF
:102C30005B0740F1C58092B2032A03D10A6822F4EF
:102C400080620A6009690170B1E000BF20684069D4
:102C5000400640F1CC80206850F8141F4906D8D4B3
:102C60000168C90600F1B780FFF742FEB9F1000F15
:102C7000ECD0401B4845EED9E8E712F0040040F0E4
:102C800082808BEA90060AE02068406940076BD595
:102C90002068406910F004008BEA900673D1002F81
:102CA000F6D0FFF725FEB9F1000FEDD0401B4845E7
:102CB000EED9E9E712F0040027D18BEA90060AE08A
:102CC00020684069400711D52068406910F0040071
:102CD0008BEA900619D1002FF6D0FFF709FEB9F163
:102CE000000FEDD0401B4845EED9E9E7C4F830802D
:102CF00084F83DA084F83E80206C40F020002064E1
:102D0000F00784F83C807FF41CAF2068616A026899
:102D100022F48062026000690870606A21680130F4
:102D20006062208D01382085608D0138608548699A
:102D300010F0040027D18BEA90060AE02068406971
:102D4000400711D52068406910F004008BEA900616
:102D500019D1002FF6D0FFF7CBFDB9F1000FEDD060
:102D6000401B4845EED9E9E7C4F8308084F83DA01F
:102D700084F83E80206C40F020002064F00784F846
:102D80003C807FF4DEAE2068616A026842F4007223
:102D9000026000690870606A2268411C6162218DCE
:102DA00001392185618D0139618511694170606A40
:102DB000218D01306062481E2085608D013860855C
:102DC000218D00297FF4FCAE202084F83D000020F6
:102DD00084F83E0017E06FF0100101600020202110
:102DE000206384F83D1084F83E00206C09E0002048
:102DF0002021206384F83D1084F83E00206C40F0D0
:102E0000200020640120002184F83C1003B0BDE8BC
:102E1000F08F00002DE9F04F83B0994692468B4623
:102E20000446FFF765FD94F83D10202909D10546B9
:102E30002068806910F0020007D194F83C00012856
:102E400028D1022003B0BDE8F08F012787EA5006A1
:102E500007E000BF2068806910F0020087EA500692
:102E6000EBD0FFF745FD401B1A28F3D3206880699B
:102E70008007EFD500202021206384F83D1084F8DE
:102E80003E00216C41F020012164F10784F83C00F0
:102E9000D3D1D6E70121226884F83C101368DDE91C
:102EA0000D080C99DB0703D1136843F0010313608D
:102EB000136823F400631360212284F83D2040222C
:102EC00084F83E200022226461626085608D59464C
:102ED00020850020CFF6FF70E062204652464B4628
:102EE000CDE9008502F0B4FD00286AD1208DC0B381
:102EF00008F1010604E000BF2068406900064BD5D8
:102F0000206850F8141F09060DD4016849053ED405
:102F1000002EF5D0FFF7ECFCB8F1000FECD0401B11
:102F20004045EDD9E8E7606A2168034613F8012BB4
:102F30000A61228D6362531E2385678D013F678579
:102F40004F697F070AD51B0408D0437802300B6114
:102F50006062901E2085608D01386085208D00287C
:102F6000CED1204641462A4602F06AFE08BB2068C0
:102F7000016841F400710160202084F83D000020C8
:102F800084F83E0084F83C0003B0BDE8F08F6FF495
:102F900080610160042000E02020002120222163C4
:102FA00084F83D2084F83E10226C1043206484F89D
:102FB0003C10206C042804D12068016841F40071A1
:102FC0000160012003B0BDE8F08F00002DE9F0475B
:102FD00086B045F600460068C4F200060025B042FF
:102FE0000595CDE903550295019502D006B0BDE8DF
:102FF000F08743F630070095C4F20207386801AC49
:1030000040F00400386038684FF0120800F0040007
:1030100000900098009538684FF0030940F00100D7
:10302000386038684FF0040A00F001000090009802
:103030004FF40070019006F5D6302146CDE90285A7
:10304000CDF81090CDF814A0FFF782FB4FF48070FC
:10305000CDE9010803A880E8200606F5D230214614
:10306000FFF776FB0095386940F400003861386955
:1030700000F400000090009806B0BDE8F087000062
:1030800040F2A40047F6CC71C2F20000C2F2000187
:1030900000780A68104408607047000080B543F665
:1030A0000040C4F20200016841F40071016001684F
:1030B00041F480610160016841F480710160032086
:1030C00000F0C0F80F2000F005F800F05BF80020D9
:1030D00080BD000070B586B0002543F64001019523
:1030E000C4F202010A68044642F001020A6009685B
:1030F00001A801F0010101910199694600F04EFE1D
:10310000049E002E18BF012600F06EFE4DF683616E
:10311000B040C4F21B31A0FB01014FF0FF3000EBC7
:10312000914141F65C10C2F200004FF0804240F243
:10313000E733C0E90021C0E902530561856101F070
:10314000DDFA08B106B070BD41F65C10C2F20000B5
:1031500001F04AFB0028F5D105461C2000F034F8A8
:103160000F2C0CD81C202146002200F03FF840F222
:10317000A800C2F200000460284606B070BD01201D
:1031800006B070BD82B0002043F640010190C4F249
:1031900002014A6842F480424A604A6802F480426E
:1031A0000192019A00900868002240F08050086067
:1031B00008680F2100F08050009000986FF0010027
:1031C00002B000F013B80000002848BF704700F0BC
:1031D0001F01012202FA01F11C2202EAD0004EF284
:1031E0000012CEF2000281507047000010B54EF67A
:1031F0000C5CCEF2000CDCF80030C3F3022E8EF033
:103200000704042C28BF0424BEF103034FF0FF3E43
:103210000EFA04F438BF0023A14399400EFA03F3D9
:103220009A43114300F1604200F00F03090102F5D7
:103230006442043B6344002848BF03F10C02117050
:1032400010BD00004EF60C51CEF200010A684FF698
:10325000FF031A4060F30A2242F0806040F0FD70E4
:103260000860704770470000D0F8E00405F004BC27
:1032700001EBC102D0F8E03400EB8200026A18468C
:1032800005F060BB01EBC102D0F8E03400EB820036
:10329000D0F86022184605F0AFBB0000D0F8E0047B
:1032A00005F0ECBBB0B5037901F00F029A4284BF80
:1032B0000120B0BD4BB24FF41574002B48BF14244D
:1032C00000EB040E90F8944402EBC2034FEAD11CC9
:1032D0000EEB8301012C4FF0000481F801C08C70CB
:1032E0000EF8232004BF0220B0BD0268012380F83D
:1032F00094340546104606F017F8204685F89444A5
:10330000B0BD000070B54FFA81FC4FF4157EBCF1E2
:10331000000F01F00F0C48BF4FF0140E00EB0E042D
:103320000CEBCC05CE0904EB85016FF3DF224E7068
:1033300004F825C08A600B7118BFA1F81AC0022BCF
:1033400004BF00224A7190F89424012A04BF02208D
:1033500070BD0268012380F894340446104605F0DD
:1033600065FF002084F8940470BD000010B501F0E2
:103370000F0E0EEBCE0100EB81044FF0000CC4F8F1
:1033800068C284F855C290F806C004F51571C4F8F7
:103390006022C4F86432BCF1010F84F854E208BF23
:1033A000CA610068624606F005F8002010BD000002
:1033B000B0B5027901F00F0494424FF001022CD80D
:1033C0004BB24FF41575002B48BF14254FEAD11CA2
:1033D00048BF2146054401EBC10305EB830181F899
:1033E00001C090F894C48A70BCF1010F05F8234025
:1033F00004BF0220B0BD02680123054680F8943462
:10340000104605F0B9FF2CB92868A97905F29C424D
:1034100005F05CFF002285F894241046B0BD000042
:1034200001F00F0C0CEBCC0100EB810101F814CF83
:103430004FF0000C0B618379C1F814C04FF0010C00
:10344000CA60012B81F801C008BFCA6180B500685D
:103450001A4605F0AFFF002080BD00002DE9F04FB7
:1034600087B005688246284606F014F910B107B007
:10347000BDE8F08FDAF8000006F03AF90028F6D03F
:10348000D5F80808C0F30D21DAF80000CAF8D41402
:1034900006F02EF9800705D5DAF80000416901F041
:1034A00002014161DAF8000005F50061049106F0BF
:1034B0001FF9C006059536D5DAF80000816921F0BC
:1034C000100181612C6A04F00F0000EBC0000AEBD0
:1034D0008001C4F34340062801F5157511D0022878
:1034E0001AD147F6F07014EA000615D0E9683409DD
:1034F0000598224606F000F9E86800EB1610E8602F
:1035000007E005980AF29C41082206F0F5F8C4F39A
:103510000A14686920446861DAF80000816941F0A2
:1035200010018161059DDAF8000006F0E1F8000362
:1035300040F1EC80DAF8000006F0B8F8002800F05E
:10354000E58006460AF29C404FF4306800244FF0B4
:10355000000B06901AE000BF05EB08000221816015
:10356000B80642BF05EB080020218160B80442BFC5
:1035700005EB08004FF4005181600BF1010B760858
:1035800008F1200804F1240400F0C080F007F4D012
:10359000DAF800005FFA8BF9494606F0A1F8074611
:1035A000C0075FD005EB080001218160DAF8000058
:1035B00008EB0001036C8A689AF80650012D25D1AA
:1035C000150732D4950600F1998043F20B05C4F635
:1035D0005475AB42059D02D312F400422FD10AEB81
:1035E0000402D2F8743209696FF3DF41A3EB0101E1
:1035F000C2F8681294BBD2F86432002B00F08480C9
:10360000D2F860020844C2F8600227E043F20B05DA
:10361000C4F65475FF35AB4217D1059D10040ED486
:10362000900644BF2020886018E043F20B00C4F6E7
:103630005470059D834215D312F4004012D04FF40C
:103640000040886038070FD438E0059D34B9DAF8B7
:10365000641219B90021069A05F038FE5046494611
:10366000FFF710FE380729D505EB08000821816017
:10367000DAF8000043F20B02056C40448168C4F69E
:103680005472954205D311F400411CBF4FF4004120
:103690008160504600F0B0FA43F20B00C4F654705B
:1036A0008542059D0AD39AF80600012806D1DAF86A
:1036B0000000069A012105F009FE00BFF80642BF8E
:1036C00005EB080010218160B8077FF549AF6869F4
:1036D000000604D50499486840F4806048600AEB0D
:1036E000040090F8571201297FF436AF002180F8CA
:1036F00057125046494600F04BFA2DE720208860CB
:10370000059D3807B0D4D9E70121A4E7DAF8000015
:10371000CDF818A005F0ECFF400340F1D1800698E9
:10372000006805F0BBFF002800F0CA800646059837
:103730004FF0010B00F510670698002500F1140901
:1037400000F29C400190CDE9029704E0760805F173
:10375000010500F0B580F007F8D006985FFA85FA09
:103760000068514605F0AAFF0446C00726D0049A17
:1037700005F00F00516B0BFA00F021EA00005063D6
:1037800007EB4510C0F808B006988079012811D1E0
:1037900005EBC50009EB8000D0E902121144C160BD
:1037A00045B9006930B90698019A0068012105F011
:1037B0008DFD00BF06985146FFF75AFD200742BF16
:1037C00007EB451008218160E00642BF07EB45107A
:1037D00010218160600642BF07EB451040218160E7
:1037E000A00715D50598294605F022FF05EBC50071
:1037F00009EB800010F8031F012905D10021017099
:103800000698514600F0C0F907EB4510022181608F
:1038100020069BD505EBC50009EB8008D8E904100C
:10382000814293D3069A081A1468D8F80820904267
:1038300038BF024604EB4510D0F81819033289B29C
:10384000B1EB920F28D300F5106900BFD8E904202E
:10385000824221D9101A069AD8E902B197795845BF
:1038600038BF83461FFA8BF320465246009705F077
:10387000FFFFD8F80C00D8F814105844C8F80C0012
:1038800001EB0B00C8F81400D9F818000BF1030184
:1038900080B2B0EB910FD9D2D8E90401DDE90297EB
:1038A00088424FF0010B3FF651AF05F00F00D4F8FE
:1038B00034180BFA00F021EA0000C4F8340845E798
:1038C000069C206805F014FF059DB0F1FF3F18DC51
:1038D0000499486820F00100486094F8CC0401285D
:1038E00007D1002084F8CC0420460021FFF7BAFC61
:1038F00002E0204600F064F92068416901F00041CF
:103900004161206805F0F4FE00050BD5049880683D
:10391000C00702D0204600F077F92068416901F421
:1039200000614161206805F0E3FEC0044DD50499B3
:10393000486820F0010048602068102105F078FEFA
:103940002079D0B105F510614FF67F328A600B689F
:10395000013823F400130B60C1F80822D1F80032BB
:1039600023F40013C1F80032D1F8003243F00063B1
:10397000C1F8003201F12001E8D1049F8421F869E7
:10398000442240F00110F861E07B00284FF00B006A
:1039900008BF142108BF42F22B007B5808BF102239
:1039A00018437850B85840F00B00B850386804F20B
:1039B0009C4220F4FE6038602068A17905F086FC06
:1039C0002068416901F480514161206805F090FE52
:1039D000800416D5206805F069FC206805F04CFECF
:1039E0002568E07100F0FAF9E2790146284605F011
:1039F000B7FE204600F0D0F82068416901F400517C
:103A00004161206805F074FE000707D5204600F0EC
:103A1000DBF82068416901F008014161206805F088
:103A200067FE000627D50599886920F08000886127
:103A3000207902281FD304F5157804F11405012616
:103A400040F27B2706E000BF20790136864207F16D
:103A5000240710D2E05D0128F6D106F00F0000EB3C
:103A6000C0023006206805EB820158BF08EB8201D6
:103A700005F098FDE8E7206805F03AFEC0022CD575
:103A80002079022824D3059804F1140900F5126561
:103A900004F13B064FF00108012706E020790137C9
:103AA0002035874206F1240612D228687178012950
:103AB000F4D1B0F1FF3FF1DC07F00F0000EBC001E3
:103AC000206809EB810186F8008005F06BFDE5E7D1
:103AD0002068416901F480114161206805F008FE09
:103AE000800230D52179059D022927D305F5326062
:103AF000013904F51F72012305E000BF20300139B0
:103B000002F124021AD007681678012EF6D1B7F117
:103B1000FF3FF3DCD4F8D46486EA1747FF07EDD102
:103B200002F8013CAF6947F08007AF616F693F065B
:103B3000E4D40499486840F4007048602068416902
:103B400001F400114161206805F0D2FD400007D565
:103B50002046FFF789FB2068416901F080414161FF
:103B6000206805F0C5FD40077FF581AC20684568F9
:103B7000680702D52046FFF791FB2068416829437A
:103B8000416007B0BDE8F08FD0F8E00404F09EBFBC
:103B9000D0F8E00404F0B0BF10B5C179044621B1FB
:103BA000022901D0FDF784FD0121D4F8E00405F0DD
:103BB0002BF8D4F8E004BDE8104004F0D9BF0000B1
:103BC000D0F8E00405F006B8D0F8E00405F00CB831
:103BD00090F89424012A04BF0220704710B50122F6
:103BE00080F89424417402680446104605F0A6FD4E
:103BF000002084F8940410BDD0F8E02400F29C4129
:103C0000104605F017B8000010B50446D0F8E004DF
:103C100005F052F82068D0F8001E41F00101C0F80C
:103C2000001EE07A002808BF10BD4EF61050CEF2FC
:103C30000000016841F00601016010BD002804BFCA
:103C4000012070472DE9F04143F60808C4F202084C
:103C50000446D8F8F8030D4600F00700814207D962
:103C600088F8F853D8F8F80300F00700A84276D196
:103C70002068810717D5410705D5D8F8001041F411
:103C8000E051C8F80010010705D5D8F8001041F43C
:103C90006041C8F80010D8F80010A26821F0F001C7
:103CA0001143C8F80010C0073FD1D8F8F80300F05E
:103CB0000700854207D288F8F853D8F8F80300F0D7
:103CC0000700A8424BD12068410707D5D8F800105B
:103CD000E26821F4E0511143C8F80010000708D54C
:103CE000D8F80000216920F4604040EAC100C8F81B
:103CF000000000F0A1F8D8F800104EF6AC22C1F395
:103D00000311C0F60002515C40F21C0220FA01F1DE
:103D100040F2A800C2F200000068C2F20002116086
:103D2000FFF7D8F90020BDE8F0816068811E022904
:103D300007D258F8081C89015CBF0120BDE8F0815A
:103D400010E0012807D158F8081C89035CBF012046
:103D5000BDE8F08106E058F8081C890702D401206C
:103D6000BDE8F081D8F8001021F003010843C8F83D
:103D70000000FEF7BDFD064641F28837D8F8000086
:103D8000616800F00C00B0EB810F8ED0FEF7B0FD43
:103D9000801BB842F2D90320BDE8F0810F220260F7
:103DA00043F60802C4F20202136803F003034360FF
:103DB000136803F0F0038360136803F4E053C360F7
:103DC000D2F800C04FF4E05303EADC030361D2F8F9
:103DD000F80300F0070008607047000040F21C0084
:103DE000C2F200000068704740F21C0043F6080170
:103DF000C2F20000C4F20201006809684EF6BC225B
:103E0000C1F38221C0F60002515CC8407047000037
:103E100040F21C0043F60801C2F20000C4F20201A5
:103E2000006809684EF6BC22C1F34231C0F60002B8
:103E3000515CC8407047000010B543F60404C4F25A
:103E400002046168C1F3810142F20040C0F2F40053
:103E5000DFE801F00203080210BD41F60030C0F2B5
:103E6000B70010BD206821682368490241F600317F
:103E7000C0F2B70100F03F02C3F388105CBF42F20A
:103E80000041C0F2F401A1FB00010023FCF70AFA93
:103E900021680222C1F3014102EB4101B0FBF1F0C4
:103EA00010BD0000002804BF012070472DE9F0413B
:103EB00082B00446007843F60006C007C4F202064A
:103EC00049D0B06800F00C00042809D130688003A4
:103ED00041D5606800283ED1012002B0BDE8F081E4
:103EE000B06800F00C00082802D170684002EDD4E0
:103EF00065683068B5F5A02F05D0B5F5803F09D1CC
:103F000040F480300CE040F480203060306840F4B1
:103F1000803005E020F480303060306820F480206C
:103F20003060FEF7E5FC002D054611D030688003B7
:103F300011D4FEF7DDFC401B6428F7D928E100BF4F
:103F4000FEF7D6FC401B64284FF0030000F2E0802F
:103F500030688003F4D4207880071BD5B06810F057
:103F60000C0F09D0B06800F00C00082840F08580E4
:103F70007068400200F181803068800703D5E068F6
:103F8000012840F09A803068216920F0F80040EA6A
:103F9000C10030602078000734D42078400746D430
:103FA000A5695DB3B06800F00C00082840F09C8063
:103FB000012D00F082807068E16900F480028A427D
:103FC0007BD1216A00F03F028A4276D147F6C07168
:103FD000626A0140B1EB821F6FD1A16A4FF6FF7395
:103FE000C903994300F44032A1F580318A4264D17B
:103FF000E16A00F07060B0EB016F5ED1002002B0AA
:10400000BDE8F081606900285BD00020C4F2472041
:104010000121C0F8801EFEF76BFC0546706F80071B
:10402000BBD4FEF765FC401B0228F7D9B0E0306C2A
:104030005FEAC0080AD400200190306C40F0805044
:104040003064306C00F080500190019847F2000716
:10405000C4F200073868C00526D4386840F4807080
:104060003860FEF745FC05463868C0051CD4FEF7ED
:104070003FFC401B0228F7D98AE0E068002840F2A4
:104080000000C4F2472053D001210160FEF730FC4C
:10409000054600BF306880073FF575AFFEF728FC86
:1040A000401B0228F6D973E0A568306F052D51D06A
:1040B000012D56D140F0010059E0012002B0BDE8C9
:1040C000F0810020C4F247200021C0F8801EFEF7D6
:1040D0000FFC0546706F80077FF55FAFFEF708FCA9
:1040E000401B0228F6D953E00027C4F247270020DE
:1040F0003866FEF7FDFB022D05460DD130688001C4
:104100005DD5FEF7F5FB401B02284FF00300F5D903
:1041100002B0BDE8F08100BF306880017FF56EAF6E
:10412000FEF7E6FB401B02284FF00300F4D9EFE74F
:1041300000210160FEF7DCFB054600BF3068800708
:104140007FF528AFFEF7D4FB401B02284FF0030099
:10415000F4D9DDE740F004003067306F40F0010033
:1041600005E020F001003067306F20F00400306778
:10417000FEF7BEFB002D054641F2883713D000BF85
:10418000306F800712D4FEF7B3FB401BB842F7D95B
:10419000032002B0BDE8F081FEF7AAFB401BB84245
:1041A0004FF00300B4D8306F8007F5D4B8F1000F9A
:1041B0003FF5F6AE306C20F080503064F0E604F14C
:1041C0001C052FCD084340EA8210D9034FF6FF7239
:1041D0009143A1F5803140EA0560084370600120F9
:1041E0003866FEF785FB0446306880013FF506AF70
:1041F000FEF77EFB001B02284FF00300F4D987E78F
:1042000070B528B1416A29B100210161142106E08D
:10421000012070BD4168B1F5827F02D01C210022CF
:1042200042500026866290F8511029B980F85060FB
:10423000054600F03DF82846022180F8511090E82C
:104240002E0002F482720C6803F4044324F040044C
:104250000C601A4405F4006305691A4405F0020372
:1042600045691A4405F001038569C4691A4405F4D7
:1042700000731A4404F03803046A1A4404F08003FB
:10428000846A1A4304F400531A430A60436A0422FE
:1042900002EA154203F010031A444A60CA6922F484
:1042A0000062CA610121466580F85110304670BD38
:1042B0002DE9F04F87B0044643F200070068C4F2CE
:1042C00001070026B8420696CDE9046603960296D9
:1042D00002D007B0BDE8F08F43F630000196C4F27B
:1042E0000200416902AD41F480514161416946F2E9
:1042F000404801F4805101910199019601684FF005
:10430000020941F00201016001684FF0030A01F067
:10431000020101910199019601684FF0050B41F0EE
:10432000010101600068294600F001000190019838
:104330001820029007F55440C4F20208CDE9039614
:10434000CDF814A0CDF818B0FEF702FA8020CDE920
:10435000020904A880E8400C07F550402946FEF702
:10436000F7F941F2E405C2F200054FF440304FF096
:10437000C0674FF48069C5E908062846C5E900878B
:10438000C5E90266C5E90496C5E90666FEF768F860
:10439000002818BFFDF78CF9E564AC6341F24415C1
:1043A00008F11800C2F200054021C5E9000705F137
:1043B0000800002280E806024FF40030C5E9080238
:1043C0002846C5E90522EA61FEF74AF8002818BF29
:1043D000FDF76EF9A564AC6307B0BDE8F08F00008F
:1043E0002DE9F04383B01E4615460F460446FEF7FE
:1043F0007FFA94F851108146012908D1002F4FF01F
:10440000010018BF002D0ED103B0BDE8F083606835
:10441000B0F5827F0DD104294FF00200F4D1A168DC
:104420000029EBD0F0E7002EEED094F850000128E0
:1044300003D1022003B0BDE8F083012084F85000CE
:1044400094F85100002104281CBF052084F8510075
:104450006165A563E687A6872763E6862068A6864A
:10446000216461640168490603D4016841F0400198
:1044700001606168731EE268B1FA81F1B3FA83F3F7
:10448000DDF8288049095B09B2F5006F41EA0301B4
:1044900037D131B137F8021BC1602763E08E013894
:1044A000E086012608F10105E08E10B9E08F0028B2
:1044B0006CD02068816889070CD5E18E51B1012E3E
:1044C00008D1216B002631F8022BC2602163E18EF6
:1044D0000139E1868168C9070AD0E18F41B1C0681E
:1044E000A16B012621F8020BA163E08F0138E08760
:1044F000FEF7FEF9002DD7D0A0EB09004045D3D33D
:104500003AE039B139780173206B01302063E08ED5
:104510000138E086012608F1010500BFE08E08B9E8
:10452000E08F98B32068816889070DD5E18E59B175
:10453000012E09D1216B002609780173206B01300F
:104540002063E08E0138E08620688168C9070BD0BF
:10455000E18F49B1C068A16B01260870A06B0130E2
:10456000A063E08F0138E087FEF7C2F9002DD5D0B7
:10457000A0EB09004045D1D3012084F85100002070
:1045800084F85000032003B0BDE8F08320460221E8
:1045900001224346CDF8009003F090FD60B1606DBC
:1045A00040F02000606520206065002084F8500005
:1045B000012003B0BDE8F08340F21C00C2F200000D
:1045C000006849F68171C1F25E61A0FB0101480DEE
:1045D0004FF47A71484302906068B0F5827F0AD147
:1045E0002046802100224346CDF8009003F066FD6E
:1045F0000028D4D108E0029830B102980138029026
:10460000206880680006F6D4A06838B900200190C0
:104610002068C1680191806801900198012084F8A8
:104620005100002084F85000606D002818BF012060
:1046300003B0BDE8F0830000704700007047000041
:1046400090F83C20012A4FF0020255D010B501230A
:1046500080F83C3080F83D200268D2F804E0D2F8BF
:1046600008C00C682EF07003234341F2FF74C4F2BB
:104670000004A24253600DDC40F2FF73C4F2000359
:104680009A4215DCB2F1804F29D040F20043C4F2C7
:10469000000322E040F2FF33C4F201039A4212DC2D
:1046A00041F60003C4F200039A4218D0002312E03E
:1046B00040F60003C4F200039A4210D040F60043D3
:1046C000C4F2000309E044F20003C4F201039A4279
:1046D00005D040F20043C4F201039A4204D1496874
:1046E0002CF08003194391600121002280F83D10D5
:1046F00080F83C20BDE8104010467047002804BFF9
:104700000120704710B5044690F83D0028B90020FC
:1047100084F83C00204600F01FF8022084F83D0099
:104720002068211D03F054FE012084F8460084F81F
:104730003E0084F83F0084F8400084F8410084F88B
:10474000420084F8430084F8440084F8450084F86B
:104750003D00002010BD000083B0006844F200411D
:10476000C4F2010188422DD040F60041C4F200019C
:10477000884216D040F60001C4F20001884230D1D0
:104780000020029043F64000C4F20200016841F0AC
:1047900004010160006800F004000290029803B078
:1047A00070470020019043F64000C4F20200016807
:1047B00041F008010160006800F0080001900198D4
:1047C00003B070470020009043F64000C4F202009E
:1047D000416841F400314160406800F400300090CD
:1047E000009803B07047000090F83D1001291CBFED
:1047F00001207047022180F83D10006841F2FF72ED
:10480000C168C4F20002904241F00101C1600DDCB8
:1048100040F2FF71C4F20001884215DCB0F1804F14
:1048200029D040F20041C4F2000122E040F2FF3101
:10483000C4F20101884212DC41F60001C4F2000119
:10484000884218D0002112E040F60001C4F20001B5
:10485000884210D040F60041C4F2000109E044F261
:104860000001C4F20101884205D040F20041C4F2C7
:104870000101884206D1816801F00701062904BFC1
:1048800000207047016841F001010160002070477D
:1048900090F83C20012A4FF002026ED080B501232F
:1048A00080F83C3080F83D20D0F800C04FF6777299
:1048B000DCF8083023EA0202CCF808200B684F2B02
:1048C00028DC1F2B44DD202B45D0302B43D0402B40
:1048D00040F0AC80D1F804E0C968DCF82030DCF8A6
:1048E000202022F00102CCF82020DCF8182022F051
:1048F000F00242EA011123F00A0242EA0E02CCF869
:104900001810CCF82020DCF8081041F0470121F005
:10491000300127E06F2B32DDB3F5005F73D0B3F5C4
:10492000805F21D0702B40F08180D1E901E3C9681C
:10493000DCF8082043EA0E0322F47F4243EA012117
:104940001143CCF80810DCF8081041F0770109E0B9
:104950000BB1102B6AD1DCF8081021F0700119435B
:1049600041F00701CCF808100022012180F83D1029
:10497000002180F83C10BDE8804010467047502B65
:1049800021D0602B52D1D1F804E0C968DCF8203086
:10499000DCF8202022F01002CCF82020DCF81820CF
:1049A00022F4704242EA013123F0A00242EA0E12E0
:1049B000CCF81810CCF82020DCF8081041F0670182
:1049C00021F01001CEE7D1F804E0C968DCF820300E
:1049D000DCF8202022F00102CCF82020DCF818209E
:1049E00022F0F00242EA011123F00A0242EA0E022A
:1049F000CCF81810CCF82020DCF8081041F0570152
:104A000021F02001AEE7D1E901E3C968DCF8082014
:104A100043EA0E0322F47F4243EA01211143CCF81A
:104A20000810DCF8081041F480419BE701229CE764
:104A30007047000070B504460068C5680669B10794
:104A400016D515F0020113D06FF0020101610121AA
:104A500021778069800703D02046FFF7E9FF05E052
:104A6000204600F0CDF9204600F038FB00202077EA
:104A7000700718D515F0040015D020686FF00401F8
:104A8000016102212177806910F4407F03D0204624
:104A9000FFF7CEFF05E0204600F0B2F9204600F017
:104AA0001DFB00202077300717D515F0080014D023
:104AB00020686FF00801016104212177C069800737
:104AC00003D02046FFF7B4FF05E0204600F098F938
:104AD000204600F003FB00202077F00618D515F0E3
:104AE000100015D020686FF01001016108212177B6
:104AF000C06910F4407F03D02046FFF799FF05E01E
:104B0000204600F07DF9204600F0E8FA00202077EA
:104B1000F00718BF15F0010002D1300609D412E0E9
:104B200020686FF001010161204600F0D9FA3006DB
:104B300009D515F0800006D020686FF08001016172
:104B40002046FFF779FD700609D515F0400006D024
:104B500020686FF040010161204600F0C9FAB006FC
:104B600058BF70BD15F0200008D021686FF02002FA
:104B700020460A61BDE87040FFF760BD70BD0000CF
:104B800080B586B0006844F20042C4F20102002100
:104B90009042CDE90411CDE90211019138D040F6DF
:104BA0000041C4F2000188421DD040F60001C4F269
:104BB000000188424CD10020009043F63000C4F23E
:104BC000020001684FF4804241F008010160006872
:104BD000022100F00800009000980020C4F20200BA
:104BE00000F540602AE00020009043F63000C4F257
:104BF00002000168072241F0010101600068022102
:104C000000F00100009000980020C4F2020015E0BE
:104C100043F630000091C4F2020001684FF4807244
:104C200041F0020101600068032100F002000090E1
:104C300000980020C4F2020000F580600192022278
:104C400002920022059101A9CDE90322FDF780FD22
:104C500006B080BD90F83C30012B04BF02207047A5
:104C60004FEAB2020123032A80F83C3000F2C380ED
:104C7000F0B5DFE802F0028A3264026840F20045D3
:104C8000136A166A23F0020326F001061662D2F8B0
:104C900004E0D2F818C08E6842F48064C4F20105C2
:104CA000AC4243EA060305D1CE6823F00C0326F09C
:104CB000040633430E68AC4206D1D1E905472EF411
:104CC0004075254345EA070E2CF073073743C2F8B9
:104CD00004E097614968516389E0026840F2004549
:104CE000136A176A23F4007327F480771762D2F8E7
:104CF00004E0D2F81CC08E6842F48064C4F201055E
:104D0000AC4243EA062307D1CE6840F2FF473602A1
:104D100023F44063BE4333430E68AC4206D1D1E96D
:104D200005452EF44057254347EA051E2CF073072E
:104D30003743C2F804E0D7614968D16357E002689D
:104D400040F20047D2F820E0136A42F4806623F470
:104D5000805313625368D4690D68D1F808C0C4F257
:104D60000107BE4204D14E6923F4804343EA86130F
:104D700024F4E64646EA05265360D66149682EF4D7
:104D8000005747EA0C33116431E0026840F20045F5
:104D9000136A176A23F0200327F010071762D2F86E
:104DA00004E0D2F818C08E6842F48064C4F20105B1
:104DB000AC4243EA061307D1CE686FF0400723F0F8
:104DC000C00307EA061633430E68AC4206D1D1E9A8
:104DD00005452EF44067254347EA850E2CF4E64747
:104DE00047EA0627C2F804E09761496891631362B5
:104DF0000023BDE8F040002180F83C1018467047C1
:104E000070470000002804BF0120704710B5044619
:104E100090F83D0028B9002084F83C00204600F0BE
:104E20001FF8022084F83D002068211D03F0D0FA0D
:104E3000012084F8460084F83E0084F83F0084F89E
:104E4000400084F8410084F8420084F8430084F86C
:104E5000440084F8450084F83D00002010BD0000A7
:104E60007047000090F83C30012B04BF02207047CF
:104E70004FEAB2020123032A80F83C3000F2F880A6
:104E80002DE9F043DFE802F002AF3D7D036840F218
:104E900000461C6A1A6A24F0020422F001021A6217
:104EA0001A46D3F804C052F818EF8F6843F48065AF
:104EB000C4F20106B54244EA070405D1CF6824F0E4
:104EC0000C0427F004073C430F68B54206D1D1E932
:104ED00005582CF440762E4346EA080C2EF0730653
:104EE0003743C3F804C09F614F6809695F631C6260
:104EF0009F6947F008079F619F6927F004079F613A
:104F0000B0E0036840F200481C6A1A6A24F4007496
:104F100022F480721A621A46D3F804C052F81CEFC9
:104F20008F6843F48065C4F20108454544EA0724CC
:104F300008D1CF6840F2FF463F0224F4406427EADC
:104F400006063443D1F80090454506D1D1E905560F
:104F50002CF440572E4347EA061C2EF0730747EA0D
:104F60000907C3F804C0DF614F680969DF631C6289
:104F7000DF6947F00807DF61DF6927F00407DF61B9
:104F800070E0036840F20045D3F820C01A6A43F489
:104F9000806722F480521A621A465C6852F81C8FAD
:104FA000D1F800E08E68C4F20105AF4204D14D692A
:104FB00024F4804444EA85142CF4005747EA063769
:104FC00028F4E64646EA0E265C60DE614E68096912
:104FD0001E641F62DF6947F40067DF61DF6927F441
:104FE0008067DF613DE0036840F200481C6A1A6A8E
:104FF00024F0200422F010021A621A46D3F804C0EA
:1050000052F818EF8F6843F48065C4F201084545F3
:1050100044EA071407D1CF686FF0400624F0C004BB
:1050200006EA07163443D1F80090454506D1D1E988
:1050300005562CF440672E4347EA860C2EF4E647CB
:1050400047EA0927C3F804C09F614F6809699F6355
:105050001C629F6947F400679F619F6927F480671E
:105060009F6109021368194300231160BDE8F043F2
:10507000002180F83C10184670470000002804BF4B
:105080000120704710B5044690F83D0028B9002073
:1050900084F83C00204600F01FF8022084F83D0010
:1050A0002068211D03F094F9012084F8460084F85B
:1050B0003E0084F83F0084F8400084F8410084F802
:1050C000420084F8430084F8440084F8450084F8E2
:1050D0003D00002010BD0000704700007047000038
:1050E0000068B0F1804F18BF7047FDF7C9BF0000DE
:1050F000704700007047000070470000B0B582B0F4
:1051000001680A68CC684B6902F02F05202D04F075
:10511000200505D125B102B0BDE8B04003F06ABA60
:105120005FEA027C1EBF03F0010E04F4907313EBE0
:105130000E0340D1036BD50618D5012B16D114F000
:10514000100313D0002201920A6801924A6801926A
:10515000019A4969490647D4818DC28DC38D002BC0
:1051600018BF914240F01A8102B0B0BD13062AD593
:1051700014F0800327D090F84120212AF4D18268CE
:10518000B2F5805F03D10269002A00F03A81026A19
:10519000531C036212784A60C28C013A1304C28421
:1051A000E2D1C86820F08000C860C86840F04000C4
:1051B000C86002B0B0BDD10718BF14F4807167D1C8
:1051C00051076BD471E05206CED514F04002CBD01B
:1051D000CA6822F04002CA60202180F8411002B063
:1051E000BDE8B04000F0F6BAC26B116849688BB2F6
:1051F000002B42D0858DAB423FD2C185D169B1F53C
:10520000807F33D0016851E8031F026821F4807168
:1052100042E80313002BF5D1016851E8051F02682D
:1052200021F0010142E80513002BF5D1016851E896
:10523000051F026821F0400142E80513002BF5D15B
:10524000202180F842100021016300BF016851E86D
:10525000031F026821F0100142E80313002BF5D16F
:10526000C16B04460846FCF7E5FF20460221416376
:10527000818DC28D891A89B2B9E0818D99427FF4FE
:1052800073AFD269B2F5807F7FF46EAF0222ADE0DA
:10529000416C41F001014164510706D5BEF1000F98
:1052A00003D0416C41F002014164910706D5BEF183
:1052B000000F03D0416C41F004014164BCF1000FC8
:1052C00006D55EEA050103D0416C41F00801416456
:1052D000416C00293FF448AF910604D51DB1044646
:1052E00003F088F9204601684969426C01F04001E9
:1052F00002F0080289184AD0016851E8031F0268C9
:1053000021F4907142E80313002BF5D1016851E8B4
:10531000051F026821F0010142E80513002BF5D1B9
:10532000016B01290AD100BF016851E8031F02681F
:1053300021F0100142E80313002BF5D1202180F861
:1053400042100021016301684969490654D500BF34
:10535000016851E8051F026821F0400142E8051389
:10536000002BF5D1C16B002946D048F2FD42C0F6B2
:105370000002044608460A65FCF79CFF00283FF43B
:10538000F3AEE06B016D02B0BDE8B04008470446E3
:10539000FFF7B2FE0020606402B0B0BD891A00BF02
:1053A000026852E8032F036822F4907243E8032551
:1053B000002DF5D1026852E8052F036822F00102A2
:1053C00043E80525002DF5D1202280F84220002257
:1053D000026300BF026852E8032F036822F0100244
:1053E00043E80325002DF5D1022289B2426302B0C1
:1053F000BDE8B040FFF77EBE02B0BDE8B040FFF7A9
:105400007BBE026A32F8023B6FF35F234B6002629D
:10541000C2E60000002804BF0120704710B5044612
:1054200090F8410028B9002084F84000204600F0A0
:1054300021F8242084F841002068C16821F400513B
:10544000C160204603F036F92068016921F49041DB
:105450000161416921F02A014161C16841F40051B3
:10546000C16000202021606484F8411084F842105B
:10547000606310BD2DE9F04F87B00446006844F624
:105480000001C4F2000100268842CDE90566CDE99D
:105490000366029600F0FA8041F20041C4F2010175
:1054A000884200F0878041F20001C4F20101884285
:1054B00040F04081002743F630000197C4F202001B
:1054C0004169002541F0100141614169C4F20205C2
:1054D00001F01001019101990197016802AE41F0BC
:1054E00002010160016846F2280801F00201019101
:1054F0000199019701684FF0020941F00101016033
:1055000000684FF0030A00F001000190019880202C
:1055100002904FF0070B05F580603146C4F2020897
:10552000CDE90397CDF814A0CDF818B0FDF710F928
:105530004FF40070CDE9020904A880E8800C2846E9
:105540003146FDF705F941F2A41508F58C60C2F269
:1055500000054FF0006685E8C1004FF400304FF4BD
:105560008069C5E908072846C5E90379C5E90577D3
:10557000EF61FCF775FF002818BFFCF799F8E563A9
:10558000AC6341F2042508F59260C2F200054021A7
:10559000C5E9000605F1080080E882024FF44030BA
:1055A000C5E908072846C5E90577EF61FCF758FF0C
:1055B000252664E043F630000196C4F202004169FA
:1055C00046F2280841F0200141614169C4F2020815
:1055D00001F02001019101990196016841F040011B
:1055E0000160006802A900F04000019001984FF4AA
:1055F000844002900220CDE9030603200590082094
:1056000006900020C4F2020000F5C050FDF7A0F89B
:1056100041F2C42508F58060C2F200054FF0206712
:10562000C5E900074FF400304FF48069C5E908066A
:105630002846C5E90266C5E90496C5E90666FCF791
:105640000FFF002818BFFCF733F8E563AC6341F2A5
:10565000243508F58F60C2F200054021C5E9000736
:1056600005F1080080E842024FF44030C5E9080621
:105670002846C5E90566EE61FCF7F2FE47260028DC
:105680004FF038074CD0FCF713F849E043F63000F0
:105690000196C4F20200016941F4802101610169AF
:1056A00001F48021019101990196016841F0040102
:1056B0000160006802A900F00400019001984FF415
:1056C000406002900220CDE90306032005900720E8
:1056D00006900020C4F2020000F50060FDF738F8E3
:1056E00041F2642546F22800C2F20005C4F202002D
:1056F0004FF000614FF4806285E843002846C5E919
:105700000362C5E90566C5E907666E62FCF7A8FE97
:1057100000284FF027064FF03C0718BFFBF7C8FFE3
:10572000304605210022E551AC63FDF75FFD3046B0
:10573000FDF74AFD07B0BDE8F08F0000704700009C
:10574000B0B590F84140202C1CBF0220B0BD1346DC
:1057500000294FF0010218BF002B01D11046B0BD47
:105760004FF0000C212401628384C384C0F844C03C
:1057700080F8414002680446806B48F2AD5E48F212
:10578000ED55C0F6000EC0F60005C0E90FE548F281
:105790000955C0F600050432C0E9135CFCF700FFB0
:1057A00030B110206064202084F841000120B0BD99
:1057B00020686FF040010160206850E8050F216803
:1057C00040F0800041E80502002AF5D10022104691
:1057D000B0BD00007047000070470000FEE7000009
:1057E0002DE9F04F83B004460068DDF834B00C9E1C
:1057F0000768994647F4806707600768904647F452
:105800008073036040698A4610F001002AD180F05D
:105810000107751C0BE000BF20684069C00711D06C
:105820002068406910F0010080F001071AD1002DB6
:10583000F6D0FDF75DF8002EEED0A0EB0B00B042E5
:10584000EED9E9E700202021206384F83D1084F898
:105850003E00216C41F020012164F90784F83C00EE
:1058600040F0B78020680AF0FE0AC0F810A0416935
:1058700089072CD44169490514D4771C5FB1FDF721
:1058800037F81EB1A0EB0B00B04204D92068406984
:10589000800740F1D18020684169890717D44169A8
:1058A0004905EBD5016841F4007101606FF4806136
:1058B000416100202021206384F83D1084F83E00DF
:1058C000216C41F00401216484F83C00B0E0002028
:1058D0000290206850F8141F0291416802910299C9
:1058E000016809061AD4771C0AE000BF20684069E5
:1058F000000640F18880206850F8141F09060DD476
:105900000168490551D4002FF5D0FCF7F1FF002EB6
:10591000ECD0A0EB0B00B042EDD9E7E72068B9F17D
:10592000010F21D04FEA1821016150F8141F090618
:1059300019D4771C09E000BF20684069000662D5D1
:10594000206850F8141F09060DD4016849052CD4AD
:10595000002FF5D0FCF7CCFF002EEDD0A0EB0B0014
:10596000B042EDD9E8E720685FFA88F1016120686C
:1059700050F8141F09061DD4771C08E02068406900
:10598000000640D5206850F8141F090612D401689B
:1059900049050AD4002FF5D0FCF7AAFF002EEDD060
:1059A000A0EB0B00B042EDD9E8E76FF48061016035
:1059B000042029E0206800220168334641F4807108
:1059C000016020464FF00111CDF800B000F072F9EF
:1059D00050B120680068C00544BF4FF400702064D7
:1059E000032003B0BDE8F08F25684AF001070221CB
:1059F000C0F20101204632465B462F6103B0BDE88C
:105A0000F04F00F09BB9202000212022216384F870
:105A10003D2084F83E10226C1043206484F83C1032
:105A2000206C042804D12068016841F400710160F1
:105A3000012003B0BDE8F08F00202021206384F80E
:105A40003D1084F83E00216C41F020013BE700004E
:105A50002DE9F04F81B00446006890460268DDF8F9
:105A60002CA042F48072026040690A9E994610F0B0
:105A700001008B4634D180F00105771C0BE000BF9C
:105A800020684069C00711D02068406910F001000B
:105A900080F0010524D1002FF6D0FCF729FF002E5D
:105AA000EED0A0EB0A00B042EED9E9E700202021B9
:105AB000206384F83D1084F83E00216C41F0200101
:105AC0002164E90784F83C000AD020680068C0051A
:105AD00044BF4FF400702064032001B0BDE8F08F94
:105AE00020680BF0FE010161416989072DD44169ED
:105AF000490515D4751C00BF5DB1FCF7F9FE1EB158
:105B0000A0EB0A00B04204D920684069800740F148
:105B10008C8020684169890717D441694905EBD514
:105B2000016841F4007101606FF4806141610020FF
:105B30002021206384F83D1084F83E00216C41F060
:105B40000401216484F83C006BE000200090206890
:105B500050F8141F009141680091009901680906EE
:105B600019D4751C09E000BF20684069000643D5C0
:105B7000206850F8141F09060DD4016849052ED479
:105B8000002DF5D0FCF7B4FE002EEDD0A0EB0A00FE
:105B9000B042EDD9E8E72068B9F1010F25D04FEA0E
:105BA0001821016150F8141F09061DD4751C08E066
:105BB0002068406900061FD5206850F8141F0906A8
:105BC00012D4016849050AD4002DF5D0FCF790FEE7
:105BD000002EEDD0A0EB0A00B042EDD9E8E76FF45B
:105BE00080610160042008E020685FFA88F10161AB
:105BF000002001B0BDE8F08F202000212022216389
:105C000084F83D2084F83E10226C1043206484F810
:105C10003C10206C042804D12068016841F4007114
:105C20000160012001B0BDE8F08F00202021206339
:105C300084F83D1084F83E00216C41F0200180E79B
:105C4000F0B581B004460068154650F8143F5A0775
:105C500018D40E464F1C08E020684069400719D54B
:105C6000206850F8141F49070CD4016849050CD46A
:105C7000002FF5D0FCF73CFE002EEDD0401BB042CB
:105C8000EED9E9E7002001B0F0BD6FF4806101605A
:105C9000042000E0202000212022216384F83D2000
:105CA00084F83E10226C1043206484F83C100120DC
:105CB00001B0F0BD2DE9F047DDF820809946164689
:105CC000044601F47F0018278DB203F1010AB0F5F4
:105CD000803F08BF142708E02068C0592840401BB7
:105CE000B0FA80F04009864218D02068C059284098
:105CF000401BB0FA80F0400986420CD1BAF1000F87
:105D0000F3D0FCF7F5FDB9F1000FE5D0A0EB0800EA
:105D10004845EAD9E0E70020BDE8F08700202021CF
:105D2000206384F83D1084F83E00216C41F020018E
:105D3000216484F83C000120BDE8F0872DE9F041A2
:105D400004460068984643698FB203EA0701B942E6
:105D500002D10020BDE8F0814169490517D41646FB
:105D6000551C00BF5DB1FCF7C3FD1EB1A0EB0800E0
:105D7000B04204D9206840693840B8421ED120683A
:105D800041693940B942E4D041694905EAD5016821
:105D900041F4007101606FF48061416104200021D1
:105DA0002022216384F83D2084F83E10226C1043A9
:105DB0002064012084F83C10BDE8F0812020EEE74B
:105DC00088B0072004F086FCFAF780FD28B1642033
:105DD000F8E700BF642004F07DFC04F0D7FB002846
:105DE000F8D140F6C84AC2F2000A0AF114000AF1DA
:105DF00004010AF110020490CDE90221FAF77EFDB8
:105E000041F65830C2F2000090ED016A90ED027A3E
:105E1000D0ED030A40F25C00C2F20000A0F10805D8
:105E200040F28000C2F20000A0F1080640F22C000F
:105E30009AED010A9AED021A9AED032A9AED053AB3
:105E40009AED064A9AED075AC2F2000040F2F8179E
:105E500040F6904940F2D41C41F6683840F20422E2
:105E6000A0F108030020C2F20007C2F20009C2F24A
:105E7000000CC2F20008C2F20002CDE90536079517
:105E8000D5ED031AD5ED022AD5ED043A64EE211AB8
:105E900063EE222A72EEA11A65EE232A72EEA11A8F
:105EA0003918C1ED001AD3ED031AD3ED022AD3ED50
:105EB000043A61EE211A60EE222A09EB000172EE2B
:105EC000A11A62EE232AD1ED003A72EEA11A73EE06
:105ED000A11A0CEB0001C1ED001AD6ED031AD6EDA4
:105EE000022AD6ED043A67EE211A66EE222A08EB62
:105EF000000172EEA11A60EEA32AD1ED003A72EE13
:105F0000A11A1118043073EEA11A0C350C330C369B
:105F10000C28C1ED001AB3D141F610304EF60862DC
:105F20009FED780ADFED780AC2F20000C0F60002A9
:105F3000002100F027FF40F2D41540F2042640F281
:105F40001020C2F20005C2F20006C2F2000029468B
:105F5000324607F097F9002004F0FAFB06F0D4FD72
:105F600040F2D011C2F20001086041F6BC00C2F25A
:105F700000001021C161FEF743F9002818BFFBF7AC
:105F800097FB40F2540040F6F271C2F20000C2F2F8
:105F90000001082202F018F841F60E30C2F20000AB
:105FA000012140F6A4430170C2F2000346F6D94035
:105FB000CBF68F3040F6727146F6B0121433CBF642
:105FC000B321C3F6213207C340F69C40C2F2000061
:105FD0000230019040F66C409FEDD1AA9FEDD1BAFE
:105FE0009FEDD1CA9FEDD18A9FEDD1DA9FEDD1EA25
:105FF0009FEDCA9AC2F200000230009001204FF0DB
:10600000FF3105F073FC0128F8D140F6FA70C2F2B6
:106010000000007840072BD540F6FA71C2F200016B
:10602000087800F0FB00087040F6F270C2F2000041
:1060300004990130FAF722FC40F6A440C2F20000B5
:1060400090ED050A90ED061A90ED072A9AED053AB3
:106050009AED064A9AED075A33EE400A34EE411A99
:1060600035EE422A8AED050A8AED061A8AED072ADC
:1060700040F6A140C2F20000007840070DD540F67E
:10608000A141C2F2000108780AF1200200F0FB00F1
:10609000087000980399FAF7B1FB40F6A040C2F2ED
:1060A00000000078400753D540F6A041C2F200013D
:1060B000087800F0FB000870DDE90101FAF7ECFC5C
:1060C00040F6F170C2F2000000789AED040A01284F
:1060D0001CD141F61034C2F200042046F0EE490A09
:1060E00000F098FD94ED080AB5EE400AF1EE10FAC2
:1060F000BCBF0020206294ED080ABDEEC00A10EE7D
:10610000100A23E000A08C4500808945B4EE490ABE
:10611000F1EE10FA18DD41F60F32C2F200021078EB
:106120000130C1B2C92910700ED340F6F1710120BF
:10613000C2F20001087041F6103044F20001C2F2D0
:106140000000C4F21C51816241F2873004F0D0F9A2
:1061500041F65830C2F2000005AB9AED010A9AED03
:10616000021A9AED032A9AED053A9AED064A9AED3B
:10617000075A90ED016A90ED027AD0ED030A0ECB3A
:10618000D3460020D3ED031AD3ED022AD3ED043A0F
:1061900064EE211A63EE222A72EEA11A65EE232A1A
:1061A00072EEA11A3C18C4ED001AD1ED031AD1ED1C
:1061B000022AD1ED043A61EE211A60EE222A09EB9F
:1061C000000472EEA11A62EE232AD4ED003A72EEB8
:1061D000A11A73EEA11A2C18C4ED001AD2ED031AFD
:1061E000D2ED022AD2ED043A67EE211A66EE222A97
:1061F00008EB000472EEA11A60EEA32AD4ED003A77
:1062000072EEA11A3418043073EEA11A0C330C315B
:106210000C320C28C4ED001AB4D140F6784040F698
:106220008442C2F20000C2F2000290ED000A92ED38
:10623000001A20EE0A0A80ED001A21EE0B1A31EE48
:10624000000A95ED001A40F67C4021EE0C1A31EE62
:10625000000AC2F2000092ED012A82ED000A90EDE0
:10626000000A95ED014A20EE0A0A22EE0B1A80ED93
:10627000002A31EE000A24EE0C1A40F6804031EE7E
:10628000000AC2F2000092ED023A82ED010A90ED9E
:10629000000A95ED025A20EE0A0A23EE0B1A31EE9F
:1062A000000A25EE0C1A40F2102431EE000AC2F268
:1062B000000480ED003A82ED020A2046B0EE480A62
:1062C0003946334607F02CF940F2E01AC2F2000AD0
:1062D0000AF108020AF104032046514607F090FE35
:1062E0009AED000A9AED011A9AED022A20EE0D0AA3
:1062F00021EE0D1A22EE0D2A80EE0E0A81EE0E1A04
:1063000082EE0E2A40F2EC10C2F20000DA4680ED76
:10631000000A80ED011A80ED022A6FE60000344287
:106320005D896EBF5AF8F63FD5A9183B6F12833AC4
:1063300000003443DB0F4940B0B584B040F6FC7038
:1063400042F2000101230024C2F20000C4F2010164
:10635000C0F600730125CDE90244CDE900444FF4B5
:106360008032047680F82040C0E90A34C56180F8A4
:10637000304080E81600C0E903444561FBF736FA77
:10638000002818BFFBF794F91020CDE9000540F66E
:10639000FC70C2F2000069460294FBF78DF90028F8
:1063A00018BFFBF785F904B0B0BD0000B0B584B0EC
:1063B00041F2440042F2002101230024C2F2000015
:1063C000C4F20101C0F600730125CDE90244CDE914
:1063D00000444FF48032047680F82040C0E90A344B
:1063E000C56180F8304080E81600C0E9034445618B
:1063F000FBF7FCF9002818BFFBF75AF90820CDE994
:10640000000541F24400C2F2000069460294FBF725
:1064100053F9002818BFFBF74BF904B0B0BD0000DA
:1064200010B541F28C0046F20041C2F20000C4F205
:106430000001032200234FF0807480E80E0000F179
:106440000C014FF4102C4FF4001E81E808508461B9
:106450008383FBF745FD002808BF10BDBDE8104051
:10646000FBF726B910B541F2B40046F60001C2F2BE
:106470000000C4F20001032200234FF0807480E882
:106480000E0000F10C014FF4102C4FF4001E81E8B7
:10649000085084618383FBF723FD002808BF10BDEB
:1064A000BDE81040FBF704B980B541F2DC0043F2CF
:1064B0000001C2F20000C4F202010160FBF78EFE8F
:1064C000002808BF80BDBDE88040FBF7F1B80000A0
:1064D00080B582B0002043F630010190C4F2020181
:1064E0000A6842F480020A600A6802F4800201929B
:1064F000019A00900868002240F4001008600868C3
:10650000052100F40010009000980C20FCF76EFEAE
:106510000C20FCF759FE392005210022FCF766FE0D
:106520003920FCF751FE3A2005210022FCF75EFEDF
:106530003A20FCF749FE3B2005210022FCF756FEDD
:106540003B20FCF741FE442005210022FCF74EFED3
:106550004420FCF739FE452005210022FCF746FEC9
:106560004520FCF731FE462005210022FCF73EFEC7
:10657000462002B0BDE88040FCF726BE80B59CB046
:106580002A4816AF159029A000F1040E9EE80E507F
:10659000806987E80E501B9015A8002104F0A8F828
:1065A00040F21811C2F20001274A086026A000F14B
:1065B000040E0E929EE80E5080690FAF87E80E50D1
:1065C00014900EA8002104F093F840F2CC11C2F20E
:1065D0000001244A086023A000F1040E07929EE8FF
:1065E0000E50806908AF87E80E500D9007A8002173
:1065F00004F07EF841F6EC41C2F20001204A086046
:106600001FA000F1040E00929EE80E50806901AFB9
:1066100087E80E5006906846002104F069F847F6B6
:10662000C871C2F2000108601CB080BD2DF60008E0
:1066300045130008000000000000000000020000F8
:10664000000000000000000024F60008C15D000802
:1066500003000000000000008000000000000000B7
:10666000000000003AF600087DB00008FDFF0000C1
:106670000000000000010000000000000000000019
:106680004AF6000855B90008FFFF000000000000AE
:106690008000000000000000000000002DE9F04F25
:1066A00087B0002743F630000697CDE90477CDE99F
:1066B00002770197C4F20200016841F6000A41F036
:1066C000020101600168C4F2020A01F002010191B5
:1066D000019901970168002241F0400101600168C1
:1066E000402601F04001019101990197016841F0B4
:1066F00001010160016801F0010101910199019717
:10670000016841F008010160016801F00801019190
:1067100001990197016841F004010160016801F0ED
:106720000401019101990197016841F08001016024
:10673000016801F08001019101990197016841F020
:10674000200101600068402100F0200001900198C4
:106750005046FCF7C7F80AF5806528464FF4E0512B
:106760000022FCF7BFF8AAF5C059484610210122C3
:106770000124FCF7B7F8AAF5A050012101220090EE
:10678000FCF7B0F8CDE9026402AE50463146CDE9DF
:106790000477FBF7DDFF4FF4C050CDE9020403207E
:1067A0004FF0020B059028463146CDF810B0FBF7AC
:1067B000CFFF082002904FF4041850463146CDE92F
:1067C0000387FBF7C5FF4FF4806002A981E8110839
:1067D00028463146CDF814B0FBF7BAFF1020CDE9BA
:1067E000020448463146CDE9044BFBF7B1FF3020A7
:1067F000CDE90208AAF5805031460494FBF7A8FFC2
:1068000050463146CDE902480494FBF7A1FF0098B9
:106810003146CDE90244CDE9044BFBF799FF062050
:1068200005210022FCF7E2FC0620FCF7CDFC092044
:1068300005210022FCF7DAFC0920FCF7C5FC0A2040
:1068400005210022FCF7D2FC0A20FCF7BDFC172032
:1068500005210022FCF7CAFC1720FCF7B5FC07B0A5
:10686000BDE8F08F80B541F2843045F60041C2F2B8
:106870000000C4F2000141F6802200234FF4804C56
:10688000C0F2060280E80E00C0E9033CC0E905330F
:10689000C0E90733FCF732F8002808BF80BDBDE827
:1068A0008040FAF705BF000010B541F6BC0043F286
:1068B0000001C2F20000C4F201014FF48272002311
:1068C00080E80E0000F10C014FF0020C4FF0010EB9
:1068D0004FF4007481E808500A21C0E90643C0E97A
:1068E0000833C0E90A31FDF78BFC002808BF10BD52
:1068F000BDE81040FAF7DCBE80B588B041F6141050
:1069000044F200420021C2F20000C4F201024FF63C
:10691000FF730791CDE90511CDE90311CDE901110F
:10692000C0E90021C0E9021301618161FDF7E6FEC3
:10693000002818BFFAF7BCFE41F61410C2F200009E
:10694000FEF760FA002818BFFAF7B2FE0020CDE982
:1069500001000390059041F61410C2F2000001A955
:106960000022FEF777F9002818BFFAF7A1FE41F6DA
:106970001410C2F20000FEF703F908B080BD000059
:1069800010B58EB041F6A41040F600020021C2F20C
:106990000000C4F20002532340F28F140D91CDE9A0
:1069A0000B11CDE90911CDE90711CDE90511CDE9AB
:1069B0000311CDE90111C0E90023C0E9021401610E
:1069C0008161FDF79BFE002818BFFAF771FE4FF4B6
:1069D00080500A9041F6A410C2F200000AA9FDF707
:1069E00057FF002818BFFAF763FE41F6A410C2F261
:1069F0000000FEF743FB002818BFFAF759FE41F6E6
:106A0000A4100024C2F2000008A9CDE90844FDF753
:106A100017FE002818BFFAF74BFE60200190C8202F
:106A2000CDE9020441F6A410C2F2000001A9082237
:106A30000594FEF717FA002818BFFAF739FE41F659
:106A4000A410C2F20000FEF79BF80EB010BD0000CB
:106A500010B58EB041F6EC1040F600420021C2F2B3
:106A60000000C4F200024FF6FF730D91CDE90B1147
:106A7000CDE90911CDE90711CDE90511CDE90311E2
:106A8000CDE90111C0E90021C0E902130161816172
:106A9000FDF734FE002818BFFAF70AFE4FF48050C5
:106AA0000A9041F6EC10C2F200000AA9FDF7F0FED0
:106AB000002818BFFAF7FCFD41F6EC10C2F2000006
:106AC000FEF7DCFA002818BFFAF7F2FD41F6EC10E9
:106AD0000024C2F2000008A9CDE90844FDF7B0FD8A
:106AE000002818BFFAF7E4FD6020CDE9010441F663
:106AF000EC10C2F2000001A9002203940594FEF7F5
:106B0000B1F9002818BFFAF7D3FD41F6EC10C2F234
:106B1000000001A90422FEF7A5F9002818BFFAF722
:106B2000C7FD41F6EC10C2F2000001A90822FEF7F1
:106B300099F9002818BFFAF7BBFD41F6EC10C2F234
:106B40000000FEF71DF80EB010BD000080B541F644
:106B5000342041F20001C2F20000C4F2010100231E
:106B60004FF00C0C4FF4E13280E80E00C0E9033323
:106B7000C0E905C3C361FEF74DFC002808BF80BD16
:106B8000BDE88040FAF794BD80B541F67C2044F61C
:106B90000001C2F20000C4F2000100234FF00C0C0F
:106BA0004FF4E13280E80E00C0E90333C0E905C3C9
:106BB000C361FEF72FFC002808BF80BDBDE8804000
:106BC000FAF776BD80B541F6C42041F20041C2F229
:106BD0000000C4F2010100234FF00C0C4FF4E1322D
:106BE00080E80E00C0E90333C0E905C3C361FEF7C6
:106BF00011FC002808BF80BDBDE88040FAF758BDF1
:106C0000FEE70000FEE7000041F2D830C2F20000CB
:106C1000FCF724BC002849D0017890ED0F1A90EDC4
:106C2000102A80ED070A30EEC00A0129C0ED060ADD
:106C300080ED0F0A80ED101A80ED112A39D000295D
:106C400040F0878090ED024A90ED012A90ED0A6AAB
:106C500024EE004A20EE022A34EE064A90ED0C6A39
:106C600030EE410A9FED451A416B80ED0D6A26EE2C
:106C7000011A9FED436A90ED053A90ED035A20EE1C
:106C8000060A30EE010AB4EE434A80ED0C0A20EE0B
:106C9000050AF1EE10FA80ED092A80ED0A4A8163B7
:106CA00080ED0B0A3BDD80ED0A3A41E09FED320AB0
:106CB000704790ED015A90ED026A30EE414A31EE94
:106CC000011A90ED037A24EE054A20EE065A30EEC2
:106CD000410A32EE000AD0E90C2180ED0C0A20EEC8
:106CE000070A34EE051A90ED082A90ED043A80ED7B
:106CF0000B0A31EE000A32EE000AB4EE430AF1EE5E
:106D000010FA80ED094A80ED0A5AC0E90D2180EDA4
:106D1000080A24DD80ED083A90ED080A7047B1EECC
:106D2000433AB4EE434AF1EE10FAB8BF80ED0A3AA6
:106D300090ED0A3A90ED041A32EE032A30EE020A80
:106D4000B4EE410AF1EE10FA80ED080A04DD80EDA0
:106D5000081A90ED080A7047B1EE411A01E0B1EE51
:106D6000431AB4EE410AF1EE10FAB8BF80ED081AEA
:106D700090ED080A704700BF0000000052B87E3F47
:106D80000AD7A33B002818BF002A00D1704780B55E
:106D9000136801704360536828218360926880ED16
:106DA000040AC260C0ED050A2030F9F7F7FB80BD88
:106DB000EFF30980BFF36F8F154B1A681EF0100FA9
:106DC00008BF20ED108A20E9F04F10602DE909007E
:106DD0004FF0500080F31188BFF34F8FBFF36F8FD8
:106DE00005F040FA4FF0000080F31188BDE809007B
:106DF00019680868B0E8F04F1EF0100F08BFB0EC3B
:106E0000108A80F30988BFF36F8F704700BF00BFFF
:106E1000441C00202DE9F04F81B02DED088B84B08B
:106E200047F6E47840F200094CF6CD469FED308AF3
:106E30009FED309A0C25C2F20008C4F27019C3F617
:106E4000CC56002701AC00BF08EB0500002122460C
:106E5000B0EE480AF0EE490ACDE901960397FFF734
:106E600091FF5835B5F5B67FEED14FF6305541F666
:106E7000F04800274CF6CD499FED1D8A9FED1D9AE5
:106E80009FED1DAA9FED1DBA40F2000BCFF6FF75D6
:106E9000C2F20008C4F2C827C3F64C694FF0000ADA
:106EA00001ACC4F2163B00BF08EB050606F53770CF
:106EB00000212246B0EE480AF0EE490ACDE90179F8
:106EC0000397FFF75FFF06F5497000212246B0EEF9
:106ED0004A0AF0EE4B0ACDE901BA0397FFF752FFD9
:106EE000B435E1D104B0BDEC088B01B0BDE8F08F42
:106EF00000007A46000048440000C843000000003B
:106F0000017940F6ED22C2F20002117101681160B0
:106F1000B0F8051040F69452C2F20002B1F5007FBD
:106F200011801CDDA1F201220C2A2ED8DFE802F02C
:106F300007927CA4D3B0736861D38AD35600C17C16
:106F400040F60042C2F200021173D0F80710D0F8E8
:106F50000B30D0F80F00C2E9001390607047B1F514
:106F6000807F27DC012900F0A080032940F0B38056
:106F7000D0F80710D0F80B20D0F80F30D0F813C09D
:106F800040F27C10C2F2000070E040F20132914207
:106F900000F0A28040F20332914218BF7047D0F84F
:106FA0000710D0F80B20D0F80F0040F22023C2F2D7
:106FB000000343E040F20112914200F0858040F26C
:106FC0000512914240F08780417A40F27012B0F889
:106FD0000700C2F20002917010807047B0F80B10E9
:106FE00040F61E42D0F80700C2F200029180106005
:106FF0007047D0F8070040F2C821C2F2000169E0F2
:10700000D0F80710D0F80B0040F2C022C2F2000204
:10701000C2E900107047D0F80710D0F80A0040F617
:107020002442C2F200022FE0D0F80710D0F80B2063
:10703000D0F80F0040F6F433C2F2000319605A6032
:1070400098607047C11D40F29810C2F200002822DB
:10705000F9F725BAD0F80710D0F80B20D0F80F3088
:10706000D0F813C040F2B020C2F2000001604260CC
:107070008360C0F80CC07047D0F80710D0F80A0041
:1070800040F21012C2F20002C2F803001160704711
:10709000C07940F2C811C2F20001087041F60C300C
:1070A000C2F20000012101707047D0F80710D0F83B
:1070B0000B20D0F80E0040F28C13C2F20003C3F88C
:1070C0000700C3E900127047D0F8070040F27411BE
:1070D000C2F2000108607047C11D40F6B030C2F234
:1070E00000004322F9F7DBB910B540F6ED20C2F2FB
:1070F000000000240471046040F28C10C2F2000011
:10710000C0E90044C0F8074040F27810C2F2000025
:10711000047040F27C10C2F20000C0E90044C0E9F3
:10712000024440F27410C2F20000046040F67B306A
:10713000C2F200000480847040F27010C2F20000BD
:107140000480847040F61040C2F20000046040F2F7
:10715000CC20C2F20000047040F60040C2F20000F1
:107160000473C0E90044846040F2B020C2F2000021
:10717000C0E90044C0E9024440F6F430C2F2000025
:10718000C0E90044846040F21010C2F200000460C4
:10719000C0F8034040F2C810C2F20000047040F68C
:1071A0002440C2F200000460C0F8034040F2C02056
:1071B000C2F20000C0E9004440F2C820C2F2000060
:1071C000046040F26A10C2F200008480046040F261
:1071D0009810C2F200002821F9F7E0F940F2CE2021
:1071E000C2F20000047040F61E40C2F200000460CB
:1071F000848040F2CD20C2F20000047040F6AA3034
:10720000C2F200000460848040F6B030C2F2000098
:107210004321F9F7C3F940F24C10C2F20000848315
:10722000C0E90044C0E90244C0E90444846140F27A
:107230002020C2F20000C0E90044846040F68030A3
:10724000C2F20000C0E90044846040F29820C2F21B
:107250000000C0E90044C0E90244C0E9044440F22F
:107260002010C2F20000C0E9004440F22C20C2F21B
:1072700000006921F9F792F940F22810C2F20000EB
:107280002221F9F78BF940F68C30C2F2000084839A
:10729000C0E90044C0E90244C0E90444846110BD6F
:1072A000B0B541F6C42CC2F2000CDCF800E0DCF80A
:1072B0003C30DEF8144044F04004CEF81440DEF8D0
:1072C000144044F08004CEF81440DEF80C4044F042
:1072D0001004CEF80C401B681C68E40704D01C683E
:1072E00024F001041C60F7E746F20C44C4F20204E7
:1072F00004F14C05AB4203D94FF40065256013E05F
:1073000046F20804C4F2020404F1B005AB4204D909
:107310004FF40065C4F8005406E004F15005AB4298
:10732000EAD94FF4006565600EF1040EC3F808E079
:10733000D86019615A60186840F480201860186895
:1073400040F001001860DCF8380000680168C907E7
:1073500004D0016821F001010160F7E7C0F808E0FE
:10736000B0BD00002DE9F04F81B0054608460C463F
:1073700003F008F8002800F07F80AE1D00274FF0D2
:1073800001084FF002094FF0030A4FF0040B04E02C
:10739000204602F0F7FF00286ED0204602F08CFF56
:1073A00095F8861005293BD8DFE801F00C3F2A0349
:1073B0001749B5F887104A1CA5F88720705485F83E
:1073C00086B0E5E7A5282DD1B5F8871085F8868029
:1073D0004A1CA5F887207054DAE7B5F887104A1CD4
:1073E000A5F887207054B5F887000528D0D130461D
:1073F0000521F9F7FFFC98B1052085F88600C7E75D
:10740000A988B5F8873041EA00218AB2A980591CC1
:10741000762AA5F88710F05402D885F886A0B7E739
:1074200085F88670A5F88770B2E7B5F88710A88050
:107430004A1CA5F88720705485F88690A8E7A9888B
:10744000B5F887200931914282BF531CA5F88730D7
:10745000B054B5F8870081423FF69AAF304685F8C0
:107460008670A5F88770F9F703FD00283FF490AF08
:107470003046FFF745FD8BE701B0BDE8F08F000017
:107480002DE9F04741F2E403C2F20003D3F800C053
:10749000DCF8003023F00103CCF8003041F2441353
:1074A000C2F200031B681F6827F001071F6000BFBE
:1074B000DCF80070FF070BD0DCF8007027F0010744
:1074C000CCF80070F4E700BF1F6827F001071F60C9
:1074D0001F68FF07F8D141F6BC08C2F20008D8F8CF
:1074E0004C5046F20C4AC4F2020A2F6846F2080ECB
:1074F0000AF14C0646F27049C4F2020EB742C4F2D9
:1075000002090AD94F4543D046F28845C4F2020524
:10751000AF423FD14FF4006544E00EF1B004A74202
:1075200018D946F21044C4F20204A74200F0C48005
:1075300046F22844C4F20204A74200F0BA8046F2A0
:107540004044C4F20204A7420CBF4FF400154FF0B0
:107550000065B2E00EF15004A74240F2918046F27D
:107560007004C4F20204A74200F0328246F288049A
:10757000C4F20204A74200F00D8246F2A004C4F255
:107580000204A7420CBF4FF400154FF0006520E243
:10759000202507E00AF194044FF00065A74208BFD8
:1075A0004FF40015CAF80050B74240F28B804F45A7
:1075B00008D046F28844C4F20204A74204D14FF432
:1075C000806509E0102507E00AF194044FF080651A
:1075D000A74208BF4FF48015CAF80050B74240F2E6
:1075E000CB804F4508D046F28844C4F20204A7423B
:1075F00004D14FF4007509E0082507E00AF194046E
:107600004FF00075A74208BF4FF40025CAF800509C
:10761000B74240F20B814F4508D046F28844C4F28D
:107620000204A74204D14FF4807509E0042507E065
:107630000AF194044FF08075A74208BF4FF48025EB
:10764000CAF80050B74240F24B814F4509D046F28C
:107650008844C4F20204A74207D14025CAF800506A
:10766000F5E10125CAF80050F1E10AF194044FF464
:107670008005A74208BF4FF48035CAF80050E6E104
:1076800046F21004C4F20204A74200F0A88146F2B8
:107690002804C4F20204A74200F07F8146F24004AD
:1076A000C4F20204A7420CBF4FF400154FF000656E
:1076B00096E14FF4006500E02025CEF80054B74273
:1076C0003FF675AF0EF1B004A74216D946F210444A
:1076D000C4F20204A74249D046F22844C4F202048C
:1076E000A74240D046F24044C4F20204A7420CBF75
:1076F0004FF480154FF0806539E00EF15004A74239
:1077000018D946F27004C4F20204A74200F06E8158
:1077100046F28804C4F20204A74200F0418146F216
:10772000A004C4F20204A7420CBF4FF480154FF02E
:1077300080655CE146F21004C4F20204A74200F046
:107740005C8146F22804C4F20204A74200F02B81B7
:1077500046F24004C4F20204A7420CBF4FF4801565
:107760004FF080654AE14FF4806500E01025CEF8C7
:107770000054B7423FF635AF0EF1B004A74216D918
:1077800046F21044C4F20204A74249D046F228440B
:10779000C4F20204A74240D046F24044C4F20204BC
:1077A000A7420CBF4FF400254FF0007539E00EF1F1
:1077B0005004A74218D946F27004C4F20204A7424A
:1077C00000F0228146F28804C4F20204A74200F0CD
:1077D000ED8046F2A004C4F20204A7420CBF4FF4AD
:1077E00000254FF0007510E146F21004C4F20204C7
:1077F000A74200F0108146F22804C4F20204A74216
:1078000000F0D78046F24004C4F20204A7420CBF45
:107810004FF400254FF00075FEE04FF4007500E0D6
:107820000825CEF80054B7423FF6F5AE0EF1B0048D
:10783000A74216D946F21044C4F20204A74249D026
:1078400046F22844C4F20204A74240D046F2404423
:10785000C4F20204A7420CBF4FF480254FF080759C
:1078600039E00EF15004A74218D946F27004C4F270
:107870000204A74200F0D68046F28804C4F2020453
:10788000A74200F0998046F2A004C4F20204A74285
:107890000CBF4FF480254FF08075C4E046F2100411
:1078A000C4F20204A74200F0C48046F22804C4F2E5
:1078B0000204A74200F0838046F24004C4F20204AE
:1078C000A7420CBF4FF480254FF08075B2E04FF413
:1078D000807500E00425CEF80054B7423FF6B5AEFF
:1078E0000EF1B004A74218D946F21044C4F20204C3
:1078F000A7424BD046F22844C4F20204A74241D02A
:1079000046F24044C4F20204A7420CBF4FF4803553
:107910004FF48005CEF8005499E00EF15004A742D0
:1079200019D946F27004C4F20204A74200F088801C
:1079300046F28804C4F20204A74243D046F2A004EF
:10794000C4F20204A7420CBF4FF480354FF4800507
:10795000CEF804507BE046F21004C4F20204A742C1
:1079600072D046F22804C4F20204A7422ED046F296
:107970004004C4F20204A7420CBF4FF480354FF418
:10798000800562E04025CEF8005460E00125CEF885
:1079900000545CE04FF400651BE04FF400651FE00D
:1079A0004FF4806523E04FF4806527E04FF40075C5
:1079B0002BE04FF400752FE04FF4807533E04FF467
:1079C000807537E04025CEF8045040E040253CE08B
:1079D0002025CEF80450B7423FF6E9AD72E62025E7
:1079E000CEF80050B7427FF66DAEE0E51025CEF838
:1079F0000450B7423FF6F5ADBEE61025CEF8005074
:107A0000B7427FF6B9AEECE50825CEF80450B74290
:107A10003FF601AE0AE70825CEF80050B7427FF6E0
:107A200005AFF8E50425CEF80450B7423FF60DAE99
:107A300056E70425CEF80050B7427FF651AF04E672
:107A40000125CEF8045002E00125CEF80050D8F808
:107A500048402768B7420AD94F4543D046F2884488
:107A6000C4F20204A7423FD14FF4006544E00EF196
:107A7000B004A74218D946F21044C4F20204A74247
:107A800000F0C48046F22844C4F20204A74200F089
:107A9000BA8046F24044C4F20204A7420CBF4FF43D
:107AA00000154FF00065B2E00EF15004A74240F21D
:107AB000918046F27004C4F20204A74200F03282C0
:107AC00046F28804C4F20204A74200F00D8246F296
:107AD000A004C4F20204A7420CBF4FF400154FF0FB
:107AE000006520E2202507E00AF194044FF00065CC
:107AF000A74208BF4FF40015CAF80050B74240F241
:107B00008B804F4508D046F28844C4F20204A74255
:107B100004D14FF4806509E0102507E00AF19404D0
:107B20004FF08065A74208BF4FF48015CAF8005097
:107B3000B74240F2CB804F4508D046F28844C4F2A9
:107B40000204A74204D14FF4007509E0082507E0BC
:107B50000AF194044FF00075A74208BF4FF40025C6
:107B6000CAF80050B74240F20B814F4508D046F2A8
:107B70008844C4F20204A74204D14FF4807509E09E
:107B8000042507E00AF194044FF08075A74208BF6E
:107B90004FF48025CAF80050B74240F24B814F4560
:107BA00009D046F28846C4F20206B74207D1402601
:107BB000CAF80060F5E10126CAF80060F1E10AF1B7
:107BC00094054FF48006AF4208BF4FF48036CAF8E0
:107BD0000060E6E146F21004C4F20204A74200F09D
:107BE000A88146F22804C4F20204A74200F07F8173
:107BF00046F24004C4F20204A7420CBF4FF4001541
:107C00004FF0006596E14FF4006500E02025CEF8C6
:107C10000054B7423FF675AF0EF1B004A74216D933
:107C200046F21044C4F20204A74249D046F2284466
:107C3000C4F20204A74240D046F24044C4F2020417
:107C4000A7420CBF4FF480154FF0806539E00EF16C
:107C50005004A74218D946F27004C4F20204A742A5
:107C600000F06E8146F28804C4F20204A74200F0DC
:107C7000418146F2A004C4F20204A7420CBF4FF4B3
:107C800080154FF080655CE146F21004C4F20204F6
:107C9000A74200F05C8146F22804C4F20204A74225
:107CA00000F02B8146F24004C4F20204A7420CBF4C
:107CB0004FF480154FF080654AE14FF4806500E095
:107CC0001025CEF80054B7423FF635AF0EF1B004A0
:107CD000A74216D946F21044C4F20204A74249D082
:107CE00046F22844C4F20204A74240D046F240447F
:107CF000C4F20204A7420CBF4FF400254FF00075F8
:107D000039E00EF15004A74218D946F27004C4F2CB
:107D10000204A74200F0228146F28804C4F2020461
:107D2000A74200F0ED8046F2A004C4F20204A7428C
:107D30000CBF4FF400254FF0007510E146F210041F
:107D4000C4F20204A74200F0108146F22804C4F2F3
:107D50000204A74200F0D78046F24004C4F20204B5
:107D6000A7420CBF4FF400254FF00075FEE04FF422
:107D7000007500E00825CEF80054B7423FF6F5AE96
:107D80000EF1B004A74216D946F21044C4F2020420
:107D9000A74249D046F22844C4F20204A74240D088
:107DA00046F24044C4F20204A7420CBF4FF48025BF
:107DB0004FF0807539E00EF15004A74218D946F211
:107DC0007004C4F20204A74200F0D68046F2880490
:107DD000C4F20204A74200F0998046F2A004C4F263
:107DE0000204A7420CBF4FF480254FF08075C4E019
:107DF00046F21004C4F20204A74200F0C48046F226
:107E00002804C4F20204A74200F0838046F2400432
:107E1000C4F20204A7420CBF4FF480254FF08075D6
:107E2000B2E04FF4807500E00425CEF80054B7426C
:107E30003FF6B5AE0EF1B004A74218D946F2104491
:107E4000C4F20204A7424BD046F22844C4F2020412
:107E5000A74241D046F24044C4F20204A7420CBFFC
:107E60004FF480344FF48004CEF8004499E00EF1D2
:107E70005004A74219D946F27004C4F20204A74282
:107E800000F0888046F28804C4F20204A74243D07E
:107E900046F2A004C4F20204A7420CBF4FF480349F
:107EA0004FF48004CEF804407BE046F21004C4F2A4
:107EB0000204A74272D046F22804C4F20204A74288
:107EC0002ED046F24004C4F20204A7420CBF4FF485
:107ED00080344FF4800462E04024CEF8004460E037
:107EE0000124CEF800445CE04FF400651BE04FF441
:107EF00000651FE04FF4806523E04FF4806527E0C4
:107F00004FF400752BE04FF400752FE04FF48075AF
:107F100033E04FF4807537E04024CEF8044040E071
:107F200040243CE02025CEF80450B7423FF6E9ADAE
:107F300072E62025CEF80050B7427FF66DAEE0E540
:107F40001025CEF80450B7423FF6F5ADBEE6102539
:107F5000CEF80050B7427FF6B9AEECE50825CEF872
:107F60000450B7423FF601AE0AE70825CEF80050AC
:107F7000B7427FF605AFF8E50425CEF80450B742C6
:107F80003FF60DAE56E70425CEF80050B7427FF617
:107F900051AF04E60124CEF8044002E00124CEF8FB
:107FA0000040CCF80C10D860CCF804205A60DCF803
:107FB000000040F00100CCF80000186840F001001B
:107FC0001860BDE8F0870000B0B541F6BC03C2F20E
:107FD00000031B685D6845F002055D605D6845F063
:107FE00001055D601D6845F040051D6041F2E40338
:107FF000C2F200031B6800BF1D6825F001051D606B
:108000001D68ED07F8D146F20C4CC4F2020C0CF1DD
:108010004C0446F2080EA342C4F2020E04D94FF4F7
:108020000015CCF8005012E00EF1B005AB4204D9B7
:108030004FF40015CEF8005409E00EF15005AB42A4
:108040004FF4001594BFCEF80050CEF8045043F220
:108050000C05C4F201059D60D9605A60196841F0B1
:108060001001196041F24411C2F20001096800BF19
:108070000B6823F001030B600B68DB07F8D1A1420A
:1080800004D94FF00063CCF8003012E00EF1B003D9
:10809000994204D94FF00063CEF8003409E00EF1A4
:1080A000500399424FF0006394BFCEF80030CEF8F1
:1080B00004308D60C8604A60B0BD00002DE9F04713
:1080C00082B00A9C984615460E468146FAF710FC87
:1080D000201A00EB0804FAF70BFC40F21C01C2F274
:1080E00000010968C1F3CB3161430191D9F8001057
:1080F00089683140891BB1FA81F149098D4203D168
:10810000002002B0BDE8F087824608F101070CE0CC
:10811000019801380190D9F8000080683040801B38
:10812000B0FA80F040098542EAD0002FF3D0FAF788
:10813000DFFBA0EB0A00A04204D201980028E7D19F
:108140000024E8E7D9E900014268B1F5827F22F016
:10815000E00242600BD1D9F80810B1F5004F02D00F
:10816000B1F5806F03D1016821F040010160D9F8B9
:108170002810B1F5005F07D1016821F400510160BA
:10818000016841F400510160012089F8510000208C
:1081900089F85000032002B0BDE8F087000000001D
:1081A000074B19680868B0E8F04F80F30988BFF3FF
:1081B0006F8F4FF0000080F31188704700BF00BF41
:1081C000441C002040F6004240F61440C2F2000277
:1081D000C2F200004FF490711278018048F28001E1
:1081E0008180428070470000B0B540F6E824C2F2BA
:1081F0000004E178A5202070481CE0700A20A4F853
:10820000010020460421F8F7E1FD40F62C452168E5
:10821000C2F20005296040F614412071287140F235
:108220000130C2F20001A5F805000889D1E9002358
:10823000A5F80F0028461121C5F80720C5F80B3016
:10824000F8F7FCFDA5F8110041F6C420C2F20000C9
:1082500029461322FDF774FA0220BDE8B04003F06E
:1082600085BE0000B0B540F6E824C2F20004E17813
:10827000A5202070481CE0702220A4F801002046B0
:108280000421F8F7A3FD40F62C452168C2F2000551
:108290002071287129604FF4427040F69851A5F87A
:1082A0000500E81DC2F200012222F8F7F8F828467E
:1082B0002921F8F7C3FDA5F8290041F6C420C2F230
:1082C000000029462B22FDF73BFA0220BDE8B04012
:1082D00003F04CBE80B54FF0500080F31188BFF31F
:1082E0006F8FBFF34F8F04F081FD30B14EF6045015
:1082F000CEF200004FF080510160002080F3118821
:1083000080BD000070B592B006AC20463021F8F771
:1083100045F9002543F640000595CDE90355CDE923
:1083200001550095C4F202000168022641F0805117
:108330000160006800F080500090009847F2000053
:108340000095C4F20000016841F4804101600068BA
:1083500000F4804000900098012006904FF4803097
:1083600007904FF480000D9006200E90A820CDE9D4
:108370000F060720119020460C96FBF793FD10B1D5
:1083800072B600BFFEE70F20CDE901064FF4A05002
:1083900004904FF48050059001A805210395FBF748
:1083A0004DFC10B172B600BFFEE712B070BD000008
:1083B0004EF68850CEF20000016841F47001016071
:1083C0007047000041F65C10C2F20000FCF732BBBF
:1083D000B0B540F6FF3E0568C4F2000E40F2004C16
:1083E0007045C4F2010C0FDCB0F1804F19D040F29F
:1083F0000043C4F20003984213D040F60003C4F2D5
:10840000000398420DD011E040F60043C4F200038F
:10841000984206D0604504D00023C4F2010398427C
:1084200004D14B6825F0700243EA020541F6FF7360
:10843000C4F2000398420FDC704521DCB0F1804F9C
:1084400041D040F20043C4F2000398423BD040F6D2
:108450000003C4F2000334E043F6FF73C4F20103E7
:1084600098421EDC42F20003C4F2000398422AD074
:108470000023C4F20103984225D0604523D027E0B1
:1084800040F60043C4F2000398421CD041F60003BA
:10849000C4F20003984216D041F60043C4F2000330
:1084A0000FE044F20003C4F2010398420BD044F6FB
:1084B0000003C4F20103984205D044F20043C4F221
:1084C0000103984204D1CB6825F4407243EA0205C7
:1084D0000A688C684B69C46240F4806482626445B7
:1084E00004BF09690163026825F0800142F00402BB
:1084F00019430260012242610160B0BD806B00211E
:10850000C185FCF7F9BD0000806B0168496990F8EE
:108510004120212A11D111F080010ED00021C18407
:10852000016851E8031F026821F0C00142E803130B
:10853000002BF5D1202180F841100168496990F89D
:108540004220222A2BD111F0400128D00021C185E0
:10855000016851E8031F026821F4907142E8031397
:10856000002BF5D1016851E8051F026821F00101D7
:1085700042E80513002BF5D1016B01290AD100BF98
:10858000016851E8031F026821F0100142E803135B
:10859000002BF5D1202180F8421000210163416CAD
:1085A00041F010014164FCF7A7BD00000168806B39
:1085B0000968C90548BFFDF70DB90021C18400BF96
:1085C000016851E8051F026821F0800142E80513A7
:1085D000002BF5D1016851E8031F026841F040010A
:1085E00042E80313002BF5D170470000806BFDF7C4
:1085F000F3B8000090F84210222918BF7047826833
:10860000B2F5805F02D1016900294AD0816AB2F5D2
:10861000805F07D00AB9026922B10268526802F08D
:108620007F0201E0026852680A70816A013181624A
:10863000C18D01390A04C18500D070470168CA683C
:1086400022F02002CA60CA6822F48072CA604A69B5
:1086500022F001024A61202180F84210002141638A
:10866000026B012A18BFFDF769B881B0016300BF32
:10867000016851E8031F026821F0100142E803136A
:10868000002BF5D101680A68D20606D500220092B7
:108690000A680092496800910099818D01B0FCF749
:1086A00029BD0168826A49686FF35F2122F8021BC5
:1086B0008262BDE7B0B50446006804F108030ECB42
:1086C0000569194325F440552A4302616269E3694B
:1086D0001143C268194349F20C639A431143C160C4
:1086E0004169A26921F4407141F20043114340F411
:1086F0008062C4F201039A42416102D1FBF788FB18
:1087000001E0FBF771FBE1694FF69C756368192284
:10871000C0F6FF75B1F5004FA0FB02011CD15A0055
:10872000DB0FF7F7BFFD48F21F51C5F2EB11A0FBBD
:1087300001235A0905F1805302FB0300322303EBA6
:10874000C000A0FB01014FF4F87000EA111000EB2B
:108750000210C1F3421118E09A009B0FF7F7A2FD37
:1087600048F21F51C5F2EB11A0FB01235A0902FB8D
:108770000500322303EB0010A0FB0101F02000EA0A
:10878000511000EB0210C1F34311084421688860C6
:10879000B0BD000041F63420C2F20000FCF7AEBCD0
:1087A00041F67C20C2F20000FCF7A8BC80B500F0C6
:1087B00009F841F6C420C2F20000BDE88040FCF791
:1087C0009DBC000080B582B041F6C420C2F200001A
:1087D00000680168890633D441F20041C4F2010106
:1087E0000968C90633D50021009101684FF4007271
:1087F000009140680090009841F2C420C2F200004D
:10880000036818681968000321F0010119605968AC
:108810005A60C1F500718AB222D4186840F2CF21A3
:1088200040F4002018601868C2F2000140F0010016
:10883000186040F2D060C2F2000001F063FD06E073
:10884000002101910168019140680190019841F671
:10885000C420C2F2000002B0BDE88040FCF74EBC6C
:1088600046F22800C4F20200016821F400210160F0
:10887000186840F0010C40F2CF20C2F2000000F571
:10888000007140F2D060C2F20000C3F800C002B034
:10889000BDE8804001F036BD80B5D0F8B8225268FE
:1088A0009047002818BF032080BD000000207047BB
:1088B0000020704780B513460A46002100F046F9B3
:1088C000002080BD80B513460A46002100F002FA60
:1088D000002080BD80B50521C0F89412002100223F
:1088E000002300F033F9002080BD000080B513465E
:1088F0000A460221C0F8941200214262C0E9053301
:1089000000F0E8F9002080BD80B50421C0F8941281
:1089100000210022002300F0DDF9002080BD0000CE
:1089200080B5D0F8C802FAF7BDFC40F20032C100B1
:10893000C0F2013222FA01F1032888BF0321C8B234
:1089400080BD0000B0B581B190F89C22032A51D1BE
:10895000D0F8B8225269002A4CD00023C0F8D43293
:108960009047002808BF0020B0BDD0F8941202291B
:1089700039D18269018C8A420ED9436A521A19444C
:10898000826141620446FFF79DFF204600210022DC
:10899000002300F0DBF825E00FD142698A420CD3B6
:1089A000D0F898128A4208D20021002204460025FD
:1089B000FFF788FFC4F89852E7E790F89C12032964
:1089C00009D1D0F8B812C96829B10022C0F8D42260
:1089D0000446884720468021044600F05BF9204683
:1089E000FFF778FF204690F8A01200291CBF002155
:1089F00080F8A0120020B0BD10B589B190F89C227B
:108A0000032A08D1D0F8B822002392691AB1C0F81D
:108A1000D432904700E00020002808BF002010BD9D
:108A2000D0F89412032924D1D0F85811B0F860215D
:108A300091420ED98B1AD0F86411C0F85831114404
:108A4000C0F86411934288BF1A46FFF733FF002035
:108A500010BD90F89C12032909D1D0F8B812096909
:108A600029B10022C0F8D422044688472046FFF7E7
:108A70004BFF002010BD000000207047012180F84E
:108A80009C12D0F8B812002904BF0020704780B5AE
:108A90004A6801799047002818BF032080BD000074
:108AA000D0F8C80201F07F034AB203EBC30301EB25
:108AB000C10100EB830300EB810000F25620002A85
:108AC00048BF03F11600007870470000D0F8D422A8
:108AD00000EB8202D2F8B822002A04BF03207047BC
:108AE00090F89C32032B05D1126A1AB180B59047D9
:108AF000002080BD00207047D0F8D42200EB820215
:108B0000D2F8B822002A04BF0320704790F89C32A4
:108B1000032B05D1526A1AB180B59047002080BD61
:108B20000020704780B59446D0F8C8021A466346C4
:108B3000FAF7E8FB40F20032C100C0F2013222FA3B
:108B400001F1032888BF0321C8B280BD80B5D0F8E9
:108B5000C802FAF70BFC40F20032C100C0F2013249
:108B600022FA01F1032888BF0321C8B280BD0000AA
:108B7000F0B581B00126002580F89C62C0F89452BF
:108B800004464560D0F8B802C4F8A45284F8A05254
:108B900040B1426832B12046002190470546002886
:108BA00018BF032520460021002240234027FFF75D
:108BB000B9FF204680210022402384F86361A4F895
:108BC0006071FFF7AFFF84F823602846278401B067
:108BD000F0BD000090F89C12042904BF90F89D128B
:108BE00080F89C120020704790F89C12032908D14D
:108BF000D0F8B81229B1C96919B180B58847BDE864
:108C00008040002070470000024600201174704729
:108C100080B5D0F8C802FAF7DBFF40F20032C1009D
:108C2000C0F2013222FA01F1032888BF0321C8B241
:108C300080BD0000B0B500F2AA240546204600F031
:108C40005BF80121C5F8941295F8AA12B5F8B03274
:108C500001F01F02022AC5F898320ED0012A06D070
:108C60008AB928462146BDE8B04000F059B82846E8
:108C70002146BDE8B04000F09DBA28462146BDE837
:108C8000B04000F0F3B901F080012846BDE8B040E3
:108C9000AFF3008080B5D0F8C802FAF789FB40F244
:108CA0000032C100C0F2013222FA01F1032888BF6C
:108CB0000321C8B280BD0000014690F89C02042246
:108CC00004281CBF91F89C0281F89D02002081F8C5
:108CD0009C22704780B5D0F8C802FAF7A1FB40F299
:108CE0000032C100C0F2013222FA01F1032888BF2C
:108CF0000321C8B280BD00000A7802704A78427031
:108D00004A8842808A888280C988C1807047000072
:108D1000D0F8B822002A04BF00207047126810471C
:108D20000A78C2F34112531E022B07D2D0F8D42284
:108D300000EB8202D2F8B8229268104770B582B078
:108D4000002A40F0BB804A78092A00F2B780DFE8A9
:108D500002F0052CB54FB55877B51A3C90F89C2217
:108D6000013A022A00F2AA80C988022940F0A680AE
:108D7000D0F8A4120322002908BF0122014641F8BD
:108D80000C2F02225EE1C988012940F0978090F8FB
:108D90009C124A1E022A80F08C800024014641F871
:108DA000084F0122FFF7A2FD91E090F89C22013AC2
:108DB000022A00F2838049880024012940F087803C
:108DC000C0F8A442FFF7A0FD81E0498840F62B459A
:108DD000C2F2000511F0FE0F297046D08021044632
:108DE000FFF758FF20460021FFF754FF03246EE0F1
:108DF0004A88022A56D0012A60D10121C0F8A41263
:108E000053E08A88002A59D1CA88002A56D14D8851
:108E10007F2D53D890F89C1203294FD0E9B280F8E7
:108E20009E520446FFF7F4FE20462646FFF76CFDEF
:108E3000002D14BF0220012086F89C02002446E089
:108E40004A884FF0FF3303EB12230026062BADF8C0
:108E500006604CD8DFE803F0044D3E4B4B5C6800E5
:108E60000E46D0F8B4120A68CCE090F89C22032A8F
:108E70006AD0022A40F08B800A0616D001F0010267
:108E8000C9B242600546FFF743FF0446002800F0E0
:108E9000998028468021FFF7FDFE28460021FFF734
:108EA000F9FE70E0497980F8A012FFF72DFD00244B
:108EB0000DE0032902D1011D0122C3E080210446F7
:108EC000FFF7E8FE204600210024FFF7E3FE2046DE
:108ED00002B070BDD2B2052A09D8DFE802F00389DA
:108EE0007F847A8E0E46D0F8B4124A6889E00E4626
:108EF00090E00E46017C0446D0F8B80200290CBF71
:108F0000816AC16A0DF1060088470546022018E013
:108F10000E46017C00297DD10446D0F8B802416B91
:108F20000DF10600884772E00E46017C002971D1E0
:108F30000446D0F8B802016B0DF1060088470546DB
:108F400007206870012070E00A062ED0426801F008
:108F500001018A42A9D0D1B20446FFF79DFC2978CD
:108F6000204661602546FFF7D3FE044630B328460D
:108F70008021FFF78FFE28460021FFF78BFE29791D
:108F80002846FFF789FC022085F89C029FE7802194
:108F90000446FFF77FFE20460021FFF77BFE29787D
:108FA0002046FFF779FC032491E702220024C9B28E
:108FB00080F89C2244600546FFF76EFC2846FFF7C8
:108FC000A3FC84E72846FFF79FFC032085F89C025A
:108FD0007DE70E46D0F8B4124A6912E00E46D0F88A
:108FE000B412CA680DE00E46D0F8B4120A6908E05F
:108FF0000E46D0F8B4128A6803E00E46D0F8B412D8
:109000008A693AB10446007C0DF106019047054695
:1090100001200AE080210546FFF73CFE284600219A
:109020002C460025FFF736FE002090B1F2886AB189
:10903000BDF8061079B1914238BF0A46ADF8062056
:1090400020462946FFF752FC002440E72046FFF760
:109050005BFC00243BE720468021FFF71BFE2046F7
:109060000021FFF717FE002431E7000070B50A78F1
:109070000D46C2F341120979531E022B044605D254
:109080002046FFF713FCD8B1002070BDE2BB687822
:1090900088B3012821D0032836D194F89C020328F4
:1090A0001FD1688838B911F07F0004D0E88810B962
:1090B0002046FFF7EFFD2046FFF726FC002070BD9D
:1090C000D4F8B80282680020002AC4F8D402DBD0A9
:1090D00020462946BDE87040104794F89C020328BA
:1090E0001CD0022810D148060ED02046FFF7D2FD32
:1090F000204680210EE094F89C0203281ED002280E
:1091000008BF5FEA416044D020468021FFF7C2FDDE
:1091100020460021FFF7BEFD002070BD68880028B2
:10912000B2D10E46480603D020463146FFF7F8FB81
:109130002046FFF7E9FB20463146A2E701F00F0089
:1091400000EB8000802904EB80002CBF90F8230006
:1091500090F863010028D7D001F07F0000EB800079
:1091600004EB800000F1140501EB810004EB8000AA
:10917000802938BF00F5AA75480605D02046FFF7BC
:109180008FFC08B1012000E0002005F10E01A8735A
:1091900009E008064FF0140058BF4FF4AA702118D8
:1091A000002001F80E0F20460222FFF79FFB00204F
:1091B00070BD000070B50A7802F06002602A08D025
:1091C00090F89C22013A022A03D88A8812F0FE0FF6
:1091D0000AD080210446FFF75DFD204600210024CF
:1091E000FFF758FD204670BD0E46D1B20546FFF789
:1091F0005FFB10B1032431460EE0D5F8B8128A683F
:1092000042B100212846C5F8D41231469047314674
:10921000044601E031460324C888002808BF002C1A
:10922000E0D12846FFF770FB204670BD10B50A78E4
:109230004B78D0F81CE802F00F04012B4FEA421CD7
:1092400017D10123A34043EA0E03C0F81C38604441
:10925000D0F800391B0427D48B6800F51060097919
:1092600004686FF3DF2343EA814144EA82521143E9
:1092700015E04FF48032A24042EA0E02C0F81C28EA
:109280006044D0F8002B12040ED48A6800F53060D8
:1092900009796FF3DF22036842EA8141194341F003
:1092A000805141F400410160002010BD0146D0F81A
:1092B000000940F2FF729043C1F80009D1F8040898
:1092C00040F480720020C1F804287047D0F840C0F4
:1092D00043F20B03C4F654739C4503D3D0F8003B10
:1092E000002B1ED40023C0F8103BD0F8103B0129FE
:1092F00043F40023C0F8103BD0F8103B43F01803B0
:10930000C0F8103BD0F8103B43F0C043C0F8103B0E
:1093100007D1C0F8142BD0F8001B41F08021C0F811
:10932000001B0020704700004A780B78012A4FEAA2
:10933000431210440DD1D0F8002922F40012C0F8D5
:109340000029097901F0FE01022913D100F510600E
:109350000CE0D0F8002B22F40012C0F8002B0979A1
:1093600001F0FE01022905D100F53060016841F0ED
:1093700080510160002070470A784B785101012B21
:10938000084406D1D0F80019002900F5106106D56F
:109390000AE0D0F8001B002900F5306104D41AB1AE
:1093A000086820F080400860086840F4001200203F
:1093B0000A607047F0B54B78002491F800C04FF672
:1093C000FF75CFF6F874012BCEF207052AD10E698E
:1093D00000EB4C1EDEF81079002E0EF510634CD019
:1093E0003C401C611C69BCF1000F04EA05041C61CF
:1093F0008C6856D03519013DB5FBF4F40025C1F653
:10940000F8751E6905EAC44535431D610D79012DC6
:109410004FD11D6925F0C0451D614FF0C04505EADB
:10942000447443E000EB4C13D3F8107B4FF6FF7EFF
:109430002740C3F8107BD3F8104BC0F2070E2C4026
:10944000C3F8104B0C69BCF1000F03F530631DD05D
:109450008E68002C6FD0A719013FB7FBF6F7BDB29D
:109460006E430E620025C1F6F8751C6905EAC74710
:10947000274306EA0E061F6164E03D401D611D6939
:1094800045F400251D611D692C4017E0002C1CBF10
:109490008F680F618F680F621E6907EA0E073743F6
:1094A0004DE0A64288BF0C614FF400241D692C4397
:1094B0001C610C691D696FF3DF442C43012A1C6198
:1094C00015D1CA69002A18BFCEF8142909790129D3
:1094D00050D1D0F80808DEF80019C0054FF08050D0
:1094E00058BF4FF000500843CEF8000942E000F5A5
:1094F00010634FEA4C169F5947F004479F510F796C
:10950000012F0DD1D0F80878F558FF054FF080579E
:1095100058BF4FF000572F43F75092B30020F0BDD3
:1095200009690029FAD00CF00F01012202FA01F1B9
:1095300000F6340320E01F6906EA0E0637431F6178
:109540004FF400261F69012A47EA06071F6103D16D
:10955000CA68002A18BF5A61097901290AD1D0F8CE
:1095600008081968C0054FF0805058BF4FF00050F0
:10957000084318604FF00441186808431860002041
:10958000F0BD0A8A002AC9D0CB68D11C890800F531
:1095900080504FEA0C32043B53F8047F01391750D6
:1095A000FAD1BBE781B0002200924A780978012AFB
:1095B0004FEA41111BD100F510604258B2F1FF3F54
:1095C0002FDC0A5842F000620A500A5842F08042EA
:1095D0000A5042F2107200BF009B01330093009BBF
:1095E000934221D84358B3F1FF3FF5DD19E000F570
:1095F00030604258B2F1FF3F13DC0A5842F000627B
:109600000A500A5842F080420A5042F2107200BFDB
:10961000009B01330093009B934205D84358002BD5
:10962000F6D4002001B07047012001B0704700005F
:1096300081B00022009200BF009A01320092009A8D
:10964000B2F1706F15D80269B2F1FF3FF4DC890105
:1096500000222031009201610099013100910099AE
:10966000B1F1706F05D801698906F5D4002001B009
:109670007047032001B07047D0F8080800F00601D9
:1096800080074FF0020058BF0F20002908BF08468E
:1096900070470000406900F001007047D0F81818CA
:1096A000D0F81C08084080B270470000D0F81818A5
:1096B000D0F81C080840000C70470000D0F810C813
:1096C000D0F8343801F00F0223FA02F2D20100EB95
:1096D0004110D2B2D0F8080942EA0C0108407047A4
:1096E00000EB4111D1F8081BD0F81408084070476E
:1096F000416980690840704780B5930802F0030211
:1097000009D004394FF4805C50F80CE0013B41F87B
:1097100004EFF9D1043172B14FF4805350F803C013
:10972000002300BF2CFA03F0013A01F8010B1004EA
:1097300003F10803F6D1084680BD00000246D0F8C8
:10974000000801F07F0120F4FE60C2F80008D2F8A2
:10975000000840EA01110020C2F80018704700001C
:10976000022A02465CD145F24030CFF6277043F220
:1097700000530844C0F20C03984202D24FF47050D8
:1097800050E041F64060CFF61B7044F2402308449D
:10979000C0F20F03984202D24FF4605042E0A1F5AC
:1097A000740044F68073A0F51050C0F21203984282
:1097B00002D24FF4505035E0A1F183704DF2206396
:1097C000A0F5E740C0F21303984202D24FF4405094
:1097D00028E04BF26060CFF6E5604EF2603308445B
:1097E000C0F21603984202D24FF430501AE04DF204
:1097F0000030CFF6CE6047F240730844C0F21B033E
:10980000984202D24FF420500CE045F6C030CFF61B
:10981000B36049F2C0130844C0F2210398420AD24F
:109820004FF41050D16821F47051D160D1680143D8
:109830000020D1607047A1F1B77047F22053A0F526
:109840005850C0F23803984202D24FF40050E9E772
:1098500045F2E040CFF6596049F6E0430144C0F2DA
:1098600041034FF4C050994238BF4FF4E050D9E75C
:10987000DDF800C0BCF1000F0CD15BB103339B08D5
:1098800000F5805C1203043951F8040F013B42F8E3
:109890000C00F9D100207047FEE70000F5EE400A09
:1098A000F1EE10FA23DD80EE200AB7EE002AB0EECA
:1098B000C01AB4EE421AF1EE10FA46DD82EE011A39
:1098C0009FED752A4EF6C4522021C0F6000200BF5B
:1098D000531893ED003A21EE022A04390B1D32EEA3
:1098E000032AF5D19FED6A1A31EE422A3EE0F5EEE9
:1098F000400AF1EE10FA43DAB5EE400AF1EE10FA42
:109900004BDD80EE200AB7EE002AB0EEC01AB4EEAE
:10991000421AF1EE10FA73DD82EE011A9FED5E2A13
:109920004EF6C4522021C0F6000200BF531893ED3A
:10993000003A21EE022A04390B1D32EE032AF5D13A
:109940009FED531A31EE422A6CE09FED532A4EF6FA
:10995000C4522021C0F60002531893ED003A21EEC4
:10996000022A04390B1D32EE032AF5D1B1EE421A58
:10997000B5EE400AF1EE10FAA8BFB0EE421A82E04E
:10998000F5EE400AF1EE10FA37D1B5EE400AF1EEED
:1099900010FA2ADD9FED3E1A75E0B5EE400AF1EEB1
:1099A00010FA46DA80EE200AB7EE002AB0EEC01AAE
:1099B000B4EE421AF1EE10FA46DD82EE011A9FED86
:1099C000362A4EF6C4522021C0F60002531893EDF9
:1099D000003A21EE022A04390B1D32EE032AF5D19A
:1099E0009FED2B1A31EE422A40E0B5EE400AF1EE2F
:1099F00010FA02DA9FED271A45E0FC2040B27047CA
:109A00009FED252A4EF6C4522021C0F6000200BF69
:109A1000531893ED003A21EE022A04390B1D32EE61
:109A2000032AF5D1B1EE421AB5EE400A9FED1C0AA9
:109A300022E040F6DB7210EE101AC4F2490262F323
:109A40001E0101EE101A1EE09FED132A4EF6C452BD
:109A50002021C0F6000200BF531893ED003A21EE1A
:109A6000022A04390B1D32EE032AF5D1B1EE421A57
:109A7000B5EE400A9FED090AF1EE10FAA8BFB0EE6C
:109A8000421A31EE001A80ED001A002040B27047F1
:109A9000DB0FC93FDB0FC9BFA59204BDDB0F49C077
:109AA000DB0F49409FED211A9FED212A20EE010A8C
:109AB000B5EE001A30EE010ABDEEC01A11EE100A22
:109AC000B5EE400AF1EE10FAB8BF013801EE100A07
:109AD000B8EEC11A30EE410A20EE020ABDEEC01AFD
:109AE0009FED142A11EE100A410A30EE021A4EF6CA
:109AF00020611CBF0020B0EE410AC0F6000101EE5B
:109B0000100A01EB8001B8EE411A30EE410A91EDE6
:109B1000001A91ED012AB7EE003A33EE403A20EEFA
:109B2000020A23EE011A31EE000A704783F9223E41
:109B300000000044000000C49FED1F1A9FED1F2A83
:109B400020EE010ABDEEC01A11EE100AB5EE400A71
:109B5000F1EE10FAB8BF013801EE100AB8EEC11AE2
:109B600030EE410A20EE020ABDEEC01A9FED142A23
:109B700011EE100A410A30EE021A4EF620611CBFA7
:109B80000020B0EE410AC0F6000101EE100A01EB20
:109B90008001B8EE411A30EE410A91ED001A91EDC4
:109BA000012AB7EE003A33EE403A20EE020A23EEE5
:109BB000011A31EE000A704783F9223E000000448A
:109BC000000000C42DE9F04182B000208DF80700AC
:109BD000F6F7FAFD8020F6F747FF5520F6F744FF29
:109BE0005520F6F741FF8DF80700F6F7E5FD9620C2
:109BF000F6F742FEF6F7E8FD8020F6F735FF552030
:109C0000F6F732FF5520F6F72FFF8DF80700F6F72D
:109C1000D3FD9620F6F730FEF6F7D6FD7E20F6F758
:109C200023FFB620F6F720FFF6F7C6FD5020F6F723
:109C300021FEF6F7C9FD8020F6F716FF5520F6F74E
:109C400013FF5520F6F710FF8DF80700F6F7B4FD67
:109C50009620F6F711FEF6F7B7FD8020F6F704FF21
:109C60005520F6F701FF5520F6F7FEFE8DF80700A8
:109C7000F6F7A2FD9620F6F7FFFD9DF807001E28D7
:109C800036D14FF256680026C0F60008F6F79CFD64
:109C900006EB460018F8005008EB00077C782846D1
:109CA000F6F7E2FE2046F6F7DFFEF6F785FD962092
:109CB000F6F7E2FDF6F788FD45F08000F6F7D4FEF2
:109CC0005520F6F7D1FE5520F6F7CEFE8DF80700A9
:109CD000F6F772FD9620F6F7CFFD9DF80700A0423B
:109CE0000AD10136062ED1D1002002B0BDE8F081A4
:109CF000FF2002B0BDE8F081B87802B0BDE8F08185
:109D00002DE9F04786B00020ADF8080001908DF8ED
:109D10000300F6F759FD8020F6F7A6FE5520F6F76A
:109D2000A3FE5520F6F7A0FE8DF80300F6F744FDDC
:109D30009620F6F7A1FDF6F747FD8020F6F794FE92
:109D40005520F6F791FE5520F6F78EFE8DF80300AC
:109D5000F6F732FD9620F6F78FFDF6F735FD7E20FB
:109D6000F6F782FEB620F6F77FFEF6F725FD5020C7
:109D7000F6F780FDF6F728FD8020F6F775FE5520F2
:109D8000F6F772FE5520F6F76FFE8DF80300F6F732
:109D900013FD9620F6F770FDF6F716FD8020F6F716
:109DA00063FE5520F6F760FE5520F6F75DFE8DF850
:109DB0000300F6F701FD9620F6F75EFD9DF803001F
:109DC0001E2840F0B7804EF6EC5A0027C0F6000A75
:109DD000F6F7FAFC07EB47001AF800500AEB00060A
:109DE00074782846F6F740FE2046F6F73DFEF6F773
:109DF000E3FC9620F6F740FDF6F7E6FC45F0800020
:109E0000F6F732FE5520F6F72FFE5520F6F72CFE1A
:109E10008DF80300F6F7D0FC9620F6F72DFD9DF89F
:109E20000300A04240F08A805020F6F723FD01375E
:109E3000042FCDD101A8A0F1010800270DF10C09D4
:109E4000F6F7C2FC47F0040000EB40001AF800509F
:109E50000AEB000674782846F6F706FE2046F6F769
:109E600003FEF6F7A9FC9620F6F706FDF6F7ACFC24
:109E700045F08000F6F7F8FD5520F6F7F5FD552082
:109E8000F6F7F2FD8DF80300F6F796FC9620F6F74C
:109E9000F3FC9DF80300A04250D15020F6F7EAFCF5
:109EA000F6F792FC9220F6F7DFFD9220F6F7DCFD44
:109EB000062445465520F6F7D7FD013C210605F856
:109EC000010FF7D1F6F778FCBDF8040007EB470166
:109ED00029F81100DDF8060009EB4101002F07F118
:109EE0000107C1F80200ABD0F6F76EFC6D20F6F763
:109EF000BBFD0020F6F7B8FDF6F75EFC9620F6F7FE
:109F0000BBFCF6F761FCED20F6F7AEFD5520F6F749
:109F1000ABFD5520F6F7A8FD8DF80300F6F74CFCD5
:109F20009620F6F7A9FC9DF8030058B1042006B06E
:109F3000BDE8F087FF2006B0BDE8F087B07806B036
:109F4000BDE8F087F6F740FC7E20F6F78DFDB620E1
:109F5000F6F78AFDF6F730FC5020F6F78BFCBDF9DA
:109F60000C00BDF91210411A40F2555081420EDB2F
:109F7000BDF90E10BDF91420891A814207DBBDF925
:109F80001000BDF91610401AB0F52A7F03DA8020C0
:109F900006B0BDE8F087F6F717FC8020F6F764FD01
:109FA0005520F6F761FD5520F6F75EFD8DF80300AC
:109FB000F6F702FC9620F6F75FFCF6F705FC80202A
:109FC000F6F752FD5520F6F74FFD5520F6F74CFDFC
:109FD0008DF80300F6F7F0FB9620F6F74DFC002015
:109FE00006B0BDE8F08700002DE9F041F6F7FEFB72
:109FF0008020F6F739FD5520F6F736FDF6F7EEFB33
:10A000009620F6F739FCF6F7F1FB8020F6F72CFDE9
:10A010005520F6F729FDF6F7E1FB9620F6F72CFC24
:10A02000F6F7E4FB1420F6F71FFDB620F6F71CFD4B
:10A03000F6F7D4FB5020F6F71DFCF6F7D7FB80208F
:10A04000F6F712FD5520F6F70FFDF6F7C7FB962041
:10A05000F6F712FCF6F7CAFB8020F6F705FD55204F
:10A06000F6F702FD0446F6F7B9FB9620F6F704FC76
:10A070000F2C1CBFFF20BDE8F0814FF2686800265E
:10A08000C0F60008F6F7B2FB06EB460018F80050E1
:10A0900008EB00077C782846F6F7E6FC2046F6F742
:10A0A000E3FCF6F79BFB9620F6F7E6FBF6F79EFB44
:10A0B00045F08000F6F7D8FC5520F6F7D5FC0546AC
:10A0C000F6F78CFB9620F6F7D7FBA54205D10136B3
:10A0D000062ED7D10020BDE8F081B878BDE8F08128
:10A0E000B0B5F6F783FB8020F6F7BEFC5520F6F7F7
:10A0F000BBFCF6F773FB9620F6F7BEFBF6F776FB94
:10A100008020F6F7B1FC5520F6F7AEFCF6F766FBBB
:10A110009620F6F7B1FBF6F769FB1420F6F7A4FCDE
:10A12000B620F6F7A1FCF6F759FB5020F6F7A2FB94
:10A13000F6F75CFB8020F6F797FC5520F6F794FCC9
:10A14000F6F74CFB9620F6F797FBF6F74FFB8020CF
:10A15000F6F78AFC5520F6F787FCF6F73FFB9620CA
:10A16000F6F78AFBF6F742FB3C20F6F77DFC012070
:10A17000F6F77AFCF6F732FB5020F6F77BFB00256A
:10A18000F6F734FBBC20F6F76FFC5520F6F76CFCB5
:10A190000446F6F723FB9620F6F76EFBA00705F1C1
:10A1A000010102D4092D0D46EAD3402000EA041033
:10A1B0000A2908BF4020B0BDB0B58AB041F28C0476
:10A1C00001200021C2F200046D460890CDE906107E
:10A1D000CDE90011CDE90211CDE90411204629464F
:10A1E000F7F75CFC2046F7F7BDFF20460221F7F7A2
:10A1F000F7FB41F2B4040E20C2F20004099005906E
:10A2000020462946F7F74AFC2046F7F7ABFF2046E1
:10A210000221F7F7E5FB0AB0B0BD000080B54EF2B1
:10A22000180140F6F072CEF20001C2F2000251F8BD
:10A2300004CC1278002302FB00FE08680A68824200
:10A24000FCD003449B1A824228BF634473451046E6
:10A2500028BF80BDF2E7000070B540F6F85600EB6D
:10A26000C005C2F2000656F8250006EB85046060C2
:10A2700002F0B6FDE17C46F825004A0642BF01F037
:10A28000BF01E174E060A06960B18047E17C70B11A
:10A29000206A41F0A0010028E17408BF70BDBDE84C
:10A2A00070400047E07C00F07F00E07470BD01F07A
:10A2B0007F00E07470BD0000EFF3108C72B641684F
:10A2C00003698B4284BF0168016180B50269D0E9EE
:10A2D000023112F801EB01330139C0E902310261A8
:10A2E0008CF31088704680BD0346881801384FF003
:10A2F000000CC3E900100020C3E9022C1961596168
:10A30000704700002DE9F047EFF3108972B609B3EA
:10A3100084680546F4B12E4656F8140F56F8103CE2
:10A32000984284BF286868613068A242B8BF14466A
:10A330001A1A571CBC4213DD3A46A4EB070A88469A
:10A34000F6F7ADF8286808EB07015246F6F7A7F8CC
:10A350002E4609E089F310884FF0FF30BDE8F08702
:10A360002246F6F79CF8A2463068D5E9021250441E
:10A370006861081B1119C5E9020189F3108820469C
:10A38000BDE8F087C068704780B540F6FA72C2F247
:10A390000002107840F6A14140F6A04CC007C2F27E
:10A3A0000001C2F2000C15D041F6BC03C2F200035A
:10A3B000986C00680068C0070CD1D86C0068006811
:10A3C000C00707D1087880075CBF9CF800005FEAEF
:10A3D000807053D50878C00715D041F6BC03C2F28F
:10A3E0000003986C00680068C0070CD1D86C006846
:10A3F0000068C00707D1107880075CBF9CF8000098
:10A400005FEA807058D59CF80000C00715D041F66F
:10A41000BC03C2F20003986C00680068C00718BF54
:10A4200080BDD86C00680068C00706D1107880072E
:10A430005CBF08785FEA807000D580BD9CF80000A2
:10A44000102100F0FE008CF800009CF800000022B3
:10A4500040F002008CF800000020C4F20200F8F77F
:10A4600041FA40F2500040F69C41C2F20000C2F2B4
:10A4700000010422BDE88040FDF702B810780121F8
:10A4800000F0FE001070107840F002001070002004
:10A49000C4F2020000F580600022F8F723FA40F2CF
:10A4A000540040F6F271C2F20000C2F2000108222C
:10A4B000BDE88040FCF7E4BF0878002200F0FE0011
:10A4C0000870087840F0020008700020C4F2020012
:10A4D0001021F8F707FA40F2200040F66C41C2F272
:10A4E0000000C2F200010922BDE88040FCF7C8BFAD
:10A4F00041F61411C2F20001096848637047000078
:10A500007047000080B584B0024601200DF10F01B4
:10A51000CDE9001041F284304FF0640CC2F200002B
:10A520001C210123CDF808C0F8F7A0FA9DF80F0010
:10A5300004B080BD80B584B002468DF80F100120B4
:10A540000DF10F01CDE9001041F284304FF0640CA1
:10A55000C2F200001C210123CDF808C0F8F75AFC14
:10A5600004B080BD41F60000C4F202004021012287
:10A57000F8F7B8B941F60000C4F202004021002209
:10A58000F8F7B0B97047000000F0A4B82DE9F04129
:10A59000FFF7B6FFFFF7F6FFFFF7ECFF3220FFF7FC
:10A5A000F3FFFFF7DFFF3220FFF7EEFF0020FFF79A
:10A5B000A9FF10281CBF4020BDE8F0810120FFF753
:10A5C000E3FF4EF614680026C0F6000806EB4600CE
:10A5D00008EB000718F800407D7820462946FFF771
:10A5E000A9FF0120FFF7D0FF2046FFF78BFF0446AD
:10A5F0000120FFF7C9FFAC4205D10136042EE5D199
:10A600000020BDE8F081B878BDE8F0819FED1A1A0E
:10A610000020B4EE410AF1EE10FAB8BF012007DBCA
:10A620009FED162AB4EE420AF1EE10FAD8BF704739
:10A630009FED122A30EE023A33EE023AC00718BFFD
:10A64000B0EE430A30EE013AB4EE420A33EE013A7C
:10A65000F1EE10FAC8BFB0EE430AB4EE410AF1EED3
:10A6600010FA4FF00000B8BF0120E3DBB4EE420A5D
:10A67000F1EE10FADEDC7047DB0F49C0DB0F49401A
:10A68000F8F70CFDFDF73EFEFCF708F8FBF720FF9E
:10A69000FBF752FEFBF78AFEFBF7C2FEFBF7E2FE7A
:10A6A000FCF7E0F8FCF700F9FCF76AF9FCF7D0F9E1
:10A6B000FCF722F9FCF74AFAFCF766FAFCF782FA93
:10A6C000FBF7F2FEFFF778FDFBF758FF00F00AF802
:10A6D000FEE7000080B5012898BF012001F046FC8C
:10A6E000002080BD80B501F063FD002080BD00002A
:10A6F000B0B584B043698E4693B1846984B105894D
:10A70000D0E9001C026928B2843D18BFC51CCDE900
:10A71000005360467346029402F080F9039010E003
:10A720000589D0E90013028A28B2843D18BFC51CF0
:10A7300003AC18467346CDE9005402F001F9012834
:10A7400002D1039804B0B0BD002004B0B0BD000039
:10A7500020B941F64440C2F20000006800281CBF46
:10A76000343070474FF0500080F31188BFF36F8F83
:10A77000BFF34F8FFEE70000F0B581B00D4648F201
:10A780009C4141F64446C2F20001C2F200060F6845
:10A7900031680446081D01F049FA10B1601C0FD061
:10A7A0001AE0306847F6E072C06AC2F20002012186
:10A7B000136801FA00F023EA00001060601C0BD15E
:10A7C00055B13068011D48F27440C2F2000001B07A
:10A7D000BDE8F04001F086BA3068E41944600BD35C
:10A7E00041F65440C2F2000000683168043101B003
:10A7F000BDE8F04001F058BA41F64C40C2F200000A
:10A8000000683168043101F04FFA48F20040C2F2AA
:10A81000000001688C4238BF046001B0F0BD000048
:10A820002DE9F047044601F075FA47F6D070C2F200
:10A830000000016841F6444701310160C2F200079F
:10A84000396848F2684A41F65C46C2F2000AC2F230
:10A85000000651B1DAF8000000283DD13868E16AFD
:10A86000C06A884298BF3C6036E03C6000680128BE
:10A8700032D10025701901F007FA14358C2DF9D169
:10A8800048F27018C2F20008404601F0FDF948F2A3
:10A890008419C2F20009484601F0F6F948F2144062
:10A8A000C2F2000001F0F0F948F28840C2F2000064
:10A8B00001F0EAF948F27440C2F2000001F0E4F954
:10A8C00041F64C40C2F20000C0F8008041F654400E
:10A8D000C2F20000C0F8009047F6DC70C2F200003F
:10A8E000016847F6E072013101606164E06AC2F21A
:10A8F0000002012113688140194300EB80001160C0
:10A9000006EB8000211D01F0EDF901F027FADAF8DD
:10A91000000088B13868E16AC06A884228BFBDE893
:10A92000F0874EF60450CEF200004FF080510160E7
:10A93000BFF34F8FBFF36F8FBDE8F08770B582B064
:10A9400001F0E8F948F2A046C2F20006306850BBB8
:10A9500048F24414C2F20004204601F095F948F28E
:10A960005815C2F20005284601F08EF941F648401C
:10A97000C2F20000046041F65840C2F2000041F605
:10A98000783241F6F03305600025C2F20002C2F2CF
:10A9900000030A200C21009501F040FD306010B149
:10A9A00003A101F0ABFA02B0BDE8704001F0D6B9E6
:10A9B000546D72510000000047F6D47541F65C4AB0
:10A9C0004EF6045848F2884747F6D076C2F20005A2
:10A9D000C2F2000ACEF200084FF08059C2F200071E
:10A9E000C2F2000603E000BF204601F0CFF928685C
:10A9F000C8B101F08FF9F868C468201D01F016F99C
:10AA000030680138306028680138286001F0A6F904
:10AA100094F859000228EAD00128E5D070B9206BDB
:10AA200001F0B4F9E0E7DAF800000228DFD3C8F853
:10AA30000090BFF34F8FBFF36F8FD8E74FF05000F8
:10AA400080F31188BFF36F8FBFF34F8FFEE70000D5
:10AA500008480068006880F308884FF0000080F321
:10AA6000148862B661B6BFF34F8FBFF36F8F00DFFC
:10AA700000BF000008ED00E02DE9F04F83B08246F2
:10AA800002F0AEF941F64049C2F20009D9F80010CF
:10AA90000546884249D241F64844C2F20004206883
:10AAA0000168002943D048F2A04BC2F2000B08E035
:10AAB0007860206831463F6101F0F6F8206801684F
:10AAC000A9B3C068C768D0F800803E1D304601F0C9
:10AAD000ADF8396A3846884797F828004007EDD521
:10AAE000B86940444045E3D88FB3DBF8000078B143
:10AAF0000020CDE90008029702F05EF9DBF80000C3
:10AB000069460022002301F0F7FC0028D6D102E0BC
:10AB100000200028D2D14FF0500080F31188BFF3FD
:10AB20006F8FBFF34F8F00BFFEE7002007E041F6B5
:10AB30005841C2F200010A68086001202260CAF888
:10AB400000002846C9F8005003B0BDE8F08F4FF070
:10AB5000500080F31188BFF36F8FBFF34F8F00BF9A
:10AB6000FEE7000081B00020009040F2AC00C2F28D
:10AB7000000000684FF0500181F31188BFF36F8F20
:10AB8000BFF34F8F013001D0FEE700BF00980028CF
:10AB9000FCD001B07047000088B041F6484B41F648
:10ABA000584A48F2A045C2F2000B02ACC2F2000AB9
:10ABB000C2F200050DF10409DBF8000007681FB1BF
:10ABC000C068D0F8008001E04FF0000801F042FBBF
:10ABD0002046FFF751FF029911B102F06FFA83E0AE
:10ABE000E7B180451AD85646824602F067FADBF88C
:10ABF0000000C068C76807F1040B584601F016F85A
:10AC000097F8280041070CD441F6484B00F0FA00B1
:10AC1000C2F2000B87F82800B2465CE0B7B1002210
:10AC20001AE0B9693F6101EB08005045786029D905
:10AC3000C24501D2404533D241F64842C2F2000239
:10AC400010685946934601F02FF8E5E7DAF800104E
:10AC50000968B1FA81F14A092B68A8EB000118468E
:10AC600001F060F902F02AFA00283DD14EF60450B6
:10AC7000CEF200004FF080510160BFF34F8FBFF361
:10AC80006F8F31E0AAEB0800884209D2306859463C
:10AC9000B24601F009F841F6484BC2F2000B1AE047
:10ACA000002F00F0BA802868B24660B10020CDE9DC
:10ACB0000508079702F080F8286805A900220023FC
:10ACC00001F01AFC00E0002041F6484BC2F2000BF4
:10ACD000002800F0AC80396A3846884704E0DBF889
:10ACE000000000F0E1FF00BF28682146002201F0CB
:10ACF0000DFD00283FF460AF02980028F4D4049FB3
:10AD0000786910B1381D00F091FF4846FFF7B4FE96
:10AD100002990929E8D8DFE801F00505054F395601
:10AD200005054F3997F82810039ABE6941F00101D3
:10AD300087F82810B318394641F8043F83423F6131
:10AD400004D99042CBD2934203D2C8E7801AB042D2
:10AD50002DD3396A3846884797F828004007C3D56D
:10AD6000002F50D02868B0B30398B96907970844FA
:10AD70000021CDE9051002F01FF8286805A900227E
:10AD8000002301F0B9FB0028AED128E097F8281085
:10AD900041F00102039987F82820B96149B30A18E4
:10ADA000394641F8042F82423F613FF698AFDAF806
:10ADB000000000F079FF97E797F8280000F0FE0008
:10ADC00087F8280090E797F828008107F6D43846DE
:10ADD00000F0DCFF88E7002000287FF485AF4FF00B
:10ADE000500080F31188BFF36F8FBFF34F8F00BF08
:10ADF000FEE74FF0500080F31188BFF36F8FBFF371
:10AE00004F8F00BFFEE74FF0500080F31188BFF373
:10AE10006F8FBFF34F8F00BFFEE74FF0500080F3FE
:10AE20001188BFF36F8FBFF34F8F00BFFEE74FF066
:10AE3000500080F31188BFF36F8FBFF34F8F00BFB7
:10AE4000FEE70000F0B581B0044600F063FF94F91E
:10AE50004560012E0FDB04F1240500BF286850B1C6
:10AE6000284602F0E3F8002818BF01F0EFF870B2AE
:10AE7000013E0128F2DCFF2684F8456000F06EFFF9
:10AE800000F048FF94F94470012F0EDB04F1100527
:10AE9000286850B1284602F0C9F8002818BF01F010
:10AEA000D5F878B2013F0128F2DC84F8446001B0A3
:10AEB000BDE8F04000F052BFF0B581B0044601F0AB
:10AEC000C9F941F65041C2F200010868002848F271
:10AED0006C10C2F2000003D0B4F1FF3F2CDD2DE076
:10AEE00041F6C072C2F20002D31D560702F5C046F9
:10AEF00018BF23F0070248F26C43C2F2000300259A
:10AF0000C3E9002526F00703A3F108060E6043E914
:10AF10000255B31A0E68C2E9006348F2FC32C2F26D
:10AF20000002136048F29812C2F20002136001227C
:10AF30000270B4F1FF3F01DC0278C2BB3CB1620792
:10AF40001ABF24F0070202F11004083400E00024C4
:10AF500048F2981EC2F2000EDEF80020631E9342F3
:10AF600025D248F26C43C2F200031E687568A54200
:10AF700007D200BF326822B1556833461646A54253
:10AF8000F8D30A68964212D0D3F800C037682A1B5B
:10AF9000112A1F603FD333195D0719D04FF05000BD
:10AFA00080F31188BFF36F8FBFF34F8FFEE700244C
:10AFB00002F084F8600708D04FF0500080F3118849
:10AFC000BFF36F8FBFF34F8FFEE7204601B0F0BD98
:10AFD00048F26C45C2F200055A6074602C462D6838
:10AFE0009D42FBD36268A7189F4203D15B681A4455
:10AFF000234662605A689F18AF4201D0294606E096
:10B0000009688D4203D0D5E900152A445A609C4254
:10B01000196018BF236048F2FC317268DEF8003016
:10B02000C2F200010C689A1AA242CEF8002038BF82
:10B030000A60007848F208427168C2F200020028F3
:10B0400018BF41F00041136800200CF10804C6E964
:10B050000001581C1060ABE703464AF6653021F04A
:10B060000101C0F600004FF0807C03E903106FF08F
:10B070000201A3F1440043E90912704740F2D0698C
:10B08000C2F2000940F2E861C2F2000148464FF402
:10B090008062FFF729F9FCF727F840F2CF20C2F2CF
:10B0A000000000F500714FF40072FCF7F9F840F66B
:10B0B000F22541F6E94641F6EA4741F6E8444FF405
:10B0C0009670C2F20005C2F20006C2F200074FF00D
:10B0D0000008C2F2000406E0FDF774F8FDF784F8FA
:10B0E00084F80080012000F041FF02E02078012870
:10B0F000F2D0012000F03AFF28464946FCF732F929
:10B1000030780128F2D13888013081B2B1F5AF7FB3
:10B110003880EBD9FDF7A6F886F80080A7F8008004
:10B12000E4E700002DE9F04389B041F67638C2F239
:10B130000008D020A8F8000040F2C020C2F20000B1
:10B1400001888088002540F20162CDE90255029213
:10B150004FF4504241F28C09ADF800200A0A8DF8F4
:10B160000310010AC2F2000908278DF802208DF8A9
:10B1700004108DF8050002A96A4608AB4846CDE9DF
:10B180000655CDE904550697ADF80650F6F73CFC98
:10B1900040F60044C920C2F20004A8F80000207B59
:10B1A00022892178C0F380004FF449438DF80300D1
:10B1B000100A40F20366ADF800308DF804008DF8F7
:10B1C00005208DF8071002A96A4608AB4846CDE96C
:10B1D0000655CDE90455CDE90255029606978DF83E
:10B1E00002508DF80650F6F70FFC012000F0BEFE6D
:10B1F000217BD320A8F80000C1F3400001F0010238
:10B20000C1F380014FF45343ADF800308DF80200D4
:10B210008DF803208DF8041002A96A4608AB484651
:10B22000CDE90655CDE90455CDE9025502960697BC
:10B23000ADF805508DF80750F6F7E6FBCA20A8F8E0
:10B24000000040F2B020C2F2000040F22024418908
:10B250000089C2F20004227A4FF44A43ADF800306C
:10B260000B0A8DF80310010A8DF802308DF80410D6
:10B270008DF805008DF8062002A96A4608AB4846FD
:10B28000CDE90655CDE90455CDE90255029606975C
:10B290008DF80750F6F7B8FB012000F067FE40F28A
:10B2A0002F10A8F80000206842F601710091010EED
:10B2B0008DF80410010C8DF80510010A8DF80610A8
:10B2C0008DF8070002A96A4608AB4846CDE9065545
:10B2D000CDE90455CDE9025502960697F6F794FBA1
:10B2E0004FF49870A8F80000606843F201010091E3
:10B2F000010E8DF80410010C8DF80510010A8DF86F
:10B3000006108DF8070002A96A4608AB4846CDE949
:10B310000655CDE90455CDE9025502960697F6F794
:10B3200073FB012000F022FE09B0BDE8F0830000AD
:10B330002DE9F04389B040F28C11C2F2000141F6D0
:10B3400076380A78C2F200080120A8F80000100937
:10B3500040F27012B1F80110C2F20002B2F80120FE
:10B360008DF80300080A41F28C044FF480738DF8C5
:10B370000400100AC2F20004002540F20169082608
:10B38000ADF800308DF805108DF806008DF8072017
:10B3900002A96A4608AB2046CDE90655CDE9045519
:10B3A000CDE90255CDF8089006968DF80250F6F7D3
:10B3B0002BFB6520A8F8000040F27410C2F20000D8
:10B3C00000684FF4CA410091010E8DF80410010C81
:10B3D0008DF80510010A8DF806108DF8070002A9F6
:10B3E0006A4608AB2046CDE90655CDE90455CDE9BE
:10B3F0000255CDF808900696F6F706FB012000F0FE
:10B40000B5FD40F20D20A8F8000040F61E40C2F243
:10B4100000008188006840F60252ADF800200A0A58
:10B420008DF80310010E8DF80410010C8DF8051035
:10B43000010A8DF802208DF806108DF8070002A988
:10B440006A4608AB2046CDE90655CDE90455CDE95D
:10B450000255CDF808900696F6F7D6FA40F29817FE
:10B460004FF40470C2F20007A8F80000386841F2F7
:10B4700002010091019002A96A4608AB2046CDE97D
:10B480000655CDE90455CDE90255CDF8089006964C
:10B49000F6F7BAFA012000F069FD40F21120A8F891
:10B4A0000000786841F202110091019002A96A46F9
:10B4B00008AB2046CDE90655CDE90455CDE9025546
:10B4C000CDF808900696F6F79FFA40F21220A8F8F9
:10B4D0000000B86841F202210091019002A96A4679
:10B4E00008AB2046CDE90655CDE90455CDE9025516
:10B4F000CDF808900696F6F787FA012000F036FDA1
:10B5000040F21320A8F80000F86841F202310091DF
:10B51000019002A96A4608AB2046CDE90655CDE95F
:10B520000455CDE90255CDF808900696F6F76CFA69
:10B530004FF40570A8F80000386941F2024100910B
:10B54000019002A96A4608AB2046CDE90655CDE92F
:10B550000455CDE90255CDF808900696F6F754FA51
:10B56000012000F003FD40F21520A8F800007869E2
:10B5700041F202510091019002A96A4608AB2046AF
:10B58000CDE90655CDE90455CDE90255CDF8089031
:10B590000696F6F739FA40F21620A8F80000B869C6
:10B5A00041F202610091019002A96A4608AB20466F
:10B5B000CDE90655CDE90455CDE90255CDF8089001
:10B5C0000696F6F721FA012000F0D0FC40F2172091
:10B5D000A8F80000F86941F202710091019002A9F7
:10B5E0006A4608AB2046CDE90655CDE90455CDE9BC
:10B5F0000255CDF808900696F6F706FA4FF4037058
:10B60000A8F8000040F2CE20C2F20000007840F618
:10B610000241ADF800108DF8020002A96A4608AB9D
:10B620002046CDE90655CDE90455CDE90255CDF8C2
:10B6300008900696CDF803508DF80750F6F7E4F918
:10B64000012000F093FC09B0BDE8F0832DE9F04F34
:10B6500089B041F67639C2F20009CC20A9F8000081
:10B6600040F21010C2F200008178807941F28C081B
:10B670004FF44C42C2F20008002540F2046A4FF039
:10B68000080BADF800208DF802008DF8031002A918
:10B690006A4608AB4046CDE90655CDE90455CDE9EB
:10B6A0000255CDF808A0CDF818B00195F6F7ACF921
:10B6B00040F6B036C2F2000640F23110317C727DA5
:10B6C000B37EA9F8000096F80BC0F77F96F82440E7
:10B6D00043F20110ADF800008DF803108DF804203E
:10B6E0008DF8053002A96A4608AB4046CDE90655FB
:10B6F000CDE90455CDE90255CDF808A0CDF818B034
:10B700008DF802C08DF806708DF80740F6F77CF9C9
:10B71000012000F02BFC4FF49970A9F80000B079DB
:10B7200096F8291096F82E2096F8333096F838704F
:10B7300096F84260CDE90655CDE90455CDE90255AC
:10B7400043F201258DF802108DF803208DF80430A6
:10B750008DF8070002A96A4608AB4046CDF808A05C
:10B76000CDF818B0ADF800508DF805708DF8066072
:10B77000F6F74AF9012000F0F9FB09B0BDE8F08FB7
:10B780002DE9F04389B041F6763840F27C17C2F2D9
:10B7900000080320C2F20007A8F800003888798862
:10B7A000BA884FF44073ADF80030030A8DF80300F7
:10B7B000080A41F28C048DF80400100AC2F2000459
:10B7C000002540F2026908268DF802308DF8051038
:10B7D0008DF806008DF8072002A96A4608AB2046BE
:10B7E000CDE90655CDE90455CDE90255CDF80890CF
:10B7F0000696F6F709F90420A8F80000F888798978
:10B80000FA894FF48063ADF80030030A8DF8030025
:10B81000080A8DF80400100A8DF802308DF8051022
:10B820008DF806008DF8072002A96A4608AB20466D
:10B83000CDE90655CDE90455CDE90255CDF808907E
:10B840000696F6F7E1F8012000F090FB0520A8F835
:10B850000000F889B9894FF4A062ADF80020020A0F
:10B860008DF80300080A8DF802208DF804008DF889
:10B87000051002A96A4608AB2046CDE90655CDE978
:10B880000455CDE90255CDF808900696ADF806505E
:10B89000F6F7BAF8D120A8F8000040F2C820C2F2AA
:10B8A000000000684FF451410091010E8DF8041022
:10B8B000010C8DF80510010A8DF806108DF80700AF
:10B8C00002A96A4608AB2046CDE90655CDE90455E4
:10B8D000CDE90255CDF808900696F6F795F80120C7
:10B8E00000F044FB09B0BDE8F083000070B50D46E0
:10B8F000044600F00FFA41F64446C2F200063068F2
:10B90000406D90B93068012180F858106DB128461B
:10B91000FEF732FF4EF60450CEF200004FF0805199
:10B920000160BFF34F8FBFF36F8F00F017FA00F085
:10B93000F1F93068456D2DB131680020002C08BF49
:10B94000681E48653068002180F8581000F006FA3B
:10B95000284670BD8CB040F6BA5540F6B03740F27C
:10B960007C1840F2180A9FED9F8A41F28C09C2F2BE
:10B9700000054FF0010BC2F2000702260324C2F2B9
:10B980000008C2F2000AC2F200090FE040F2180AF1
:10B99000C2F2000ABAF800000130AAF80000022042
:10B9A00000F0E4FA4FF0010B02260324D7F8070059
:10B9B000F968C5F80200388CE960A886788C042103
:10B9C000E886B8F80000A977E880B8F802000521F9
:10B9D0002882B8F8040085F828106883B8F80600B3
:10B9E000D7F81B10A884B8F80A00D7F81120D7F8A8
:10B9F0001630C5F82A10072185F832100021288753
:10BA0000012085F800B0AE722C75C5F816202B62A7
:10BA1000E98500F0ABFABAF8000040F6B832013020
:10BA200081B2891A18BF01460120AAF8001000F05F
:10BA30009DFABAF8000042F64701CBF2A3714143E8
:10BA40004BF2CF024FEAB101C0F22B02914263D90F
:10BA500047F6D501C2F2E961414341F26E224FEA55
:10BA6000B101C0F2830291425AD944F2DB31C2F6ED
:10BA70002E3141434CF690324FEA7101C0F28A12E6
:10BA8000914240F2818045F62941CCF28F21414319
:10BA900045F628434FEAB102C0F28F239A426CD98F
:10BAA0004FEA71004BF65101C0F21E51884240F23C
:10BAB000928040F2C81041F67631C2F20000C2F224
:10BAC0000001CE2200780A80002240F20363CDE913
:10BAD00005220593082300F00F010009CDE9092292
:10BAE00009934FF44E43CDE90722ADF80C308DF8A1
:10BAF0000E208DF80F108DF810208DF81100ADF884
:10BB00001220484605A903AA0BABF5F77DFF40F2CA
:10BB1000180AC2F2000A49E7FFF732FE2BE000BF25
:10BB2000FFF706FC012000F021FA40F6F43BC2F2D8
:10BB3000000BDBF80000DBF8041000EE100A01EE49
:10BB4000101AB8EE400AF8EE410A484640F20D31AC
:10BB5000F4F7FAFFDBF8080040F20E3100EE100AAD
:10BB6000B8EE400A4846F0EE480A032402264FF099
:10BB7000010BF4F7E9FFBAF800000130AAF8000061
:10BB8000022000F0F3F911E7FFF760FD05F1040B67
:10BB90004FF0000A08E000BF0AF1010ABAF1060FEF
:10BBA0000BF10A0B3FF4F2AE3BF9023CBBF900602B
:10BBB000BBF902404FEA0A2082B2484640F20F31F8
:10BBC000CDE90064F4F794FF5FEACA70E4D1012084
:10BBD00000F0CCF9E0E7FFF7A5FA40F2180AC2F24C
:10BBE000000AC8E70000000001889FED0E1A00EE71
:10BBF000101AB8EE400A40F6105120EE010AC2F2C7
:10BC0000000181ED030A40889FED071A00EE100A3B
:10BC1000B8EE400A80EE010A0120087581ED040AA1
:10BC2000704700BF000000380000C842D0E9013270
:10BC300001699A60D1F804C082688445536008BFE6
:10BC40004A6000220261086801380860086870478D
:10BC500048F2A033C2F20003036048F29C10C2F223
:10BC600000000860802010607047000048F6A803BC
:10BC7000C2F20003036048F2A440C2F20000086070
:10BC80004FF48070106070474FF0FF31024642F869
:10BC9000081F00214260C0E90322016070470000D4
:10BCA000002101617047000080B5D1F800C01CF18F
:10BCB000010207D000F108039E465B681A686245DE
:10BCC000FAD901E0D0F810E0DEF8042008614A60FB
:10BCD0009160C1F808E0CEF80410016801310160FC
:10BCE00080BD0000D0F800C0436808619A684B60CE
:10BCF0008A609A68996051600CF101010160704797
:10BD0000DFF80C00016841F4700101607047000029
:10BD100088ED00E04FF0500080F31188BFF36F8F83
:10BD2000BFF34F8F40F2AC00C2F2000001684A1C22
:10BD3000026001B170474EF60450CEF20000006878
:10BD4000000608BF70474FF0500080F31188BFF322
:10BD50006F8FBFF34F8F00BFFEE7000040F2AC00D3
:10BD6000C2F20000016839B10139016018BF7047A3
:10BD7000002080F3118870474FF0500080F3118845
:10BD8000BFF36F8FBFF34F8FFEE70000B0B5002801
:10BD900008BFB0BD48F26C11C2F20001097850F83A
:10BDA000042C002918BF4FF0004111420DD0A0F122
:10BDB000080423689BB14FF0500080F31188BFF353
:10BDC0006F8FBFF34F8F00BFFEE74FF0500080F33F
:10BDD0001188BFF36F8FBFF34F8F00BFFEE722EADA
:10BDE000010140F8041C054600F034FA48F29811AD
:10BDF000C2F2000155F8040C0B682A46184408608A
:10BE000048F26C41C2F2000108460968A142FBD326
:10BE10004368C518A54204D152F8042C04461A44BC
:10BE200042606368E2188A4201D00A460AE041F69D
:10BE30005042C2F200021268914203D0D1E90021BF
:10BE400019446160A042226018BF046048F20C40AF
:10BE5000C2F20000016801310160BDE8B04001F0AC
:10BE60002DB900004EF21000CEF20000002101605A
:10BE7000816040F21C01C2F20001096844F6D3520D
:10BE8000C1F26202A1FB02124FF0FF3101EB9211ED
:10BE90004160072101607047EFF30580102814D33B
:10BEA0004EF2F031CEF20001405C47F6C071C2F2B2
:10BEB00000010978884208D24FF0500080F31188C1
:10BEC000BFF36F8FBFF34F8FFEE74EF60C50CEF2ED
:10BED000000047F6C4710068C2F20001096800F46E
:10BEE000E060884298BF70474FF0500080F311889F
:10BEF000BFF36F8FBFF34F8FFEE7000048F2284C6F
:10BF00000022C2F2000C03E00132082A08BF704789
:10BF10005CF83230002BF7D10CEBC2034CF8321036
:10BF20005860704770B515460E460446FFF7F2FE9E
:10BF300094F84400FF2804BF002084F8440094F8DB
:10BF40004500FF2804BF002084F84500FFF706FFE6
:10BF5000A06B28B904F1240031462A4600F008F904
:10BF60002046BDE87040FEF76DBF000070B50028A8
:10BF700052D047F6D871C2F200010A684AB14FF0B8
:10BF8000500080F31188BFF36F8FBFF34F8F00BF56
:10BF9000FEE70546086841F644440130086048F26F
:10BFA0009C40C2F20000C2F200040668206804301F
:10BFB000FFF73CFE60B9206847F6E072C06AC2F243
:10BFC00000020121136801FA00F023EA000010606A
:10BFD0002068AD19456009D341F65440C2F2000013
:10BFE000006821680431FFF75FFE10E041F64C4025
:10BFF000C2F20000006821680431FFF755FE48F2E4
:10C000000040C2F2000001688D4238BF056001F0B7
:10C0100055F8002818BF70BD4EF60450CEF200004F
:10C020004FF080510160BFF34F8FBFF36F8F70BD32
:10C0300048F20441C2F200010968016048F29C41E3
:10C04000C2F20001096841607047000048F6041020
:10C05000C2F200000121016070470000F0B581B01C
:10C0600018B304460F46FFF717FFEFF311864FF0A2
:10C07000500080F31188BFF36F8FBFF34F8F022101
:10C0800094F8580084F85810616D012801F10101FD
:10C0900061654DD1A06A90B14FF0500080F31188D6
:10C0A000BFF36F8FBFF34F8FFEE74FF0500080F369
:10C0B0001188BFF36F8FBFF34F8F00BFFEE747F6C6
:10C0C000D870C2F20000006830B148F2144004F1A8
:10C0D0001801C2F2000016E0251D2846FFF7A6FD54
:10C0E00047F6E072E06AC2F2000201211368814063
:10C0F0001943116041F65C4100EB8000C2F200017F
:10C1000001EB80002946FFF7EDFD41F64441C2F204
:10C110000001E06A0968C96A884209D9002F1CBF7A
:10C120000120386048F60410C2F2000001210160CD
:10C1300086F3118801B0F0BD78B110B50C4641F618
:10C140004441C2F2000109681831FFF7ADFD2046F5
:10C150000121BDE81040FEF70FBB4FF0500080F307
:10C160001188BFF36F8FBFF34F8F00BFFEE7000052
:10C17000A0B1B0B50D4641F64441C2F200010968D4
:10C1800014461831FFF7AEFD002C18BF4FF0FF35F5
:10C1900028462146BDE8B040FEF7EEBA4FF0500009
:10C1A00080F31188BFF36F8FBFF34F8FFEE700005E
:10C1B000B0B586B0002405A804A903AACDE90444BB
:10C1C000FFF746FDDDE90320059DCDE900404AF675
:10C1D000B910C0F600001DA10023029500F01EFC5E
:10C1E00048F29C30C2F20000056015B101F002F87F
:10C1F0000446601C20D0012C1CD14FF0500080F36D
:10C200001188BFF36F8FBFF34F8F48F20040C2F227
:10C2100000004FF0FF31016048F26840C2F20000B8
:10C220000121016048F29C40C2F20000002101603F
:10C2300000F05CF806B0B0BD4FF0500080F31188FC
:10C24000BFF36F8FBFF34F8FFEE700BF49444C45EC
:10C250000000000047F6D870C2F20000016801310A
:10C260000160704747F6D870C2F20000006830B134
:10C2700048F60410C2F2000001210160704748F640
:10C280000410C2F200000021016047F6E070C2F223
:10C2900000000068B0FA80F0C0B2C0F11F0041F6A3
:10C2A0005C4100EB8000C2F2000151F8202092B105
:10C2B00001EB8000416800F1080249689142416049
:10C2C00001D149684160406841F64441C068C2F20A
:10C2D0000001086070474FF0500080F31188BFF3F1
:10C2E0006F8FBFF34F8F00BFFEE70000B0B584B083
:10C2F0004EF20040CEF200004CF27021C4F20F1159
:10C30000D0F800294B1C9A4209D14FF0500080F31D
:10C310001188BFF36F8FBFF34F8F00BFFEE7D0F8D8
:10C3200000298A4209D14FF0500080F31188BFF3F1
:10C330006F8FBFF34F8F00BFFEE7017847F6C072E3
:10C340000291FF2101700178C2F200028DF80710FE
:10C350009DF8071001F05001117047F6C471C2F248
:10C36000000107220A609DF90720B2F1FF3F0CDCB3
:10C37000062200BF0A609DF80730013A5B008DF885
:10C3800007309DF90730002BF4D40A68032A3BD10B
:10C390004FF440720A6002990170D0F8201941F4FC
:10C3A0007001C0F82019D0F8201941F07041C0F890
:10C3B0002019FFF757FD40F2AC04C2F2000400253B
:10C3C0002560FFF79DFC4EF63470CEF20000016848
:10C3D00041F040410160FEF73BFBFFF743FF03954F
:10C3E00020684FF0500181F31188BFF36F8FBFF3C6
:10C3F0004F8F013002D000BFFEE700BF0398002836
:10C40000FCD0002004B0B0BD4FF0500080F3118884
:10C41000BFF36F8FBFF34F8FFEE7000070B582B0A0
:10C4200058B1A3B1E9B9E2B14FF0500080F31188DF
:10C43000BFF36F8FBFF34F8FFEE74FF0500080F3D5
:10C440001188BFF36F8FBFF34F8F00BFFEE74FF030
:10C45000500080F31188BFF36F8FBFF34F8F00BF81
:10C46000FEE751B14AB94FF0500080F31188BFF395
:10C470006F8FBFF34F8F00BFFEE750250195019DE1
:10C48000502D2ED1019C069E012483F846400029A0
:10C4900008BF1A461A60C3E90F011C46FFF73AFCB1
:10C4A0002068D4E90F12002502FB0103013901FBCA
:10C4B0000201A563C4E90103FF20E16084F84400A0
:10C4C00084F8450004F11000FFF7DEFB04F12400BE
:10C4D000FFF7DAFBFFF742FC204684F84C6002B01D
:10C4E00070BD4FF0500080F31188BFF36F8FBFF322
:10C4F0004F8F00BFFEE700002DE9F04F85B004929A
:10C50000B8B11D460446F1B1022D03D1E06B0128FC
:10C5100040F0A780019100F04FFC00BB0498F0B1FF
:10C520004FF0500080F31188BFF36F8FBFF34F8F30
:10C53000FEE74FF0500080F31188BFF36F8FBFF319
:10C540004F8F00BFFEE7206C0028DDD04FF0500079
:10C5500080F31188BFF36F8FBFF34F8FFEE7FFF7B4
:10C56000D9FBA06B022D5ED0E16B88425BD304F156
:10C570001006012002AF4FF0000B0DF1100800BFB4
:10C580000499002900F08280C00702D03846FFF7E6
:10C590004FFDFFF7E3FBFFF75DFEFFF7BBFB94F8F2
:10C5A0004400FF2808BF84F844B094F84500FF28F1
:10C5B00008BF84F845B0FFF7D1FB3846414600F08C
:10C5C00079F9002865D1FFF7A5FBD4F838A0D4F895
:10C5D0003C90FFF7C3FBCA4516D104993046FFF7DC
:10C5E000ABFD2046FEF72EFC00F068FD88B94EF644
:10C5F0000450CEF200004FF080510160BFF34F8F26
:10C60000BFF36F8F05E000BF2046FEF71BFC00F074
:10C6100055FDFFF77FFBA06B022D04D0E16B884234
:10C620004FF00000ACD2A66B226C01991AB3CDB3C7
:10C63000E068F3F734FFE168206C2268091A914240
:10C64000E16003D2A16840420844E060A81EB0FA4D
:10C6500080F040093146002E18BF01210840361AEB
:10C660002CE04FF0500080F31188BFF36F8FBFF3C1
:10C670004F8F00BFFEE7206800BBA06800F076FC8B
:10C680000021B0FA80F0A160400918E0FFF766FBD6
:10C6900004E02046FEF7D6FB00F010FD002005B0B8
:10C6A000BDE8F08F6068F3F7FAFED4E90101226C6F
:10C6B00010448842606001D3206860600120711CD2
:10C6C000A16354F8241F79B1204600F0AFFCB8B143
:10C6D0004EF60450CEF200004FF080510160BFF3DF
:10C6E0004F8FBFF36F8F0BE050B94EF60450CEF270
:10C6F00000004FF080510160BFF34F8FBFF36F8F89
:10C70000FFF72CFB012005B0BDE8F08F2DE9F04FBD
:10C7100085B0049298B10C460546002900F0B78018
:10C7200000F04AFBA8B9049898B14FF0500080F38C
:10C730001188BFF36F8FBFF34F8F00BFFEE74FF03D
:10C74000500080F31188BFF36F8FBFF34F8F00BF8E
:10C75000FEE705F11000019005F1240000900DF1B5
:10C7600008090DF1100A4FF000080CE02846FEF70A
:10C7700069FB00F0A3FCFFF7CDFAAF6BFFF7EEFA11
:10C78000002F00F09280FFF7C5FAD5F838B0BBF162
:10C79000000F27D02A6C5AB1D5E902011144E96093
:10C7A000814224BF2868E860E9682046F3F777FEF5
:10C7B000ABF10100A863286970B1019800F036FC64
:10C7C00050B14EF60450CEF200004FF0805101609F
:10C7D000BFF34F8FBFF36F8FFFF7C0FA0020012622
:10C7E000A0B963E0049850B1B8F1000F02D14846F7
:10C7F000FFF71EFC4FF00108012038B956E0FFF7A3
:10C80000ADFA00260020002850D000BFFFF7A6FA9E
:10C81000FFF720FDFFF77EFA95F84400FF2804BFDC
:10C82000002085F8440095F84500FF2804BF00204B
:10C8300085F84500FFF792FA4846514600F03AF86D
:10C8400000287FF493AFFFF765FAAF6BFFF786FA26
:10C850002FB12846FEF7F6FA00F030FC93E7049972
:10C860000098FFF769FC2846FEF7ECFA00F026FC7A
:10C8700000287FF488AF4EF60450CEF200004FF04F
:10C8800080510160BFF34F8FBFF36F8F7BE7286C40
:10C8900000283FF445AF4FF0500080F31188BFF3FC
:10C8A0006F8FBFF34F8F00BFFEE70026304605B005
:10C8B000BDE8F08F70B538B30C4671B30546FFF78D
:10C8C00029FA48F29C4EC2F2000EDEF800302268CF
:10C8D000501C2CD048F2044CC2F2000C2946D5E979
:10C8E0000050DCF80060AE4201D0834223D2181A17
:10C8F00082421ED9101A2060DCF800000024086073
:10C90000DEF80000486017E04FF0500080F3118817
:10C91000BFF36F8FBFF34F8FFEE74FF0500080F3F0
:10C920001188BFF36F8FBFF34F8F00BFFEE7002466
:10C9300002E0002020600124FFF710FA204670BDBD
:10C940002DE9F04F81B095008146284698469246E1
:10C950000F46FEF7B1FA78B104465C20FEF7ACFA58
:10C9600038B10646046356B94FF0FF3001B0BDE858
:10C97000F08F2046FFF70AFA0026002EF4D0306B25
:10C980004C46DDF828B04FF000092946A52286F86C
:10C990005990F3F7FBFD306B00EB8A00A0F1040027
:10C9A00020F0070A06F1340067B100217A5C425496
:10C9B0007A5C1AB10F2901F10101F7D1002086F844
:10C9C000430001E080F800900025301DBBF1060F08
:10C9D00028BF4FF0060BC6F82CB0C6E913B5FFF719
:10C9E0005FF906F11800FFF75BF98BF00700B06103
:10C9F00050462146424636617662756586F8585043
:10CA0000FEF72AFB0B9930603046002918BF0E60F4
:10CA1000FDF706FF012001B0BDE8F08F2DE9F043DE
:10CA200081B09846099B3BB30A9C74B35C2700977E
:10CA3000009F5C2F33D18146009802201746920058
:10CA4000089D84F8590018460E461146A522236316
:10CA5000F3F79CFD206B04F1340256B331460023FA
:10CA6000CE5CD654CE5C1EB10F2B03F10103F7D17F
:10CA7000002184F843101EE04FF0500080F311882D
:10CA8000BFF36F8FBFF34F8FFEE74FF0500080F37F
:10CA90001188BFF36F8FBFF34F8F00BFFEE74FF0DA
:10CAA000500080F31188BFF36F8FBFF34F8F00BF2B
:10CAB000FEE70021117000EB8700043820F0070723
:10CAC0000026201D062D28BF0625E562C4E9135661
:10CAD000FFF7E6F804F11800FFF7E2F885F0070029
:10CAE000A06138464946424624616462666584F81E
:10CAF0005860FEF7B1FA20602046FDF791FE20460F
:10CB000001B0BDE8F08300002DE9F0470446F3F7DB
:10CB1000A7FC102809D34FF0500080F31188BFF311
:10CB20006F8FBFF34F8F00BFFEE747F6D870C2F29A
:10CB30000000016841F65C4C013101604FF0070EC6
:10CB4000C2F2000CAEF1010E0EEB8E005CF820106C
:10CB5000A1B30CEB800ADAF804000AF10808406877
:10CB60004045CAF8040002D14068CAF80400DAF867
:10CB70000410D1F80C9000BF49684145CAF8041070
:10CB800002D14968CAF80410CA680026002700BF0D
:10CB9000D01990F83430E05D3546002B164618BFAA
:10CBA0002E46834218BF2E460E2F04D81BB1834257
:10CBB00007F10107ECD016B94A45DDD10026BEF1D8
:10CBC000000F01D0002EBDD0DEBB41F64C40C2F2BA
:10CBD0000000D0F80080D8F8001089B3D8F804100D
:10CBE00008F1080C49686145C8F8041002D1496889
:10CBF000C8F80410D8F80420D2F80CE05268624556
:10CC0000C8F8042002D15268C8F80420D56800266C
:10CC1000002700BFE91991F83410E35D3046002980
:10CC20002E4618BF0646994218BF06460E2F04D856
:10CC300019B1994207F10107ECD016B97545DDD15C
:10CC40000026E6BB41F65440C2F20000D0F8008056
:10CC5000D8F8001091B3D8F8041008F1080C49680E
:10CC60006145C8F8041002D14968C8F80410D8F822
:10CC70000420D2F80CE000BF52686245C8F80420D6
:10CC800002D15268C8F80420D5680026002700BFEA
:10CC9000E91991F83410E35D304600292E4618BF9B
:10CCA0000646994218BF06460E2F04D819B199427C
:10CCB00007F10107ECD016B97545DDD10026D6BBCA
:10CCC00048F2744CC2F2000CDCF8000090B3DCF8BF
:10CCD00004000CF1080E40687045CCF8040002D145
:10CCE0004068CCF80400DCF80420D2F80C8000BFC7
:10CCF00052687245CCF8042002D15268CCF8042066
:10CD0000D5680026002700BFE81990F83400E15DDF
:10CD1000334600282E4618BF1E46884218BF1E46BE
:10CD20000E2F04D818B1884207F10107ECD016B9CC
:10CD30004545DDD10026D6BB48F2884CC2F2000C36
:10CD4000DCF8000090B3DCF804000CF1080E406839
:10CD50007045CCF8040002D14068CCF80400DCF83F
:10CD60000420D2F80C8000BF52687245CCF8042031
:10CD700002D15268CCF80420D5680026002700BFF5
:10CD8000E81990F83400E15D334600282E4618BFBC
:10CD90001E46884218BF1E460E2F04D818B188427E
:10CDA00007F10107ECD016B94545DDD1002600F0AA
:10CDB00085F93046BDE8F08748F26840C2F20000CD
:10CDC0000068002804BF0120704747F6D870C2F2FF
:10CDD00000000068B0FA80F0400940007047000091
:10CDE00048F29C40C2F20000006870472DE9F04F05
:10CDF00081B047F6D870C2F20000006840B148F236
:10CE00001040C2F200000168002401310160A9E075
:10CE100048F29C40C2F2000001684E1C06602ED30E
:10CE200041F64C40C2F200000168096849B14FF078
:10CE3000500080F31188BFF36F8FBFF34F8F00BF97
:10CE4000FEE741F65442C2F2000201681368036033
:10CE5000116048F20441C2F200010A6801320A601E
:10CE60000168096821B10068C068C068406801E0D5
:10CE70004FF0FF3048F20041C2F20001086048F272
:10CE80000041C2F20001086841F6444A8642C2F2FB
:10CE9000000A01D200244FE041F64C4BC2F2000BD5
:10CEA000DBF8000000240068E0B347F6E0790127D2
:10CEB000C2F2000920E000BFD8F82C00D9F8001019
:10CEC00007FA00F21143C9F8001041F65C4100EB8B
:10CED0008000C2F2000101EB80002946FEF702FF4C
:10CEE000D8F82C00DAF80010C96ADBF80020884274
:10CEF000106828BF3C46C0B1DBF80000C068D0F81D
:10CF00000C80454655F8040F864210D32846FEF79C
:10CF10008DFED8F828000028CED008F11800FEF7C2
:10CF200085FEC9E74FF0FF3005E04FF0FF3048F2D3
:10CF30000041C2F200010860DAF8000041F65C41ED
:10CF4000C06AC2F2000100EB800051F82000012805
:10CF500048F60410C2F2000088BF012400680028CF
:10CF600018BF0124204601B0BDE8F08F002804BF9F
:10CF70000020704741F64441C2F20001096888422E
:10CF800009D04FF0500080F31188BFF36F8FBFF3CB
:10CF90004F8F00BFFEE7016DE9B3013901654FF026
:10CFA000000136D1C26AC36C9A4232D0B0B5041DBA
:10CFB00005462046FEF73AFE002841F65C4047F65B
:10CFC000E0712A46C2F20000C2F200010DD1D36A1C
:10CFD00003EB830550F825503DB94FF0010C0D6867
:10CFE0000CFA03F325EA03030B60D36CC3F10705C6
:10CFF000D362956101220D689A402A430A6003EBCF
:10D00000830100EB81002146FEF76CFE0121BDE8A3
:10D01000B040084670474FF0500080F31188BFF3CE
:10D020006F8FBFF34F8F00BFFEE70000B0B5C06841
:10D03000C5687DB105F118042046FEF7F7FD47F6F7
:10D04000D870C2F20000006868B148F21440C2F221
:10D0500000001EE04FF0500080F31188BFF36F8F87
:10D06000BFF34F8FFEE72C1D2046FEF7DFFD47F68E
:10D07000E072E86AC2F2000201211368814019439C
:10D08000116041F65C4100EB8000C2F2000101EB4F
:10D0900080002146FEF726FE41F64441C2F200011F
:10D0A000E86A0968C96A884291BF002048F60411FD
:10D0B000C2F20001012088BF0860B0BD2DE9F04F29
:10D0C00081B047F6D874C2F20004206868B1FEF758
:10D0D00021FE206801382060206880B10024FEF71E
:10D0E0003DFE204601B0BDE8F08F4FF0500080F3C8
:10D0F0001188BFF36F8FBFF34F8F00BFFEE747F676
:10D10000D070C2F2000000680028E7D048F2144650
:10D11000C2F20006306848F604180028C2F200087F
:10D1200044D047F6E07541F65C4941F6444A4FF079
:10D13000010BC2F20005C2F20009C2F2000A00BFF0
:10D14000F068C76807F11800FEF770FD3C1D204627
:10D15000FEF76CFDF86A29680BFA00F2114300EB48
:10D160008000296009EB80002146FEF7BBFDF86ACC
:10D17000DAF80010C96A884228BFC8F800B03068E1
:10D180000028DDD197B141F64C40C2F200000168A1
:10D19000096821B10068C068C068406801E04FF0CC
:10D1A000FF3048F20041C2F20001086048F210442A
:10D1B000C2F2000425685DB1012600BFFFF716FE2C
:10D1C000002818BFC8F80060013DF7D1002020609A
:10D1D000D8F8000000283FF481AF4EF60450CEF29C
:10D1E00000004FF080510160BFF34F8F0124BFF367
:10D1F0006F8F74E780B586B0FDF7A0FB48F2A040C2
:10D20000C2F20000006808B30020CDE9040005A8C0
:10D2100004A903AAFEF72AFDDDE903200221DDF8B7
:10D2200014C0CDE900104AF69930C0F600000CA1F8
:10D230000023CDF808C0FFF7F1FB48F6A401C2F2C5
:10D240000001086010B1012006B080BD4FF0500011
:10D2500080F31188BFF36F8FBFF34F8FFEE700BFDE
:10D26000546D722053766300F0EE400AF5EEC00A6A
:10D27000F1EE10FA02DDB0EE600A7047B1EE600A1E
:10D28000FBE7000070B52DED0C8B84B006460C4614
:10D2900015469FED990AF0EE408A9FED970AB0EE91
:10D2A000409A9FED950AF0EE40BA9FED930AF0EE9A
:10D2B000409A9FED910AB0EE40AA0EB104B11DB99B
:10D2C00004B0BDEC0C8B70BD8C48F3F74FFA8C4862
:10D2D000F3F752FA8A48D0ED000A9FED8A1A60EE01
:10D2E000810AB0EE600AF3F765FAF0EE408A28EEA4
:10D2F000A80AF0EE408A8248D0ED000AB0EE001A8B
:10D3000060EE810A9FED7F1A60EE810AB0EE600A3E
:10D31000F3F750FAB0EE409A29EE090AB0EE409ABF
:10D32000DFED790AB7EE000A00EEA80ADFED770A12
:10D3300000EEC90ADFED760A20EE200A754880ED7E
:10D34000000A6E4890ED000ADFED730A80EE201AA5
:10D35000B7EE000A31EE000A20EE000A6D48D0ED6B
:10D36000000A80EE801A6D4880ED001A94ED000AE4
:10D37000B5EEC00AF1EE10FA0DD194ED010AB5EE4A
:10D38000C00AF1EE10FA06D194ED020AB5EEC00A19
:10D39000F1EE10FA46D09FED580AB0EE408A002018
:10D3A000019002900390D4ED000A60EEA00A94ED83
:10D3B000011AD4ED011A41EE210A94ED021AD4EDBE
:10D3C000021A41EE210AB0EE600AF3F7DDF9B0EE81
:10D3D000408A94ED000A20EE080A8DED010A94EDD2
:10D3E000010A20EE080A8DED020A94ED020A20EEF1
:10D3F000080A8DED030ADDED010AF1EE600AB0EED8
:10D40000600AF3F7ADF9F0EE409A9DED031AF0EEE5
:10D41000410A9DED021AB0EE410AF3F7A3F9B0EE0E
:10D4200040AA07E09FED340AF0EE409A9FED320AE1
:10D43000B0EE40AA95ED000AB5EEC00AF1EE10FA82
:10D440000DD195ED010AB5EEC00AF1EE10FA06D144
:10D4500095ED020AB5EEC00AF1EE10FA3CD0B0EE3E
:10D46000690AF3F7A7F9B0EE408AB0EE690AF3F75C
:10D470007BF9B0EE40DAB0EE4A0AF3F79BF9F0EE32
:10D4800040AAB0EE4A0AF3F76FF9B0EE40BA28EEC0
:10D490002A0AD5ED010A20EE200AD5ED000A0DEE8C
:10D4A000200A68EE0B0A95ED021A00EE810AB0EE32
:10D4B00040CA95ED010A20EE0B0AD5ED020A0AEEEC
:10D4C000E00AF0EE40CAF0EE6C0AB0EE4C0AF3F758
:10D4D00049F9F0EE40BA03E09FED070AF0EE40BADA
:10D4E000B0EE4A1AF0EE690AB0EE6B0A304600F070
:10D4F000D1FC00BFE4E600000000000000000020B6
:10D500000400002035FA8E3CC1BFAD3B9DF8C53606
:10D510002F7C1C4108000020506CC24A0C000020E7
:10D520002DE9F0412DED028B9AB00546B0EE408A10
:10D530000E461746984600201790189019901490A0
:10D54000159016904DB146B13FB1B8F1000F04D01F
:10D55000B5EEC08AF1EE10FA05D100201AB0BDEC8C
:10D56000028BBDE8F08196ED000A8DED170A96ED6D
:10D57000010A8DED180A96ED020A8DED190A97ED54
:10D58000000A8DED140A97ED010A8DED150A97ED4D
:10D59000020A8DED160A17AA14A9284600F0CCFA43
:10D5A000402104A8F2F7FAFF0020009001900290B9
:10D5B0000390002417A904A800F0F7FD00BF30E095
:10D5C00004A800EB041090ED000AD5ED000A20EE4F
:10D5D000200A04A800EB0410D0ED010A95ED011A11
:10D5E00000EE810A04A800EB0410D0ED020A95EDCC
:10D5F000021A00EE810A04A800EB0410D0ED030A21
:10D6000095ED031A00EE810A20EE080AF0EE000AFA
:10D6100080EE201A684600EB840080ED001A601C42
:10D62000C4B2042CCCDB002410E005EB840090EDA8
:10D63000000A684600EB8400D0ED000A30EE200AB4
:10D6400005EB840080ED000A601CC4B2042CECDB06
:10D65000284600F049FD012080E74100080218BF7C
:10D6600004200A0E18BF40F001004FF07F4232EA5A
:10D67000010108BF40F00200012808BF05207047E3
:10D6800010B54FF00E402DED028BB0EE408A18EE33
:10D69000104A00EB4400B0F1506F4AD84FF0FC4004
:10D6A000B0EB440F22D2B0EEC80AF7EE000A30EE1B
:10D6B000C00AF6EE000A60EE208A18EE900A00F02A
:10D6C00055FD01EE100A14F0004F1DBFDFED2D0ACD
:10D6D0009FED2D0AB1EE411ADFED2C0A08BF9FED38
:10D6E0002C0AF8EE001A21EE218A05E0DFED290A66
:10D6F00068EE088AB0EE600A9FED271ADFED271A60
:10D7000030EE080A48EE811A9FED251A08EEA11A9C
:10D71000DFED241A48EE811A9FED231A08EEA11AB4
:10D7200068EE281ABDEC028B01EE810A30EE200A69
:10D7300010BD4FF0E440B0EB440F0CD918EE100AC6
:10D74000FFF78BFF042808BF00F0EEF9B0EE480A9F
:10D75000BDEC028B10BD4FF07F40B0EB440F07D201
:10D76000B0EE480ABDEC028BBDE8104000F0CEB927
:10D770000120F2F742FFBDEC028BBDE8104000F043
:10D78000CBB900000000C9BF22AAFDB90000C93F03
:10D7900022AAFD390000000024FE1C3DC78AD83CA7
:10D7A0001E67383D1B93993DAFAA2A3E70B54FF0D6
:10D7B00068422DED048BF0EE408A18EE900AB0EE30
:10D7C000608A18EE101A02EB4003B3F1654F3CBFBC
:10D7D00002EB4102B2F1654F7DD200BFC0F3C753E7
:10D7E000C1F3C7529A1A1B2A09DD10F0004F14BF6B
:10D7F0009FED830A9FED830ABDEC048B70BD12F18F
:10D800001A0F36DA11F0004F09D010F0004F0CBF9C
:10D810009FED7D0A9FED7D0ABDEC048B70BD88EE07
:10D82000889A19EE100AFFF718FF042808BF00F0C5
:10D830007BF918EE900AFFF710FF054618EE100A64
:10D84000FFF70BFF044619EE100AFFF706FF042D41
:10D8500018BF052D08D1042C18BF052C04D10028B1
:10D8600004BF0220F2F7C9FEB0EE490ABDEC048BFA
:10D8700070BD4200B2EB410F3AD910F0004F19BF12
:10D88000DFED630A9FED630ADFED630A9FED630A34
:10D89000B0EE481A0A46B1EE688A80F00041F0EE18
:10D8A000418A10460A1A5200B2F1807F34D24840B1
:10D8B00010F0004FDFED5A1A9FED5A2A1DBFBEEE41
:10D8C000001A70EEE10A30EE420AB6EE001A08BF06
:10D8D00070EEA10A00E040E008BF30EE020AB0EEB0
:10D8E000682A01EE482A08EE818AC2EE081A15E07D
:10D8F00011F0004F04BF9FED4C0AF0EE400AD1D06A
:10D9000010F0004F19BFDFED490A9FED490ADFED26
:10D91000490A9FED490AC5E7C8EE881A21EEA11A07
:10D920009FED462ADFED462A41EE022A9FED452A69
:10D9300001EE222ADFED442A41EE022A9FED432A1E
:10D94000BDEC048B01EE222A21EE811A01EE020ABF
:10D9500030EE210A30EE200A70BD4FF07F42B2EB6C
:10D96000400F28BFB2EB410F09D2F0EE480AB0EEEB
:10D97000680ABDEC048BBDE8704000F0CAB840EA0C
:10D9800001035B0008BF41F0FF410BD0B2EB400F39
:10D9900008BFB2EB410F08D120F0804008EE900A9A
:10D9A00021F0804108EE101A18E7B2EB400F12BFC9
:10D9B0005FEA410340F0FF4001F000413FF40EAF49
:10D9C000B2EB410F12BF5FEA400200F0004041F0AD
:10D9D000FF413FF403AF4A0092EA40033FF5FEAE39
:10D9E000002AACBF9FED1A0A9FED1A0A68EE808AE2
:10D9F00028EE008A18EE900A18EE101AEEE60000E3
:10DA0000DB0FC9BFDB0FC93FDB0F4940DB0F49C04C
:10DA10000000C9BF22AAFDB90000C93F22AAFD39F2
:10DA20000060ED3EC30ACE3700000000000049C090
:10DA300022AA7DBA0000494022AA7D3A2DAD65BDDB
:10DA40008FB8D53D0FB511BE61C84C3EA8AAAABE7D
:10DA50000000804F0000802F00B52DED048BB0EE4C
:10DA6000409AF0EE609A83B051EC190B00F0CAFDB9
:10DA700041EC180B18EE100A18EE901A8DED008B81
:10DA8000002818BF0120084320F00040C0F17F604B
:10DA900000F1E040C00F14D019EE101A19EE900AF0
:10DAA0008DED009B002918BF0121084320F00040A4
:10DAB000C0F17F6000F1E040C00F04BF0120F2F729
:10DAC0009CFDB0EE480A03B0F0EE680ABDEC048B92
:10DAD00000BD10B52DED028BB1EEC08A18EE100A14
:10DAE00020F00040C0F1FF40C00F0AD010EE100A35
:10DAF00020F00040C0F1FF40C00F04BF0120F2F74A
:10DB00007CFDB0EE480ABDEC028B10BD30EE000A81
:10DB1000704730EE200A7047DFED020A80EEA00A5F
:10DB200070470000000000009FED020A20EE000A8E
:10DB3000704700000000001070B52DED028B8AB018
:10DB400005460C4616460DB104B11EB90AB0BDEC2F
:10DB5000028B70BD94ED000AB5EEC00AF1EE10FA2A
:10DB60000DD194ED010AB5EEC00AF1EE10FA06D11E
:10DB700094ED020AB5EEC00AF1EE10FA7DD09FEDE9
:10DB8000600AB0EE408A0020079008900990049047
:10DB9000059006905B4A07CA01AB07C395ED010AE1
:10DBA000D5ED030A20EE200AD5ED000A95ED021A04
:10DBB00000EEC10AF0EE000A20EE200A8DED070A01
:10DBC00095ED000AD5ED010A20EE200AD5ED020AF6
:10DBD00095ED031A00EE810AF0EE000A20EE200A0D
:10DBE0008DED080A95ED000A20EE000AD5ED030A36
:10DBF00095ED031A00EE810AF7EE000AB0EE001A66
:10DC000051EE000ACDED090A01AB22463146284605
:10DC100000F07AF8D4ED000A60EEA00A94ED011A43
:10DC2000D4ED011A41EE210A94ED021AD4ED021A44
:10DC300041EE210AB0EE600AF2F7A6FDB0EE408A8E
:10DC400094ED000A20EE080A84ED000A94ED010A22
:10DC500020EE080A84ED010A94ED020A20EE080A7B
:10DC600084ED020A94ED010ADDED090A20EE200A96
:10DC7000D4ED020A9DED081A00E03EE000EEC10A74
:10DC80008DED040A94ED020ADDED070A20EE200A6C
:10DC9000D4ED000A9DED091A00EEC10A8DED050ACA
:10DCA00094ED000ADDED080A20EE200AD4ED010A09
:10DCB0009DED071A00EEC10A8DED060A96ED000AE9
:10DCC000DDED010A9DED041A00EE810A86ED000AE1
:10DCD00096ED010ADDED020A9DED051A00EE810ABE
:10DCE00086ED010A96ED020ADDED030A9DED061AA6
:10DCF00000EE810A86ED020A00BF00BF26E70000A1
:10DD00000000000080EA00082DE9F0412DED048BB1
:10DD100007460D4614461E469FED580AB0EE409A3F
:10DD20009FED560AB0EE408A9FED540AF0EE408A0D
:10DD3000D4ED000A60EEA00A94ED011AD4ED011AA8
:10DD400041EE210A94ED021AD4ED021A41EE210AA5
:10DD5000B0EE600AF2F718FDF7EE000A80EE801AC6
:10DD6000B0EE419AD5ED000AB0EE600AFFF77CFAFA
:10DD7000F0EE409AD5ED010AB0EE600AFFF774FAB2
:10DD800079EE809AD5ED020AB0EE600AFFF76CFAE0
:10DD900039EE800AF0EE408A3948D0ED000A79EE7B
:10DDA000600AB0EE600AFFF75FFAB0EE408A9FEDBE
:10DDB000350AB4EEC08AF1EE10FA06DC9FED320AA5
:10DDC000F4EEC08AF1EE10FA53DD9FED2C2AB0EE8E
:10DDD000420A9FED2A2AF0EE421AB7EE002AF0EE30
:10DDE000420A9FED262AB0EE421AB5EEC08AF1EE45
:10DDF00010FA05DD9FED232AC2EE082AB0EE620A72
:10DE00009FED222AB4EEC20AF1EE10FA03D29FED82
:10DE10001B2AB0EE420AF5EEC08AF1EE10FA05DDDB
:10DE20009FED192AC2EE282AF0EE621AB7EE002AF8
:10DE3000B4EEC20AF1EE10FA03D220EE802AF0EE20
:10DE4000420AB7EE002AF4EEC21AF1EE10FA03D23B
:10DE500020EEA12AF0EE420A9FED0D2A20EE822A42
:10DE6000B0EE421A86ED001A86ED011A86ED021A0E
:10DE700000BFBDEC048BBDE8F08100000000000095
:10DE80000C000020CDCCCC3D8FC2F53D9A99993E37
:10DE9000CDCC4C3E10B52DED048B86B00446B0EED3
:10DEA000408AF0EE608AB0EE419A00200390049020
:10DEB0000590009001900290B0EE000AC8EE000AB2
:10DEC000F0EE609AB0EE690AF2F74EFC8DED030AAF
:10DED000B0EE000AC8EE800AF0EE609AB0EE690A71
:10DEE000F2F742FC8DED040AB0EE000AC9EE000A1A
:10DEF000F0EE609AB0EE690AF2F736FC8DED050A95
:10DF0000B0EE000AC8EE000AF0EE609AB0EE690AC0
:10DF1000F2F750FC8DED000AB0EE000AC8EE800A60
:10DF2000F0EE609AB0EE690AF2F744FC8DED010A5A
:10DF3000B0EE000AC9EE000AF0EE609AB0EE690A8F
:10DF4000F2F738FC8DED020A9DED050ADDED040ABD
:10DF500020EE200ADDED030A20EE200ADDED020AA4
:10DF60009DED011A60EE810A9DED001A00EE810A16
:10DF700084ED000A9DED020ADDED040A20EE200A80
:10DF8000DDED030A20EE200ADDED050A9DED011A04
:10DF900060EE810A9DED001A00EEC10A84ED010ACF
:10DFA0009DED050ADDED010A20EE200ADDED030AF4
:10DFB00020EE200ADDED020A9DED041A60EE810AD2
:10DFC0009DED001A00EE810A84ED020A9DED050A1E
:10DFD000DDED040A20EE200ADDED000A20EE200A25
:10DFE000DDED020A9DED011A60EE810A9DED031A36
:10DFF00000EEC10A84ED030A06B0BDEC048B10BD2F
:10E000002DE9F04104460D4616461F4614B10DB1E8
:10E0100006B10FB9BDE8F081D4ED010A94ED031A01
:10E0200060EE810A94ED001AD4ED021A41EE610A05
:10E03000B8EE001A60EE810AB0EE600AF2F790FBCB
:10E0400086ED000A94ED001A21EE011AD4ED011AB2
:10E0500094ED012A01EE821AF7EE001AB0EE002AC2
:10E0600052EE011AF0EE610A94ED001AD4ED031A93
:10E0700021EE211AD4ED011A94ED022A01EE821A42
:10E08000F0EE001A21EE211AB0EE410AF2F76AFB17
:10E0900085ED000A94ED001A21EE011AD4ED031A61
:10E0A00094ED032A01EE821AF7EE001AB0EE002A70
:10E0B00052EE011AF0EE610A94ED001AD4ED011A45
:10E0C00021EE211AD4ED021A94ED032A01EE821AF0
:10E0D000F0EE001A21EE211AB0EE410AF2F742FBEF
:10E0E00087ED000A00BF95E710B52DED028B0446C1
:10E0F0009FED1D0AB0EE408AD4ED000A60EEA00A42
:10E1000094ED011AD4ED011A41EE210A94ED021AA0
:10E11000D4ED021A41EE210A94ED031AD4ED031A4C
:10E1200041EE210AB0EE600AF2F72EFBB0EE408A13
:10E1300094ED000A20EE080A84ED000A94ED010A2D
:10E1400020EE080A84ED010A94ED020A20EE080A86
:10E1500084ED020A94ED030A20EE080A84ED030A16
:10E16000BDEC028B10BD00000000000010B500EEF9
:10E17000100A2DED028BB1EEC08A18EE100A20F0C5
:10E180000040C0F1FF40C00F0AD010EE100A20F08E
:10E190000040C0F1FF40C00F04BF0120F2F72DFA8C
:10E1A00018EE100ABDEC028B10BD91ED000AB1EE25
:10E1B000400A80ED010A91ED010AB1EE400A80EDBE
:10E1C000020A91ED020AB1EE400A80ED030A91EDD8
:10E1D000000A80ED040A91ED020A80ED060A91ED35
:10E1E000010AB1EE400A80ED070A91ED010A80EDC7
:10E1F000080A91ED020AB1EE400A80ED090A91ED9C
:10E20000000A80ED0B0A91ED020A80ED0C0A91EDF7
:10E21000010A80ED0D0A91ED000AB1EE400A80ED91
:10E220000E0A704721F0004201F00043A2F1605253
:10E23000B2F5801F28BFD2F17F6C0BD95FEA001CBA
:10E2400043EAC20242EB507018BF704728BF20F06B
:10E2500001007047B2F5801FBCBF184670474FEAF7
:10E26000410C1CF5001F02D2084600F003BC70B53B
:10E2700000F074F900000089FFF7F6BF4FF000408E
:10E28000A0F580007047000010B591EA030F48BF69
:10E2900083F0004300F18A82841A71EB030C05D2EB
:10E2A000121943EB0C03001B61EB0C014FEA1154F4
:10E2B000A4EB135CDFF81CE11EEA430F18BF9EEAD3
:10E2C000445F00F0748021EA045123EA0E0343F412
:10E2D0008013DCF1200E32D322FA0CFE10EB0E007C
:10E2E00023FA0CFE41EB0E01CCF1200E03FA0EFED8
:10E2F00010EB0E00CCF1200E51F10001B1F5801FA2
:10E3000032D201EB045112FA0EF2BDE8104058BFB0
:10E310007047401C38BF5FEA420218BF70470028B0
:10E3200014BF20F0010041F100014FEA410313F551
:10E33000001F38BF7047A1F1C04100F05DB9012A4C
:10E3400043EB0302ACF1200CDCF11F0E32BF4FF0A7
:10E35000000E23FA0CF310EB030041EB0451B4EB75
:10E36000115FD0D0A1EB045101F58011490801EBF8
:10E3700004515FEA30000ED350F1000038BF12FAAA
:10E380000EFE08D1BDE81040C9E7401C38BF5FEA67
:10E390004202CAD1C3E7BDE810404FEA410313F57A
:10E3A000001F38BF7047A1F1C04100F025B99EEAB7
:10E3B000445F08D011EA5E0FBDE8104004BF01F0D1
:10E3C000004100207047BDE8104070B500F0C6F86D
:10E3D00064FBBE3E0000E0FF10F0004248BF404238
:10E3E000B0FA80F310FA03F10AD0C3F11D0303F56C
:10E3F000806302EB03524FEA415002EBD121704798
:10E400004FF000007047000070B5DFF848C11CEA0B
:10E41000111E1EBF1CEA13159EEA0C0F95EA0C0F85
:10E4200000F06F8081EA03044EEAD47EAE4421EA14
:10E430004C1123EA4C1341F4801143F48013AEF1E4
:10E440007F7EA1FB024CA0FB0365361955EB0C0542
:10E45000A1FB034C4CF10003A0FB021C16EB0C06C5
:10E46000654153F10003094218BF46F0010613F459
:10E47000007F0BD14FEA03314FEA053041EA1551D5
:10E4800040EA165034036FF003020AE04FEAC3215A
:10E490004FEAC52041EA555140EA5650F4026FF068
:10E4A000020202EB2E4201EB025585EACE710AD040
:10E4B0005FEA440C18BF24F0004450F1000041F121
:10E4C000000120EAD47040F2FE7C624500D270BDAB
:10E4D000A84214BF4FF080444FF04044002E08BFC4
:10E4E0000024BEF1806FA8BFA1F1C041BDE870401B
:10E4F00080F2828001F1C04101F000414FF0000044
:10E5000070470CEA13159EEA0C0F18BF95EA0C0F22
:10E5100006D081EA030E4FF000000EF0004170BDFE
:10E5200000F01CF88900013E00F007B800F009B8BF
:10E530004FEA430C5FEA5C5C08D081EA030100F01B
:10E540005BB84FEA410C5FEA5C5CF6D102494FF0E0
:10E55000000070470000FF070000F87F0EF1020E78
:10E560002EF0030E5EF8046B364205D4012A43EB0D
:10E57000030515F5001F12D8012841EB010C1CF50D
:10E58000001F0CD80ED14FEAD17C0CEB4C0C0CF1D7
:10E59000020C15F5001F08BF4CEBD37C04E04FF0D4
:10E5A000080C01E04FEAD37C0CEB4C0526FA05F68B
:10E5B00006F00706B6F1040C06D20EEB860CBDE899
:10E5C00070404CF0010C6047DFE80CF0090B0202D0
:10E5D0004FF00041A1F500214FF0000070BD194639
:10E5E0001046012851EB010418BFD4F5001484BF74
:10E5F000002001F0004170BD0808A0F500114FEAAD
:10E60000310170472DE9F04101F5801CBCF5001F78
:10E61000C0F2A9804FEA115C21EA0C5141F480114B
:10E620000CF1FD0C5FEA5C0C0CF5C07C01D34000E2
:10E630004941890241EA905187022EA48E0EA45DC1
:10E640000A0C04FB04F602FB06F6C6F14046A4FBE6
:10E650000662F60D46EA422606FB06F4A4FB0123F9
:10E660005242C3F1404338BF5B1EA6FB0242002466
:10E67000E6FB0324D20B42EA4446A6FB0623A1FB99
:10E6800002E2A3FB07E4E3FB61426442C2F1404EB5
:10E6900038BFAEF1010EA6FB04234FF00002E6FBEB
:10E6A0000E32A2FB03463400E2FB6264A1FB06E6E5
:10E6B000A4FB07E8E4FB61687642C8F1405838BF24
:10E6C000A8F10108A2FB06E4A3FB08E5E2FB6854FD
:10E6D000A1FB05E6A7FB04E8E1FB648618F1200531
:10E6E00056F10006A80940EA8660B109A8F11B08A6
:10E6F00008F03F08B8F10A0F1CD901EB0C51BDE836
:10E70000F08100BFFCF5EEE8E2DDD8D3CFCBC7C384
:10E71000C0BDB9B6B4B1AEACA9A7A5A3A19F9D9B3E
:10E720009A9896959392908F8D8C8B898887868501
:10E7300084838281A0FB006800FB01F208EB4208A1
:10E74000B8EB872807D5341858EB0104D5D5401C01
:10E7500051F10001D1E7341A78EB0104CDD4401E09
:10E7600071F10001C9E75FEA4C0C5FEA9C5C0DD1D6
:10E7700005D301F000414FF00000BDE8F081BDE895
:10E78000F04170B5FFF7EAFE6DDBFFBEBDE8F0417A
:10E7900001494FF0000070470000F87F10B591EA82
:10E7A000030F48BF83F000433FF576AD841A71EB49
:10E7B000030C07D28CF0004C121943EB0C03001B26
:10E7C00061EB0C014FEA1154A4EB135CDFF8A4E1F8
:10E7D0001EEA430F18BF9EEA445F00F0B48021EAAE
:10E7E000045123EA6E035242C3EB6E0338BF5B1E33
:10E7F000DCF1200E25D322FA0CFE10EB0E0043FABA
:10E800000CFE41EB0E01CCF1200E03FA0EFE10EBD4
:10E810000E00CCF1200E51F1000129D401EB04517E
:10E8200012FA0EF2BDE8104058BF7047401C1CBFE2
:10E83000B2F1004F704700280CBF491C20F00100C6
:10E84000704712EB020E43EB030218BF4FF0010EAC
:10E850004EEA4202ACF1200CDCF11E0E56D943FA0E
:10E860000CFE10EB0E00CCF11E0E51F1FF31D5D590
:10E870000EF1010E12FA0EFE404141EB010101EBD7
:10E88000445C5FEA5C5C10D901EB045110EBDE7074
:10E8900038BFBEF1004FBDE8104018BF70470028D8
:10E8A0000CBF491C20F00100704734D24FEAD42C31
:10E8B00024F4006411F500111BD0B1FA81F20B3A77
:10E8C000A41AA41ED2F12003914030FA03F3194395
:10E8D000904001EBCC7101EB0451002CBDE81040DD
:10E8E000A8BF704701F1C04101F000414FF00000A6
:10E8F0007047B0FA80F310FA03F102D1BDE810407E
:10E900007047E41A173C4805C90AE2E701EB0451D5
:10E91000BDE81040704749104FEA300001EB045148
:10E92000BDE8104002E04FF0000170474A0008BF08
:10E930000042F8D0B2F5001F28BF704701F0004137
:10E940004FF0000070479EEA445F07D011EA5E0F67
:10E95000BDE8104004BF002100207047BDE8104012
:10E9600070B5FFF7FBFD00BF40DFF63E104683F0B9
:10E97000004170470000E0FF43004FEAD30C4FEA2C
:10E980003C0C43401FBF40070CF1605113F0FE4F99
:10E9900070471CF0006F03D10CF00041002070475D
:10E9A0000CF0004343EA507040EACC0010B500F090
:10E9B0000EF800BF000000924FEA0001FFF71CBEF6
:10E9C0004FF00041A1F500214FF0000070470EF11B
:10E9D000020E2EF0030E5EF8044B244204D44FEADC
:10E9E0004102B2F17F4F11D84FEA4003B3F17F4F9C
:10E9F0000CD80ED14FEAD07C0CEB4C0C0CF1020C75
:10EA0000B2F17F4F08BF4CEBD17C04E04FF0080C13
:10EA100001E04FEAD17C0CEB4C0324FA03F404F040
:10EA20000704B4F1040C06D20EEB840CBDE81040D0
:10EA30004CF0010C6047DFE80CF0070802024FF0D1
:10EA40000040A0F5800010BD0846420018BFD2F17A
:10EA5000807288BF00F0004010BDF1EE100A4FF642
:10EA6000FF71C0F2C03120EA010040F04070E1EED9
:10EA7000100A7047FF2141EAD050C00570470000DE
:10EA8000CDCC4C3ECDCC4C3ECDCC4C3EE67F002098
:10EA90003E800020EE800020968000200E1F002087
:10EAA000A61D0020F21C00205A1E002000000000BD
:10EAB000000000000102030406070809000000002E
:10EAC00001020304005EBCE2613FDD83C29C7E2044
:10EAD000A3FD1F419DC3217FFCA2401E5F01E3BD3A
:10EAE0003E6082DC237D9FC1421CFEA0E1BF5D032E
:10EAF00080DE3C62BEE0025CDF81633D7C22C09E22
:10EB00001D43A1FF4618FAA427799BC584DA38660D
:10EB1000E5BB5907DB856739BAE406581947A5FBF9
:10EB20007826C49A653BD987045AB8E6A7F91B45ED
:10EB3000C6987A24F8A6441A99C7257B3A6486D8E1
:10EB40005B05E7B98CD2306EEDB3510F4E10F2ACCD
:10EB50002F7193CD114FADF3702ECC92D38D6F31B9
:10EB6000B2EC0E50AFF1134DCE90722C6D33D18FAD
:10EB70000C52B0EE326C8ED0530DEFB1F0AE4C12A1
:10EB800091CF2D73CA947628ABF517490856B4EA8D
:10EB90006937D58B5709EBB536688AD495CB297779
:10EBA000F4AA4816E9B7550B88D6346A2B7597C96D
:10EBB0004A14F6A8742AC896154BA9F7B6E80A5461
:10EBC000D7896B350000891112239B322446AD573B
:10EBD0003665BF74488CC19D5AAFD3BE6CCAE5DBA5
:10EBE0007EE9F7F88110080193331A22A5562C47C5
:10EBF000B7753E64C99C408DDBBF52AEEDDA64CB85
:10EC0000FFF976E802218B30100299132667AF7660
:10EC10003444BD554AADC3BC588ED19F6EEBE7FA64
:10EC20007CC8F5D983310A2091121803A7772E6684
:10EC3000B5543C45CBBD42ACD99E508FEFFB66EA44
:10EC4000FDD874C904428D5316619F702004A91524
:10EC50003227BB364CCEC5DF5EEDD7FC6888E19924
:10EC60007AABF3BA85520C4397711E60A114280544
:10EC7000B3373A26CDDE44CFDFFD56ECE998608904
:10EC8000FBBB72AA06638F7214409D512225AB34E0
:10EC90003006B9174EEFC7FE5CCCD5DD6AA9E3B8E4
:10ECA000788AF19B87730E6295501C41A3352A2404
:10ECB000B1163807CFFF46EEDDDC54CDEBB962A8C4
:10ECC000F99A708B088481951AA793B62CC2A5D3A4
:10ECD0003EE1B7F04008C919522BDB3A644EED5FB4
:10ECE000766DFF7C899400859BB712A6ADD224C3B4
:10ECF000BFF136E0C1184809D33B5A2AE55E6C4F94
:10ED0000F77D7E6C0AA583B4188691972EE3A7F24F
:10ED10003CC0B5D14229CB38500AD91B666FEF7E73
:10ED2000744CFD5D8BB502A499961087AFF326E273
:10ED3000BDD034C1C3394A28D11A580BE77F6E6E53
:10ED4000F55C7C4D0CC685D71EE597F42880A19113
:10ED50003AA3B3B2444ACD5B5669DF78600CE91D33
:10ED6000722FFB3E8DD604C79FF516E4A990208133
:10ED7000BBB332A2C55A4C4BD7795E68E11C680D13
:10ED8000F33F7A2E0EE787F61CC495D52AA1A3B0CF
:10ED90003882B193466BCF7A5448DD59622DEB3CF3
:10EDA000700EF91F8FF706E69DD414C5ABB122A0F3
:10EDB000B9923083C77B4E6AD5585C49E33D6A2CD3
:10EDC000F11E780F000000000100803FC90CC0B7A1
:10EDD000E565AABE435690BB3C695D3EEBFCA9BC11
:10EDE00008B732BEE745093EA59204BD40AC037D9D
:10EDF00004014103057C00026D0D026D090200064D
:10EE000010160006101600000000C844CDCC4C3E81
:10EE1000000000000B080141090242C0030A0B0474
:10EE200000000000920E493CB10AC93C2BC3163DBC
:10EE30002EFB483D752B7B3D04A9963D80B6AF3D2A
:10EE400036BDC83D2FBCE13D73B2FA3D87CF093EC8
:10EE50008340163EB5AB223EA2102F3ECF6E3B3E06
:10EE6000C2C5473E0115543E135C603E7F9A6C3E1E
:10EE7000CCCF783EC07D823E938E883E229A8E3ED5
:10EE800032A0943E86A09A3EE59AA03E128FA63EFE
:10EE9000D47CAC3EEF63B23E2A44B83E491DBE3E30
:10EEA00015EFC33E53B9C93ECA7BCF3E4136D53E6E
:10EEB00080E8DA3E4F92E03E7533E63EBBCBEB3E58
:10EEC000EA5AF13ECBE0F63E275DFC3EE4E7003F28
:10EED0003D9C033F824B063F9BF5083F6B9A0B3FDF
:10EEE000DA390E3FCDD3103F2A68133FD9F6153FCC
:10EEF000C07F183FC6021B3FD17F1D3FCBF61F3F8F
:10EF00009967223F25D2243F5636273F1594293F43
:10EF10004AEB2B3FDE3B2E3FBB85303FC9C8323F1B
:10EF2000F304353F233A373F4268393F3B8F3B3F3D
:10EF3000F9AE3D3F67C73F3F70D8413F01E2433FD5
:10EF400003E4453F65DE473F12D1493FF8BB4B3FE5
:10EF5000029F4D3F207A4F3F3D4D513F4918533F4F
:10EF600031DB543FE595563F5348583F6AF2593FCD
:10EF70001A945B3F532D5D3F05BE5E3F2146603FC7
:10EF800097C5613F5A3C633F59AA643F880F663F6B
:10EF9000D86B673F3CBF683FA7096A3F0C4B6B3F8C
:10EFA0005E836C3F93B26D3F9ED86E3F73F56F3FAB
:10EFB0000809713F5213723F4714733FDD0B743FD2
:10EFC0000BFA743FC6DE753F07BA763FC58B773FB5
:10EFD000F853783F9812793F9DC7793F02737A3F83
:10EFE000BE147B3FCDAC7B3F283B7C3FC9BF7C3F01
:10EFF000AC3A7D3FCCAB7D3F23137E3FB0707E3F6C
:10F000006DC47E3F580E7F3F6D4E7F3FAB847F3F88
:10F010000FB17F3F97D37F3F43EC7F3F11FB7F3F93
:10F020000000803F11FB7F3F43EC7F3F97D37F3F42
:10F030000FB17F3FAB847F3F6D4E7F3F580E7F3FC8
:10F040006DC47E3FB0707E3F23137E3FCCAB7D3FCF
:10F05000AC3A7D3FC9BF7C3F283B7C3FCDAC7B3F7A
:10F06000BE147B3F02737A3F9DC7793F9812793F68
:10F07000F853783FC58B773F07BA763FC6DE753FBA
:10F080000BFA743FDD0B743F4714733F5213723F0A
:10F090000809713F73F56F3F9ED86E3F93B26D3F85
:10F0A0005E836C3F0C4B6B3FA7096A3F3CBF683FD8
:10F0B000D86B673F880F663F59AA643F5A3C633F4D
:10F0C00097C5613F2146603F05BE5E3F532D5D3FC2
:10F0D0001A945B3F6AF2593F5348583FE595563FB3
:10F0E00031DB543F4918533F3D4D513F207A4F3F4C
:10F0F000029F4D3FF8BB4B3F12D1493F65DE473F72
:10F1000003E4453F01E2433F70D8413F67C73F3FBB
:10F11000F9AE3D3F3B8F3B3F4268393F233A373F93
:10F12000F304353FC9C8323FBB85303FDE3B2E3F3D
:10F130004AEB2B3F1594293F5636273F25D2243FD3
:10F140009967223FCBF61F3FD17F1D3FC6021B3F71
:10F15000C07F183FD9F6153F2A68133FCDD3103F23
:10F16000DA390E3F6B9A0B3F9BF5083F824B063F07
:10F170003D9C033FE4E7003F275DFC3ECBE0F63ECD
:10F18000EA5AF13EBBCBEB3E7533E63E4F92E03E92
:10F1900080E8DA3E4136D53ECA7BCF3E53B9C93E00
:10F1A00015EFC33E491DBE3E2A44B83EEF63B23E52
:10F1B000D47CAC3E128FA63EE59AA03E86A09A3E35
:10F1C00032A0943E229A8E3E938E883EC07D823E2F
:10F1D000CCCF783E7F9A6C3E135C603E0115543E66
:10F1E000C2C5473ECF6E3B3EA2102F3EB5AB223E7E
:10F1F0008340163E87CF093E73B2FA3D2FBCE13DF6
:10F2000036BDC83D80B6AF3D04A9963D752B7B3D0C
:10F210002EFB483D2BC3163DB10AC93C920E493C1A
:10F2200000000000920E49BCB10AC9BC2BC316BD38
:10F230002EFB48BD752B7BBD04A996BD80B6AFBD26
:10F2400036BDC8BD2FBCE1BD73B2FABD87CF09BEC4
:10F25000834016BEB5AB22BEA2102FBECF6E3BBE02
:10F26000C2C547BE011554BE135C60BE7F9A6CBE1A
:10F27000CCCF78BEC07D82BE938E88BE229A8EBED1
:10F2800032A094BE86A09ABEE59AA0BE128FA6BEFA
:10F29000D47CACBEEF63B2BE2A44B8BE491DBEBE2C
:10F2A00015EFC3BE53B9C9BECA7BCFBE4136D5BE6A
:10F2B00080E8DABE4F92E0BE7533E6BEBBCBEBBE54
:10F2C000EA5AF1BECBE0F6BE275DFCBEE4E700BF24
:10F2D0003D9C03BF824B06BF9BF508BF6B9A0BBFDB
:10F2E000DA390EBFCDD310BF2A6813BFD9F615BFC8
:10F2F000C07F18BFC6021BBFD17F1DBFCBF61FBF8B
:10F30000996722BF25D224BF563627BF159429BF3F
:10F310004AEB2BBFDE3B2EBFBB8530BFC9C832BF17
:10F32000F30435BF233A37BF426839BF3B8F3BBF39
:10F33000F9AE3DBF67C73FBF70D841BF01E243BFD1
:10F3400003E445BF65DE47BF12D149BFF8BB4BBFE1
:10F35000029F4DBF207A4FBF3D4D51BF491853BF4B
:10F3600031DB54BFE59556BF534858BF6AF259BFC9
:10F370001A945BBF532D5DBF05BE5EBF214660BFC3
:10F3800097C561BF5A3C63BF59AA64BF880F66BF67
:10F39000D86B67BF3CBF68BFA7096ABF0C4B6BBF88
:10F3A0005E836CBF93B26DBF9ED86EBF73F56FBFA7
:10F3B000080971BF521372BF471473BFDD0B74BFCE
:10F3C0000BFA74BFC6DE75BF07BA76BFC58B77BFB1
:10F3D000F85378BF981279BF9DC779BF02737ABF7F
:10F3E000BE147BBFCDAC7BBF283B7CBFC9BF7CBFFD
:10F3F000AC3A7DBFCCAB7DBF23137EBFB0707EBF68
:10F400006DC47EBF580E7FBF6D4E7FBFAB847FBF84
:10F410000FB17FBF97D37FBF43EC7FBF11FB7FBF8F
:10F42000000080BF11FB7FBF43EC7FBF97D37FBF3E
:10F430000FB17FBFAB847FBF6D4E7FBF580E7FBFC4
:10F440006DC47EBFB0707EBF23137EBFCCAB7DBFCB
:10F45000AC3A7DBFC9BF7CBF283B7CBFCDAC7BBF76
:10F46000BE147BBF02737ABF9DC779BF981279BF64
:10F47000F85378BFC58B77BF07BA76BFC6DE75BFB6
:10F480000BFA74BFDD0B74BF471473BF521372BF06
:10F49000080971BF73F56FBF9ED86EBF93B26DBF81
:10F4A0005E836CBF0C4B6BBFA7096ABF3CBF68BFD4
:10F4B000D86B67BF880F66BF59AA64BF5A3C63BF49
:10F4C00097C561BF214660BF05BE5EBF532D5DBFBE
:10F4D0001A945BBF6AF259BF534858BFE59556BFAF
:10F4E00031DB54BF491853BF3D4D51BF207A4FBF48
:10F4F000029F4DBFF8BB4BBF12D149BF65DE47BF6E
:10F5000003E445BF01E243BF70D841BF67C73FBFB7
:10F51000F9AE3DBF3B8F3BBF426839BF233A37BF8F
:10F52000F30435BFC9C832BFBB8530BFDE3B2EBF39
:10F530004AEB2BBF159429BF563627BF25D224BFCF
:10F54000996722BFCBF61FBFD17F1DBFC6021BBF6D
:10F55000C07F18BFD9F615BF2A6813BFCDD310BF1F
:10F56000DA390EBF6B9A0BBF9BF508BF824B06BF03
:10F570003D9C03BFE4E700BF275DFCBECBE0F6BEC9
:10F58000EA5AF1BEBBCBEBBE7533E6BE4F92E0BE8E
:10F5900080E8DABE4136D5BECA7BCFBE53B9C9BEFC
:10F5A00015EFC3BE491DBEBE2A44B8BEEF63B2BE4E
:10F5B000D47CACBE128FA6BEE59AA0BE86A09ABE31
:10F5C00032A094BE229A8EBE938E88BEC07D82BE2B
:10F5D000CCCF78BE7F9A6CBE135C60BE011554BE62
:10F5E000C2C547BECF6E3BBEA2102FBEB5AB22BE7A
:10F5F000834016BE87CF09BE73B2FABD2FBCE1BDF2
:10F6000036BDC8BD80B6AFBD04A996BD752B7BBD08
:10F610002EFB48BD2BC316BDB10AC9BC920E49BC16
:10F6200000000080494E535F5441534B00436861D2
:10F63000737369735F5441534B00726566657265FD
:10F64000655F75736172745F540075705F74726189
:10F650006E736D6974007D04017C000240AB034150
:10F6600000055308065804070F000810820911000E
:10F670000A15800B16000C18010D0000A0F60008FA
:10F6800000000020B0000000EC01000850F7000866
:10F69000B0000020588E00000C020008000000009E
:10F6A0000000000000000000CDCC1C41CDCC1C416E
:10F6B000E7416B3A58A08B3A010000000024F400A7
:10F6C00092FFFFFFFFFFFFFFFF0000000000803FF1
:10F6D0000000000000000000000000000000803F6B
:10F6E0000000000000000000000000000000803F5B
:10F6F000A2FFFFFF82FFFFFFFFFFFFFF0000803F31
:10F700000000000000000000000000000000803F3A
:10F710000000000000000000000000000000803F2A
:10F720000000803F0000000000000000000000001A
:10F730000000803F0000000000000000000000000A
:10F740000000803F0100000010000000AAAAAAAA41
:040000050800018965
:00000001FF
