:020000040800F2
:1000000090AA0020950200081D900008497700087A
:10001000798F00087109000885EC000800000000D5
:1000200000000000000000000000000051A80008CF
:100030000D1800080000000081960008F9B40008BF
:10004000AF020008AF020008AF020008AF020008CC
:10005000AF020008AF020008B9190008AF0200089B
:10006000AF020008C1190008C9190008AF02000852
:1000700011130008AF020008AF020008AF02000829
:10008000AF020008AF020008AF020008AF0200088C
:1000900075090008AF020008AF020008D119000876
:1000A000AF020008AF020008AF020008AF0200086C
:1000B000E9B50008F5B50008AF020008AF02000876
:1000C000AF020008AF020008AF020008AF0200084C
:1000D000AF02000865BB0008AF02000831BD000890
:1000E000AF020008AF020008AF020008AF0200082C
:1000F000AF020008AF020008AF020008AF0200081C
:10010000AF020008AF020008AF020008AF0200080B
:10011000AF020008AF020008AF020008AF020008FB
:10012000AF0200081D13000829130008DD1700089E
:10013000AF020008AF020008AF020008AF020008DB
:1001400081090008AF020008AF02000839930008D7
:10015000E9170008F5170008011800082DBF00086E
:10016000AF020008AF020008AF020008AF020008AB
:10017000AF020008AF020008AF0200080000000054
:10018000AF020008AF02000800F002F800F072F8B9
:1001900014A696E8000CB244B344DA4501D100F04D
:1001A00069F8BAE80F000FA696E83000A5EB040541
:1001B00004EB0607AAEB0704A7F101074FEA1515A0
:1001C0004FEA3414A4F10104AC4201D300F052F818
:1001D00013F0010F18BFFB1A43F0010300F001F800
:1001E000DBE71847846A0100A46A01000A444FF063
:1001F000000C10F8013B13F0070408BF10F8014B86
:100200001D1108BF10F8015B641E05D010F8016BCA
:10021000641E01F8016BF9D113F0080F1EBF10F82E
:10022000014BAD1C0C1B09D16D1E58BF01F801CB51
:10023000FAD505E014F8016B01F8016B6D1EF9D5D4
:100240009142D6D37047000070470000002300247D
:1002500000250026103A28BF78C1FBD8520728BFD6
:1002600030C148BF0B6070471FB515F014FE1FBDAD
:1002700010B510BD00F083F91146FFF7F5FF10F03F
:10028000BBFB00F0A1F903B4FFF7F2FF03BC00F0E1
:10029000A5F900000948804709480047FEE7FEE746
:1002A000FEE7FEE7FEE7FEE7FEE7FEE7FEE7FEE726
:1002B00004480549054A064B70470000D5B50008BB
:1002C0008901000890A4002090AA002090A6002098
:1002D00090A6002053EA020C00F069802DE9F04B53
:1002E0004FF00006002B1FBFB3FA83F503FA05F4A5
:1002F00024FA05F65E4012BF1643B2FA82F502FAFE
:1003000005F4C5F120051EBF22FA05FC44EA0C04E1
:10031000203556EA044C4FEA144418BF641C4FF0D1
:1003200000084FF00009904271EB030C39D300290B
:1003300019BFB1FA81F701FA07F6B0FA80F700FAAF
:1003400007F6C7F120071EBF20FA07FC46EA0C0695
:100350002037B6FBF4FCA7EB0507103F07F01F0B97
:10036000CBF120062CFA06F60CFA0BFB44BFB34681
:100370000026202FA4BF5E464FF0000B5BEA060C60
:1003800008BF4FF0010B19EB0B0948EB0608ABFB5C
:10039000027C06FB02CC0BFB03CCC01B71EB0C01F7
:1003A000C1E70B46024641464846BDE8F08B13B50F
:1003B000084318BF4FF0FF300146AFF30080BDE89F
:1003C0001C40704710B5431C02E010F8011B71B1CE
:1003D0008107FAD14FF0013202C88C1A8C4314EA1B
:1003E000C211F9D0C01A0A0603D0C01E10BDC01A2F
:1003F00010BD0A0401D0801E10BD0902FCD0401EB1
:1004000010BD032A40F2308010F0030C00F015807C
:1004100011F8013BBCF1020F624498BF11F801CB07
:1004200000F8013B38BF11F8013BA2F1040298BF6C
:1004300000F801CB38BF00F8013B11F0030300F0D6
:100440002580083AC0F0088051F8043B083A51F87A
:1004500004CBA0E80810F5E7121D5CBF51F8043B7F
:1004600040F8043BAFF30080D20724BF11F8013BF2
:1004700011F801CB48BF11F8012B24BF00F8013B54
:1004800000F801CB48BF00F8012B704710B5203AA7
:10049000C0F00B80B1E81850A0E81850B1E818502F
:1004A000A0E81850203ABFF4F5AF5FEA027C24BF01
:1004B000B1E81850A0E8185044BF18C918C0BDE8EA
:1004C00010405FEA827C24BF51F8043B40F8043BB3
:1004D00008BF7047D20728BF31F8023B48BF11F868
:1004E000012B28BF20F8023B48BF00F8012B7047C2
:1004F00002F0FF0343EA032242EA024200F002B89C
:100500004FF0000200B5134694469646203922BFAC
:10051000A0E80C50A0E80C50B1F12001BFF4F7AFF7
:10052000090728BFA0E80C5048BF0CC05DF804EBD9
:10053000890028BF40F8042B08BF704748BF20F847
:10054000022B11F0804F18BF00F8012B7047704745
:100550007047704710B500F00DF8006810BD10B579
:10056000044600F007F8046010BD00000048704722
:10057000E001002000487047E00100207047754608
:10058000FFF7F4FFAE4605006946534620F007002A
:10059000854618B020B5FFF78BFEBDE820404FF030
:1005A00000064FF000074FF000084FF0000BAC467C
:1005B000ACE8C009ACE8C009ACE8C009ACE8C009C7
:1005C00021F007018D46704710B50446AFF3008057
:1005D0002046BDE81040FFF756BE00000149182034
:1005E000ABBEFEE72600020013F004BE13F098BE77
:1005F0000EF084BB00281CBF002101607047000082
:1006000000281EBF0021C4F2B01101607047000035
:10061000B1EEC00AB7EE001A81EE000A7047000082
:100620000EF0B6BB0020C4F202001021012203F03C
:100630005FBD00000020C4F202001021002203F080
:1006400057BD00007047000040F20040C4F20200B5
:100650000121012203F04CBD40F20040C4F202002F
:100660000121002203F044BDB0F9003040F2180C23
:10067000C2F2000C00EE103A9CED001AB8EEC00A6F
:1006800021EE000A81ED000AB0F902309CED001A5B
:1006900000EE103AB8EEC00A21EE000A81ED010A20
:1006A000B0F9043000EE103AB8EEC00A21EE000AAC
:1006B00081ED020AC3798179007A1B0243EA004086
:1006C000084400EE100A9FED041AB8EE400A20EE2E
:1006D000010A82ED000A704700401C42704700008A
:1006E00010F0F8BA0FF0FABBB0F9002000EE102AB3
:1006F00040F21802C2F2000292ED011AB8EEC00AEE
:1007000021EE000A81ED000AB0F9023092ED011AE3
:1007100000EE103AB8EEC00A21EE000A81ED010A9F
:10072000B0F9040000EE100AB8EEC00A21EE000A8B
:1007300081ED020A7047000010B5FFF783FFFFF755
:10074000CDFF0EF0BBFC08B1802402E00EF066FB8A
:1007500004460EF0F7FF00281CBF44F0400010BD17
:100760000EF0E4FE204310BD2DE9F04F83B002925D
:100770000E460190FFF75EFF922000F0C3F8922032
:1007800000F0C0F8552000F0BDF88046552000F07C
:10079000B9F80546552000F0B5F88246552000F01E
:1007A000B1F80446552000F0ADF88346552000F01E
:1007B000A9F80746FFF736FF48EA052040F2180976
:1007C00000B2C2F2000900EE100A99ED001AB8EE6C
:1007D000C00A4AEA042021EE000A00B286ED000AAF
:1007E00000EE100A4BEA072000B299ED001A02EE63
:1007F000100AB8EEC00AB8EEC22A21EE000A21EEB5
:10080000021A86ED010A86ED021AFFF725FF802005
:1008100000F078F8552000F075F80646552000F0F5
:1008200071F8552000F06EF88246552000F06AF805
:100830000546552000F066F88346552000F062F822
:100840000446552000F05EF80746552000F05AF89F
:100850008046FFF7F9FE0F2E25D14AEA052000B2A7
:1008600000EE100A99ED011AB8EEC00A01994BEAA0
:10087000042021EE000A00B281ED000A00EE100A09
:1008800047EA082000B299ED011A02EE100AB8EE0C
:10089000C00AB8EEC22A21EE000A21EE021A81ED4A
:1008A000010A81ED021AFFF7C5FEA22000F02AF826
:1008B000A22000F027F8552000F024F8044646B2A4
:1008C000552000F01FF80546FFF7ACFEE00040EAB7
:1008D00055104FF60001CFF6FF71002E48BF0843B8
:1008E00000EE100AB8EEC00AB4EE001A20EE010ABB
:1008F000B3EE071A029830EE010A80ED000A03B049
:10090000BDE8F08F80B582B08DF8070043F29C609F
:100910004FF47A7CC2F200000DF107010DF10602DE
:100920000123CDF800C005F0DDFB9DF8060002B004
:1009300080BD000090F900204078D3B2DB0043EA8C
:1009400050104FF60003CFF6FF73002A48BF18433C
:1009500000EE100AB8EEC00AB4EE001A20EE010A4A
:10096000B3EE071A30EE010A81ED000A704700006D
:10097000FEE7000042F66C60C2F2000002F048BDE3
:1009800042F69460C2F2000002F042BD10B58AB097
:100990000024CDE903140821DDE90CECCDE907447E
:1009A0000791110A8DF80410190A8DF806104FEA04
:1009B0001E218DF808104FEA1C218DF805208DF8B6
:1009C00007308DF80A1003A901AA09ABCDE9054447
:1009D0008DF809E08DF80BC002F0AAFB0AB010BD3B
:1009E00080B58AB04FF0000ECDE9031E0821DDF876
:1009F00030C0CDE907EE0791110A8DF80410190AED
:100A00008DF806104FEA1C618DF808104FEA1C4162
:100A10008DF809104FEA1C218DF805208DF807305C
:100A20008DF80A1003A901AA09ABCDE905EE8DF8EE
:100A30000BC002F07DFB0AB080BD00002DE9F04143
:100A40008AB00DF1480E0024DDF854C09EE8204124
:100A5000DDE91076CDE903140821CDE907440791BB
:100A60008DF804208DF8053003A901AA09ABCDE962
:100A700005448DF806708DF807608DF808508DF8E4
:100A800009808DF80AE08DF80BC002F051FB0AB026
:100A9000BDE8F08180B58AB04FF6EC23CFF6FF7346
:100AA0009A42C8BF134640F2145201F5A071934216
:100AB000A8BF13460022039108210892CDE906221F
:100AC0000791A121CDE904228DF80410ADF808307A
:100AD00003A901AA09AB02F02BFB0AB080BD0000FC
:100AE00080B58AB001F5A071002203910821089217
:100AF000CDE9062207918821CDE904228DF8041062
:100B0000CDF80520029203A901AA09AB02F010FB5F
:100B10000AB080BD002070470020704710B542F633
:100B20000034C2F2000441F6A441C2F200012046A2
:100B300000220BF083FD41F2A441C2F200012046E5
:100B40000BF06EFD002010BD70B542F6003549F681
:100B50001C56C2F20005C2F200060C462846314679
:100B60000BF05EFD28460BF035FD20680121A6F84C
:100B70004000002086F8421070BD00000020704741
:100B800042F60032C2F20002D2F8BC22D2F814328D
:100B9000002B1CBF0120704710B542F60034C2F292
:100BA00000040A46014620460BF048FD2046BDE8F9
:100BB00010400BF0C7BD000000284FF6FF7318BFB0
:100BC000002901D198B27047B0B54A1E46F290157F
:100BD00001F0030C032AC0F6010527D321F003011D
:100BE00010F8042B043982EA0302D2B235F812203D
:100BF00010F8034C82EA132383EA0403DBB235F8CE
:100C0000133010F8024C83EA122282EA0402D2B2B4
:100C100035F8122010F8014C82EA132383EA04030A
:100C2000DBB235F8133083EA1223D9D1BCF1000FBF
:100C30001BD001789AB25940C9B235F81110BCF1F5
:100C4000010F81EA122310D04278DBB25A4035F806
:100C500012E0BCF1020F8EEA112306D08078D9B2DF
:100C6000484035F8100080EA1E23BDE8B04098B235
:100C70007047000051B1B0B546F2900201F0030C8C
:100C80000429C0F6010205D2FF211CE0FF21C8B2F1
:100C9000704700BF21F0030E0023FF2110F8044B22
:100CA000C9B2614010F8035C515C10F8024C694015
:100CB000515C10F8015C6140515C04336940515C47
:100CC0009CB27445EAD1BCF1000F10D00378BCF19E
:100CD000010F81EA0301515C09D04378BCF1020F96
:100CE00081EA0301515C02D080784840115CBDE884
:100CF000B040C8B270470000B0B582B040F20D31CC
:100D000088421DDC40F24111884200F0738040F2BD
:100D10000121884200F08A8040F20D31884240F083
:100D2000B78040F26440C2F20000D0E9060140F210
:100D3000A432C2F200021060516002B0B0BD00BF28
:100D4000A0F2016103292FD80FF20400DFE811F0AF
:100D50000400F400A200D80040F26440C2F2000097
:100D6000018B09BA090CB1F5037F4180C0F25081B3
:100D7000A1F503710B2900F28B80DFE811F00D0063
:100D8000C50189008900F901D901D301F1010902E6
:100D90000102E101E90100BF807E40F24331C2F26D
:100DA0000001087002B0B0BD40F20E31884265D03B
:100DB00040F20F3188426BD140F26440C2F2000031
:100DC000017E42F2E45301EB8102C2F2000303F818
:100DD0001210418B03EB420209BA838BC08B090CC2
:100DE000518019BA00BA090C000C9180D08002B071
:100DF000B0BD00BF40F26440C2F20000B0F91C1068
:100E00009FEDA91A00EE101AB8EEC00A80EE010A92
:100E1000C18F428B8187C18BA0F84420C187417E5E
:100E200080F8461080ED100A02B0B0BD43F61021E4
:100E300040F26443C2F20001C2F2000348881A8BF8
:100E4000088010BA5A8B000C4880D0BA00EE100A05
:100E5000988BB8EEC00A00BA000C0881987F81ED2B
:100E6000010A887208688A6810EE101A03F1040CEF
:100E7000CDF800C008F082F802B0B0BD40F2644086
:100E8000C2F20000806940F2A431C2F20001886021
:100E900002B0B0BD40F26440C2F20000018B6FF0BE
:100EA000C8030ABA110C03EB12420A2A418000F26D
:100EB0007180DFE812F00D00FB000B000B000B004F
:100EC00011010B000B000B000B00E100E0E700BF7D
:100ED00040F2B451C2F200010A7BC37E90F81FC0F9
:100EE000808B03F0010302F0FB0200BA42EA8302A6
:100EF000000C0A73088181F800C002B0B0BD00BFC9
:100F000040F26440C2F20000018B09BA090CB1F54D
:100F1000997F418064D040F2311291424CD0CC296B
:100F2000B6D140F27431827EC07EC2F200018A7175
:100F3000887002B0B0BD00BF40F26440C2F2000051
:100F4000018B09BA090C0429418015DC032973D0EF
:100F500004299DD1418B40F2C66209BA838BC08BB4
:100F6000090CC2F20002D18019BA00BA090C000CB7
:100F70005181D08102B0B0BD05296FD0D1297FF455
:100F800087AFC06940F2583100BAC2F20001086070
:100F900002B0B0BD40F22F12914200F0AB80B1F52B
:100FA000987F7FF475AFC06940F2B03100BAC2F2E9
:100FB0000001486002B0B0BD40F2D871827EC2F23A
:100FC0000001C37E057F447FCA72827FC07F0B749D
:100FD0004D758C76CA7781F8240002B0B0BD00BF91
:100FE00040F2D871827EC2F20001C37E057F447F49
:100FF00081F82920827FC07F81F82E3081F833501C
:1010000081F8384081F84220887102B0B0BD00BF3D
:10101000012900F0C580652900F0DE80D0297FF429
:1010200037AF418B40F2883209BA808B090CC2F28B
:10103000000211800DE000BF418B40F2C66209BA88
:10104000838B090CC2F20002118019BA090CC08B03
:10105000518000BA000C908002B0B0BD418B808BF3
:1010600009BA40F2C66200BA090CC2F20002000CD2
:10107000D181908102B0B0BD40F2B45CC2F2000CEC
:10108000827E9CF80CE0C37E02F001050EF0F804AD
:10109000017F44EA450503F00104254461F382051C
:1010A0008CF80C5005E000BF00007042827EC37EC9
:1010B000017F43EA022240F2C453C2F200035A8184
:1010C000427F807F42EA0121198140F2B031C2F2B1
:1010D0000001087202B0B0BDC17E407F01F00F0177
:1010E00041EA001040F24231C2F20001087002B041
:1010F000B0BD00BFC06940F2B03100BAC2F2000119
:10110000086002B0B0BD00BF418BC06909BA40F2AF
:101110006832090CC2F2000200BA9180106002B07D
:10112000B0BD00BFC06940F2B071C2F20001AEE6CE
:10113000C06940F2B071C2F20001486002B0B0BDB7
:10114000C06940F2B071C2F20001886102B0B0BD66
:10115000C06940F2B071C2F20001C86102B0B0BD16
:10116000C06940F2B071C2F20001C86002B0B0BD07
:10117000C06940F2B071C2F20001086002B0B0BDB7
:10118000C06940F2B071C2F20001486102B0B0BD66
:10119000C06940F2B071C2F20001086102B0B0BD96
:1011A00040F29831C2F200010A78C37E02F00F02C9
:1011B00042EA0312838B0A701ABAC08B120CA1F890
:1011C000012000BA40F24B31000CC2F20001A1F83C
:1011D000010002B0B0BD00BFC06940F2503100BA9A
:1011E000C2F20001086002B0B0BD000040F26440ED
:1011F000C2F20000016A40F20222914220DC112971
:1012000044D0122962D0B1F5A17F63D1B0F91C108E
:101210009FED3E1A00EE101AB8EEC00A80EE010AE9
:10122000B0F84A10428BA0F84810C18BA0F85020AB
:10123000A0F84A10417E80F8521080ED130A7047E2
:1012400040F20722914227D0B1F5017F44D040F20D
:101250000322914218BF704743F61021C2F20001E9
:101260004A8B038B0A831ABA438B120C4A83DABA6D
:1012700000EE102A828B807F12BAB8EEC00A120CE0
:1012800081ED070A0A8481F822007047D0E906122E
:10129000C0E90212704700BFB0F85610028BA0F8E8
:1012A000541011BA428B090CA0F85610D1BA00EEB6
:1012B000101A818BB8EEC00A09BA090CA0F85C10AC
:1012C000817F80ED160A80F85E107047D0E9061223
:1012D000C0E90412704700BF43F61021C2F20001BA
:1012E000CA8C038B8A841ABA438B120CCA84DABA6A
:1012F00000EE102A828B807F12BAB8EEC00A120C60
:1013000081ED0A0A8A8581F82E007047000070423C
:1013100043F24400C2F2000002F0A6BB43F2A40074
:10132000C2F2000002F0A0BB80B500F009F842F65E
:10133000C460C2F20000BDE8804002F095BB00002E
:10134000B0B543F29C60C2F20000C16C46F2A0400E
:10135000C4F202000968A0F1480246F29F059142DA
:10136000C4F2020522D950F89C2CA9424FF0200368
:1013700064DD46F23F45C4F20205A94278DC46F23C
:10138000A005C4F20205A94200F08A8046F2104589
:10139000C4F20205A94200F0CC8046F22843C4F210
:1013A0000203994200F0C38080E100BF46F2580278
:1013B000C4F2020202F1600399421FD9D2F8A823B5
:1013C000A9424FF0200340F38F8046F23F45C4F21C
:1013D0000205A94200F3D08046F2A005C4F202053E
:1013E000A94200F0F18046F21045C4F20205A9427C
:1013F00000F0048146F22843FAE000BF914255D93B
:1014000052F854CCA9424FF0200455DC46F23F0577
:10141000C4F20205A94240F3F58046F24005C4F249
:101420000205A94200F0D68046F27005C4F202051A
:10143000A94200F0F58046F28805EBE046F23F0550
:10144000C4F20205A94265DD46F24005C4F2020578
:10145000A94225D046F27005C4F20205A94268D01F
:1014600046F28803C4F20203994214D01EE100BF81
:1014700046F24045C4F20205A94211D046F2704539
:10148000C4F20205A94254D046F28843C4F20203D2
:10149000994240F00B814FF4006313424CD13CE180
:1014A0004FF40013134247D137E100BF52F858CC34
:1014B000A9424FF02004A9DD46F23F45C4F20205DF
:1014C000A94271DC46F2A005C4F20205A94200F06F
:1014D000818046F21045C4F20205A94200F0A080C6
:1014E00046F2284596E000BF46F23F05C4F20205E9
:1014F000A94275DD46F24005C4F20205A94263D057
:1015000046F27005C4F20205A94277D046F288037C
:1015100040E000BF46F21005C4F20205A94208D01F
:1015200046F22803C4F20203994240F0BF804FF410
:101530000063134200F0F18046F27042C4F20202EE
:1015400091420BD046F28842C4F20202914209D184
:101550004FF4006240F8942CF1E000BF202240F8E4
:10156000942CECE04FF00062814208BF4FF400126F
:1015700040F8942CE3E000BF46F24045C4F2020577
:10158000A94221D046F27045C4F20205A94235D0E5
:1015900046F28843C4F20203994240F0A9804FF416
:1015A0000063134242D1B8E046F24045C4F202055E
:1015B000A9420FD046F27045C4F20205A9422FD0CD
:1015C00046F2884526E000BF4FF4001313422DD1A8
:1015D000A3E000BF4FF4001404EA0C0525BB9CE017
:1015E00046F21005C4F20205A94207D046F22803CC
:1015F000C4F2020399427BD14FF40063134215D128
:101600008BE000BF46F21005C4F20205A94207D0E4
:1016100046F22805C4F20205A94273D14FF40064D2
:1016200004EA0C05002D78D0994219D946F21042EF
:10163000C4F20202914235D046F22842C4F20202BC
:10164000914229D046F24042C4F2020291420CBFBC
:101650004FF400114FF0006140F8981C6FE000BF9C
:1016600091422DD946F27000C4F2020081425FD04F
:1016700046F28800C4F2020081424FD046F2A00038
:10168000C4F2020081420CBF4FF400104FF0006022
:1016900042F84C0C53E000BF4FF4006140F8981C36
:1016A0004DE000BF202140F8981C48E04FF0006357
:1016B000814208BF4FF4001313427FF43DAF2CE08A
:1016C00046F21000C4F20200814235D046F22800F2
:1016D000C4F20200814227D046F24000C4F2020068
:1016E00081420CBF4FF400104FF0006025E000BFB6
:1016F0004FF00063814208BF4FF40013134295D1AD
:101700000BE000BF4FF00064814208BF4FF40014AB
:1017100004EA0C05002D7FF487AFB0BD4FF40060E4
:1017200042F84C0C0BE000BF4FF4006005E000BF36
:10173000202042F84C0C02E0202042F8500C40F2ED
:101740003875C2F20005287800248007C4F202042C
:1017500022D46878800730D4A87880070CD5A87880
:10176000102100F0FD00A870A878012240F00400CC
:10177000A870204602F0BCFC0EF044FF2878400719
:1017800058BFB0BD43F61040C4F20100016841F0FB
:1017900001010160B0BD00BF2878012100F0FD000B
:1017A00028702878012240F00400287004F5806039
:1017B00002F09EFC68788007CED56878102100F092
:1017C000FD0068706878012240F0040068702046CF
:1017D00002F08EFCA8788007C1D4CDE742F62470D1
:1017E000C2F2000002F040B942F68470C2F200007A
:1017F00002F03AB943F20410C2F2000002F034B928
:1018000042F6E470C2F2000002F02EB97047000008
:1018100040F27450C2F200000078032888BF70477D
:10182000B0B542F22C54C2F20004DFE800F00345E8
:10183000113500BF94ED000ADFED580A002504F1D0
:101840001C00656084F8B45007F042FE77E000BFEA
:1018500040F23840C2F200000178022958D140F22B
:10186000C451C2F200014989B6EE082A00EE101AEE
:1018700040F2B451C2F200010989B8EE400A01EE0B
:10188000101AB8EE411A21EE021AB4EE401AF1EE27
:1018900010FA43DD008C04E040F2D610C2F20000E2
:1018A00000784FF48771484300EE100AF8EE400AC2
:1018B000C4ED010A34E000BF40F23840C2F200003B
:1018C000007802283CD140F2C450C2F200004089A6
:1018D0009FED332A00EE100A40F2B450C2F200002D
:1018E0000089B8EE401A00EE100AB8EE400A20EE69
:1018F000022A94ED020AB4EE412AF1EE10FA23DD39
:101900009FED281A30EE011A84ED031A1EE000BF85
:101910000020DFED220A606002E000BFD4ED010A82
:1019200094ED000A002084F8B40004F11C0007F0D4
:10193000CFFD94ED100ABDEEC00A10EE105AE582FC
:10194000BDE8B040704700BF94ED031A9FED162A22
:1019500030EE410AB4EE420A0120F1EE10FA84F8AA
:10196000B40003DD9FED131A09E000BF9FED0F1ACD
:10197000B4EE410AF1EE10FA03DA9FED0D1A30EEE3
:10198000010ADFED060AB1EE400A04F1680007F033
:101990009FFD94ED000AD4ED230AC6E70000000085
:1019A0009A99593F000080C400008045000080C51E
:1019B00000000046000000C6012002F0BDBA000091
:1019C000082002F0B9BA0000102002F0B5BA0000F9
:1019D000202002F0B1BA000072B600BFFEE700009E
:1019E00070B52DED088B044690F8C00001280BD08F
:1019F000002871D194ED010AD4ED020A04F1280007
:101A000007F066FD61E000BF9FED378A94ED080A9C
:101A100004F17400F0EE480A07F094FC94ED030A18
:101A200094ED261A94ED082A31EE009AB0EEC2BA6F
:101A3000B2EE0E0AB4EE40BAF1EE10FAB1EE49AAD7
:101A400002DDB5EE001A15E01BEE100A14F088F95D
:101A50009FED230B024656EC105B0B4628463146A1
:101A600014F090F82A46334613F066FD13F07EFC1E
:101A700001EE100A9FED1D0A04F12800B4EE40BAF1
:101A8000F1EE10FAB8BFB0EE481A94ED010A61EE1B
:101A90000A0A07F01DFDB0EEC90A4FF4AF70B5EEAB
:101AA000409AB6EE001A42F2F471F1EE10FABCBFA1
:101AB0004FF6A260CFF6FF70B4EE410AC2F2000109
:101AC000F1EE10FAD8BF0020086094ED130ABDEEC5
:101AD000C00A10EE100AE084BDEC088B70BD00BF98
:101AE0000000000000002E4000000000CDCCCC3DE6
:101AF0002DE9F04740F67800C2F2000040F28C7108
:101B000090ED070A9FEDE21A42F6B400C2F200011E
:101B1000C2F200000A6820EE010A90ED011A9FED62
:101B2000DD2A9FEDDD3A426140F2A04221EE021A29
:101B300020EE030AC2F2000230EE010A91ED011A12
:101B4000D18948F21373591A80ED010A02EE101A76
:101B50009FEDD20AB8EEC22A82EE002A5188B1EE79
:101B6000411A80ED061A01EE101AB8EE411A80ED06
:101B7000041A9FEDCB1A138940F27847C2F200078E
:101B80003F688384938A32EE022A22EE013AB4EE51
:101B9000413AF1EE10FAC0F8C870A0F8E83003DD61
:101BA0009FEDC23A09E000BF9FEDBE4AB4EE443A51
:101BB000F1EE10FA05DA9FEDBC3A22EE012A32EE80
:101BC000033A40F27043C2F2000393ED002A80ED25
:101BD000353ABAEE0E3AB4EE432A0023F1EE10FA8B
:101BE000C4F2F01380ED362A18DA9FEDBD3A9FED6E
:101BF000BD4A00274CF6CD4622EE033AC4F2963792
:101C0000C3F64C7633EE045A9FEDB74AC0E96D76C1
:101C1000C0F8BC31B3EE0E3A75E000BFB9EE044A2D
:101C2000B4EE442AF1EE10FA20DCB4EE432AF1EED1
:101C300010FA1BDBB2EE043A9FEDA54A22EE033AFE
:101C400033EE044A9FEDA33A4CF6CD47C3F64C77EA
:101C500032EE033A9FEDA05A9FEDA06A80ED6D4AE7
:101C6000C0F8B87180ED6F3A49E000BFB0EEC23AFB
:101C7000B1EE044AB4EE443AF1EE10FA1EDABBEECD
:101C8000073A9FED8F4A22EE033A33EE044AB8EE4C
:101C9000043A9FED8C5A4CF6CD4722EE033AC3F638
:101CA0004C7733EE053A9FED885A9FED886A80EDB8
:101CB0006D4AC0F8B87180ED6F3A20E0B2EE0E3A8E
:101CC000B4EE432AF1EE10FA00F3C880B4EE442AD1
:101CD000F1EE10FAC0F2C28032EE024A4CF6CD4765
:101CE00000269FED755A9FED756A31EE444AC3F6A2
:101CF0004C67C4F2701680ED6D4AC0E96E7622EE34
:101D0000055A35EE065A42F2F87AC2F2000A9AF8FB
:101D100022700026012F80ED805AC0E9816315D81A
:101D200040F22003C2F2000393ED037A93ED026ABE
:101D300034EE074A80ED6D4AB2EE044A35EE065A9B
:101D400033EE043A80ED805A80ED6F3A528B40F6C4
:101D5000BF239A1A03EE102A9FED644AB8EEC33AE5
:101D600083EE043A33EE034A24EE013AB4EE413AEC
:101D7000F1EE10FA02DD9FED4D3A08E09FED495A71
:101D8000B4EE453AF1EE10FA05DA9FED473A24EE4B
:101D9000011A31EE033A42F6B432511A01EE101A2A
:101DA000B8EEC11A81EE001A40F27441C2F200018D
:101DB00091ED000AB5EE402A80ED663AB1EE403A68
:101DC000F1EE10FAC8BFB0EE430A80ED630A9FED52
:101DD000480A40F26C41C2F20001096831EE012A62
:101DE00022EE001AB4EE401AF1EE10FAC0F89C117F
:101DF00002DD9FED421A08E09FED3E3AB4EE431A31
:101E0000F1EE10FA05DA9FED3C1A22EE000A30EEF0
:101E1000011A11EE100A13F0A3FF8046DAF8080049
:101E2000894613F09DFF9FED180B57EC106B32465F
:101E30003B4613F0A9FD04460D464046494632464E
:101E40003B4613F0A1FD22462B4613F0C1FA13F0D6
:101E50008DFACAF80800BDE8F08700BF00274CF6ED
:101E6000CD4600259FED124A9FED125AC4F2163757
:101E7000C3F64C66C4F27015C0E96D76C0F8BC516B
:101E800041E700BF00BF00BF000000000000E03FCE
:101E9000E12E65423333333F9A99993E00FF7F47E5
:101EA00000003443000034C30000B4430000B4C356
:101EB0000000164333338340CDCC4C3E9A99993F72
:101EC00000808E430000DC414C3709BE14AE374021
:101ED0000000E143000034421D5AE4BE14AEA73FA7
:101EE00098DD53BE39B49C400000964300F8FF458E
:101EF000DB0F4940DB0F49C0DB0FC940DB0FC9C016
:101F00002DE9F04F81B02DED048B40F20C64C2F24C
:101F100000044FF0814044F8380F0020C4F24840DC
:101F2000A34600214BF8300D0020C4F2C82144E93B
:101F30000B0143F23331C4F20311A2464AF8241DC7
:101F400049F69A11C4F2A111A14649F8181D0021C1
:101F5000C4F2202144E9050143F23331C4F2AB015C
:101F6000A0464CF6CD4248F80C1D45F62941C3F673
:101F7000CC52C3F60F4143F2333746F2666644E96A
:101F8000021241F26F2343F65811C4F23307C3F62D
:101F9000E67644E90820C3F68323C3F63441C4E956
:101FA0000372C4E90506002246F26666C4E90131FF
:101FB000C4F28C324FF07C530027C4F20E1604F1A9
:101FC000240CC4F2A0178CE88C00C4E90C6040F229
:101FD000087243F233334CF6CD464CF28F25C2F2F1
:101FE0000002C4F2630349F69A17C4F20C16C3F652
:101FF000F555C3F6197782E8A800C2E903604CF6EC
:10200000CD430026C3F64C63C4F24836516100212B
:10201000C2E90736C2E90A0642F6B406C4E9070077
:10202000A563C4F22F31174615464FF08240C2F225
:10203000000645F8181F47F8240F3046BC21FEF76C
:102040005FFA06F1C400BC21FEF75AFA06F5C47027
:10205000BC21FEF755FA42F2F8709FED478AC2F2B2
:1020600000009FED440A243000215A46F0EE480A51
:1020700007F0EEFA9FED410ADFED410A06F1280074
:102080000021524607F0E4FA9FED3E9A06F17400F3
:1020900000214A46B0EE490AF0EE480A07F0D8FAA5
:1020A0009FED390ADFED390A06F5D87000212A467E
:1020B00007F0CEFA9FED360A06F5FE7000213A468B
:1020C000F0EE480A07F0C4FADFED320A06F1EC0040
:1020D00000214246B0EE490A07F0BAFA9FED2E0AF7
:1020E00006F59C7000212246F0EE480A07F0B0FA8F
:1020F00040F2A040C2F20000408B9FED281A00EE93
:10210000100AB8EE400A9FED262A31EE400A80EE12
:10211000021A4FF2000042F2F8719FED220AC4F257
:102120002B50C2F20001486041F20030C4F2077047
:102130000861084631EE011A21EE002AB4EE402A69
:10214000F1EE10FA02DD9FED1A2A08E09FED163A33
:10215000B4EE432AF1EE10FA05DA9FED142A21EECF
:10216000000A30EE022A80ED052ABDEC048B01B096
:10217000BDE8F08F00A08C45000000000000E144A5
:102180000000DC420080BB4400606A460000FA4563
:102190000000FA430000024300002F4400F02B45EA
:1021A00000F8FF4500003443000034C30000B4438E
:1021B0000000B4C3B0B52DED028BD0ED020AB6EE2F
:1021C000001AB0EEE00A044690F8C000B4EE410AEE
:1021D000F1EE10FA04DA18B9012084F8C00001E029
:1021E000012879D140F2BC30C2F2000094ED050A1A
:1021F00094ED071AC07A31EE400A022884ED080AED
:1022000073D094ED080ADFED930A04F1740007F02F
:102210005FF940F22005C2F2000594ED031A94ED37
:10222000262A95ED013A95ED004A23EE011A24EE97
:10223000422A94ED010A32EE418A04F12800F0EEC0
:10224000480A07F045F994ED050A9FED831A9FEDC2
:10225000832A20EE011A20EE022A21EE001A9FEDB9
:10226000803A31EE021A9FED762A31EE031A9FED85
:10227000753A20EE022A20EE033A22EE000A9FED84
:10228000722A40F20C6030EE030AC2F2000030EE17
:10229000020AB1EE412AB5EE408A80ED001A85EDC2
:1022A000040AF1EE10FAC8BFB0EE421A9FED6D2A93
:1022B000B0EEC83AB4EE423AF1EE10FA80ED011AEF
:1022C00022DD9FED692AB4EE421AF1EE10FA22DC0B
:1022D0009FED662A2EE000BF40F2BC31C2F2000141
:1022E000C97A62690229E26118D104F1280007F075
:1022F000A5F904F1740007F0A1F9B4F9261046F22B
:10230000A810814248DD51E0B3EE092AB4EE421A2A
:10231000F1EE10FA0CDD80ED012A12E0002849D020
:10232000B4F9261046F2A810814235DD3EE000BF28
:10233000BBEE092AB4EE421AF1EE10FAB8BF80EDF6
:10234000012A94ED081A9FED4A2AB0EEC11AB4EEA4
:10235000421AF1EE10FA10DA9FED462A0021B4EE8F
:10236000421AF1EE10FA416007DA94ED131A9FED6C
:10237000422A21EE021A84ED131A94ED131A30EE5C
:10238000410ABDEEC00A10EE100AE084B4F926102E
:1023900046F2A810814209DC49F65760CFF6FF707B
:1023A000814204DC49F65860CFF6FF70E084BDEC52
:1023B000028BB0BD94ED010A04F1280007F088F803
:1023C00094ED050A9FED1E1A9FED1E2A20EE011ABC
:1023D00020EE022A21EE000A9FED1B1A30EE020ABF
:1023E00040F2200030EE010AC2F2000080ED040A43
:1023F00040F20C6094ED022AC2F2000090ED001A47
:10240000B5EE402A9FED112AB1EE413AF1EE10FAF5
:10241000C8BFB0EE431AB4EE421AF1EE10FA80EDE6
:10242000011A03DD80ED012AA7E700BF9FED082A0E
:10243000B4EE421AF1EE10FAB8BF80ED012A9CE723
:10244000B7D180BD36CD9BBE71BD48C300008C4264
:1024500000008CC200000000744694BC4182423FE0
:102460003B5F93426666E63F0000C8420000C8C278
:10247000CDCC4C3E8FC2F53D6666663F0000000045
:102480002DE9F0412DED068B90ED019A0446B5EE55
:10249000409AB0EE608AF1EE10FA05D100209FED6F
:1024A0005A9AC4F2842060609FED581A40F20008E6
:1024B000B4EE410AF1EE10FAA8BFB0EE410ABAEE4E
:1024C0000E1AB4EE418AF1EE10FAD8BFB0EE418A8E
:1024D000B4EE480ACCF24838F1EE10FAC4F80080A5
:1024E00026D142F2F87042F6B404C2F20000002194
:1024F000C2F2000480F8221094F8840184F8C0101D
:10250000E161C4F8088038B9D4F8D800C4F8E00014
:1025100004F59C7007F092F8012084F8840184EDA2
:10252000388A84ED349ABDEC068BBDE8F08100BF9B
:1025300042F6B407C2F20007D7F8D800B0EE40AABE
:1025400013F00EFC054618EE100A0E4613F008FCB8
:102550009FED290B53EC102B12F03AFF2A4633461D
:1025600013F045FC30B997ED320A9FED2D1A9FED1F
:102570002D2A14E01AEE100A13F0F2FB9FED200B47
:1025800053EC102B12F024FF2A46334613F028FC9C
:1025900000BB97ED320A9FED201A9FED202A20EE16
:1025A000010A30EE029A84ED019A42F2F870C2F20A
:1025B0000000002180F8221087F8C010F961C7F8E8
:1025C000088087F8841187ED339ABDEC068BBDE84F
:1025D000F08100BFB5EE409AF1EE10FA08DAB5EEE0
:1025E000409AF1EE10FAE0DC9FED0A9ADBE700BFBB
:1025F0009FED079AD7E700BF000000000000F03F02
:10260000000000000000F0BF000084420000004213
:102610009A992B429A992BC2CDCC0C3F9999EDC136
:10262000CDCCCC3E67661E4288B042F69460C2F2C2
:10263000000002210224FEF753FAFFF761FC40F28A
:10264000BC30C2F20000C47264200FF0D9FBFFF767
:102650004FFA42F6B405C2F200056869D5F8D81001
:10266000E86105F1C400069005F5C470059005F514
:102670009C70049005F1EC00D5F89C2140F2985A2A
:10268000DFEDB9EADFEDB9FA9FEDB9CA9FEDB9DA2E
:10269000079005F128009FEDED8A9FEDED9A9FEDE3
:1026A000EDAA9FEDEDBA9FEDEFEA9FEDEFFADFEDBA
:1026B000EF8ADFEDEF9ADFEDEFAADFEDEFBADFEDA6
:1026C000EFCADFEDEFDAC2F2000A4FF00008039024
:1026D00005F17400C5F8E010C5F8A42102905EE091
:1026E00042F66C60C2F2000001210022FEF7D2F92E
:1026F00001200FF085FB42F69464C2F200042046EC
:1027000002210022FEF7C6F901200FF079FB2046D6
:102710004FF4FF7100220023CDF80080CDF8048033
:10272000FEF734F9049806F089FF079806F086FF53
:10273000D5F8D800A5F8EA80C5F8E000029806F0C0
:102740007DFF039806F07AFF6869A5F82680E861A6
:1027500005F5FE7006F072FF05F5D87006F06EFF05
:10276000D5F89C01A5F8AE81C5F8A401B5F9EA0039
:10277000D5ED420A95ED320AD5ED363AD5ED381A47
:1027800095ED391A02EE100AD5ED442A95ED573A27
:10279000B8EEC22A0CF078FA01200FF031FBFFF7F7
:1027A000A7F99AF80C009AF80F10884200F0C08040
:1027B000002860D1DDF80C80404606F03FFF029E05
:1027C000304606F03BFF05F5D877384606F036FF71
:1027D00005F5FE79484606F031FF079806F02EFF12
:1027E000DDF810B0584606F029FF40F20C64C2F242
:1027F000000404F1140240460021B0EE480AF0EE55
:10280000490A4FF0000806F023FF04F12002304689
:102810000021B0EE4A0AF0EE4B0A06F019FF40F232
:102820000876C2F200069FED8D0ADFED8D0A06F1F3
:1028300018023846002106F00BFF06F12402484634
:102840000021B0EE4E0AF0EE4B0A06F001FF0798A9
:1028500004F12C020021B0EE4A0AF0EE4F0A06F015
:10286000F7FE04F1380258460021B0EE680AF0EE97
:102870004B0A06F0EDFE40F27650C2F200000078FE
:10288000022855D105F5D874204606F0D7FE05F587
:10289000FE77384606F0D2FEDDF81C90484606F07A
:1028A000CDFE049E304606F0C9FE40F20C6BC2F22B
:1028B000000B03980BF144020021B0EE480AF0EE41
:1028C000490A06F0C5FE02980BF150020021B0EE55
:1028D0004A0AF0EE4B0A06F0BBFE0BF15C02204602
:1028E0000021B0EE690AF0EE6A0A06F0B1FE0BF1C3
:1028F000680238460021B0EE6B0AF0EE6C0A06F072
:10290000A7FE40F20874C2F20004484600212246A5
:10291000B0EE6D0AF0EE4F0A06F09AFE04F10C02DA
:1029200030460021B0EE6D0AF0EE4B0A06F090FE44
:102930009AF80D0001284CD19AF80E10012948D0C0
:1029400040F2FC41C2F20001896A95ED360A01EEBF
:10295000101A30EE010AB4EE6E0AF1EE10FA0BDD39
:1029600030EE2F0A0FE000BF000034430000B4C374
:10297000000034C30000B443B4EE4C0AF1EE10FA88
:10298000B8BF30EE0D0A40F2FC41C2F20001496AC4
:1029900095ED051A02EE101A31EE021AB4EE6E1A17
:1029A00040F28C51F1EE10FAC2F2000181ED000A02
:1029B00002DD31EE2F1A06E0B4EE4C1AF1EE10FAF9
:1029C000B8BF31EE0D1A40F28851C2F2000181ED1C
:1029D000001A9AF80C108AF80E0006988AF80F1060
:1029E000FFF7E8FB0599284600F04CF840F2BC30B0
:1029F000C2F20000C07A00F0FD0001287FF470AE42
:102A0000B5F9262042F66C60B5F9EA40B5F9AE7129
:102A1000C2F200000121FEF73DF801200FF0F0F9AD
:102A200042F69466C2F20006304602212246FEF7C4
:102A300031F801200FF0E4F930464FF4FF71002225
:102A40000023CDE90078FDF7A1FF8FE60000E14407
:102A50000000DC420080BB440000000000606A46C9
:102A60000000FA450000FA430000024300002F4432
:102A7000000080460080A2440000A04300004843BC
:102A80000000FA4470B542F2F876C2F2000696F8F9
:102A900022200C46022A054636D0012A1ED0002AE2
:102AA00018BF70BDD5ED020AB6EE001AB0EEE00A0E
:102AB000B4EE410A0021F1EE10FA85F8C1103DDABA
:102AC0000122284600F8C02F50F8AC2CDFEDB50AE3
:102AD00040F8A42C40F8B81C35E000BF94ED020A81
:102AE000012085F8C000B0EEC00AB6EE001A94F8D6
:102AF000C000B4EE410AF1EE10FA67DA002865D1A1
:102B0000012084F8C00063E096ED020ADFEDA50A1B
:102B100006F1240006F0DCFC94ED040A9FEDA22AE5
:102B200096ED121AB4EE420AF1EE410AF1EE10FAF5
:102B3000C5ED020A5CDD9FED9F1A62E0284610F8A1
:102B4000C01F01291FD195ED050A95ED071A9FEDCC
:102B5000962A31EE400AB4EE420AF1EE10FA03DD95
:102B60009FED941A09E000BF9FED901AB4EE410A60
:102B7000F1EE10FA03DA9FED8E1A30EE010A002111
:102B800085ED080AE96094ED040A9FED871AB4EE1A
:102B9000410AF1EE10FA03DD9FED861A09E000BF4D
:102BA0009FED821AB4EE410AF1EE10FA03DA9FEDBE
:102BB000801A30EE010A012184F8C010007800214B
:102BC00084ED080AE16018BB37E000BF012844D15A
:102BD00094ED050A94ED071A9FED732A31EE400A31
:102BE000B4EE420AF1EE10FA2ADD9FED721A30E0DF
:102BF0009FED6E1AB4EE410AF1EE10FA03DA9FED82
:102C00006C1A30EE010A95F8C00084ED080AA0B1F4
:102C1000012840F0C18095ED080ADFED620A05F158
:102C2000740006F055FC42F6B400C2F2000095EDC7
:102C3000260A90ED631A70EE410A95ED010AA0E0B4
:102C40009FED5A1AB4EE410AF1EE10FA03DA9FED45
:102C5000581A30EE010A84ED080A94ED040A9FED3B
:102C6000561AB0EEC02AB4EE412AF1EE10FA1DDA7F
:102C700095F8C10040BBB4EE410AF1EE10FA23DA38
:102C80009FED4E1AB4EE410AF1EE10FA1CDD95EDFF
:102C9000050A002084F8C1000120B0EE401A85ED3D
:102CA000070A85F8C00085F8C10011E09FED3F1AC2
:102CB0000120B4EE410AF1EE10FA84F8C10013DAF3
:102CC0009FED3C1A19E000BF95ED050A95ED071A36
:102CD0009FED3B2A31EE400AB4EE420AF1EE10FAC3
:102CE0000EDD9FED321A14E09FED2F1AB4EE410A6B
:102CF000F1EE10FA24DD9FED2E1A31EE400A21E0AC
:102D00009FED301AB4EE410AF1EE10FA03DA9FEDAE
:102D1000261A30EE010A95F8C01085F8C20094F822
:102D2000C100B1EE400A012985ED080A84F8C2000D
:102D300015D089BB95ED010AD5ED020A21E000BF4F
:102D4000B1EE400AA5F8C000002085F8C20094F852
:102D5000C100B1EE400A85ED080A84F8C200DFED3B
:102D6000110A05F1740006F0B3FB42F6B400C2F29A
:102D7000000095ED261A90ED632A95ED010A71EE9B
:102D8000420A05F1280006F0A3FB95ED130ABDEEFB
:102D9000C00A10EE100AE8842046BDE87040FEF735
:102DA0001FBE00BF0000000000003443000034C319
:102DB0000000B4430000B4C300008242000082C29D
:102DC0000000B4420000B4C270B581B0002200928D
:102DD00090F83C20012A03D1022001B070BD00BF51
:102DE000D1F800E001221FFA8EFC4FEA4C0380F874
:102DF0003C200EEB4E0213FA8EF31024BEF1090FA5
:102E000088BFA3F11E0288BF0C24036807251E5942
:102E1000954026EA05051D518D681E5905FA02F2F6
:102E200032431A514968062906D801EB81014A1F2D
:102E3000194651F8345F0EE00C2901EB810105D8E9
:102E4000A1F12302194651F8305F04E0A1F14102DB
:102E5000194651F82C5F1F24944025EA04040C60A5
:102E60000CFA02F20C6842F2043CC4F2010C224358
:102E7000ACF54174A3420A603ED1BEF1120F07D1F6
:102E8000DCF8001041F48001CCF8001034E000BF01
:102E90002EF0010110292FD1DCF80010BEF1100F27
:102EA00041F40001CCF8001026D140F2B401C2F286
:102EB000000109684DF68362C4F21B32A1FB0212C5
:102EC000910C01EB8101490000910099A1B1009999
:102ED00001390091009979B1009901390091009967
:102EE00051B1009901390091009929B10099013936
:102EF000009100990029EAD1002180F83C100020BF
:102F000001B070BD002804BF0120704710B5016CEE
:102F100000293DD0016CC90645D4016C41F2021272
:102F20009143023142F204320164C4F20102116899
:102F300021F440311160136890E812102343D0F857
:102F400010E013604A68012422F480724A604A68E3
:102F5000C0F6007442EA0E224A604A6822F04072CB
:102F60004A604A6842EA0C024A608A6822F40062B7
:102F70008A60C2688B681A438A60826A8B68A24240
:102F800023F070638B608B6810D123F0405216E001
:102F9000044600F065F820460021616484F83C1086
:102FA000016CC906B9D5012153E000BF1A438A60FC
:102FB0008A6822F040528A60C26A8B681A438A602B
:102FC0008A6822F002028A608A68037E90F82040B4
:102FD00042EA43028A604A6884B142F400624A606D
:102FE0004A684EF2000322F460424A60426ACFF619
:102FF000FF734C6803EB4232224301E022F400628B
:103000004A60CA6A40F2000C22F47002CA62C369C4
:103010004269CFF6F07CCC6A0CEB03532343CB62BE
:103020008B6823F400738B6090F830308C6844EA2E
:1030300043238B608B6823F480638B608B6843EA47
:1030400082228A6000214164026C012363F3010241
:103050000264002280F83C20BDE81040084670471A
:1030600080B586B0006842F20022C4F2010200215D
:103070009042CDE90411CDE90211019116D042F23E
:103080000001C4F20101884238D10020009043F6CB
:103090004400C4F20200016841F4807101600068DC
:1030A00000F480700090009806B080BD43F64400A4
:1030B0000091C4F20200026842F480620260026879
:1030C00002F480620092009A009150F8142C42F0B1
:1030D000200240F8142C50F8140C00F0200000904E
:1030E00000984FF4806001900320CDE9020141F285
:1030F0000040C4F2020001A900F02AFF06B080BD22
:1031000090F82020013A012A08D8006800F1140242
:103110000020136819431160704700BF00F12402BA
:1031200001204FF48021136819431160704700009B
:1031300010B590F820E0D0F800C0AEF1010EBEF15D
:10314000010FDCF808E011D81EF0E05F18D0CEF3D4
:1031500001640120A04018608B68DBB1D1F804E065
:10316000C86840EACE0040EA030E17E000F12403ED
:1031700001204FF480211A681143196010BD00BF6F
:1031800000F1240301204FF400111A681143196063
:1031900010BD00BF0868CB6843EA405E0CF5C07004
:1031A00000EB0413240140F804E00C69184640F8D1
:1031B000044F097D012903D1016841F48071016048
:1031C00050680121D8601068986000201A68114387
:1031D000196010BD90F82020013A012A30D8B0B50E
:1031E00046F20060C4F20000026842F00102026090
:1031F000026822F47C520260D1F814E0CC694A6A79
:103200000368012C43EA022202600EF01F024FF015
:10321000010303FA02F2C3696FEA020C23EA020314
:10322000C36113D02CBBC36803EA0C03C360CB6833
:103230008C8844EA034300EBCE0423640B4611E080
:10324000416A41F48021416201207047C368134301
:10325000C3600B688C8844EA034300EBCE0423640C
:1032600001F10C038C681B8843EA044300EBCE0495
:10327000636443688D6943EA0204D1F810E0096A87
:10328000002D08BF03EA0C0444604369BEF1000F3F
:1032900043EA020408BF03EA0C040129446102D195
:1032A000C1691143C161016821F001010160002081
:1032B000B0BD000070470000B0B590F82040013C60
:1032C000012C7DD8D0F800C000290CBFDCF80C40E0
:1032D000DCF81040A4077DD00CF5D8754FEA011C2E
:1032E00055F80C4014F00404946055F80CE005EB1C
:1032F000011C19BF4FEADE0555604FEA5E551560A7
:10330000DCF80050E64605F00205D5605EF8044F93
:1033100024075ABFDEF8004004F00F0408241461AB
:10332000DEF800400029C4F307249461DEF8005061
:103330004FEA15455561DCF808201A70026802EB67
:103340000112D2F8B8214FEA12225A70026802EB39
:103350000112D2F8B8214FEA12429A70026802EBC9
:103360000112D2F8B8214FEA1262DA70026802EB59
:103370000112D2F8BC211A71026802EB0112D2F8D4
:10338000BC214FEA12225A71026802EB0112D2F8F4
:10339000BC214FEA12429A71026802EB0112D2F884
:1033A000BC214FEA1262DA7100680CBF00F10C0117
:1033B00000F11001002020220B681A430A60B0BD02
:1033C00000F1240101204FF480220B681A430A60A7
:1033D000B0BD00BF00F1240101204FF400120B68C2
:1033E0001A430A60B0BD000090F82010013901298D
:1033F00084BF002070470068816882688068C1F3DC
:103400008061C2F3C0621144C0F300700844704789
:103410002DE9F04F81B0044600684669D0F8049069
:103420008768D0F80CB0D0F810A0D0F81880F10759
:1034300004D1002530071DD424E000BFF90710D0C7
:103440000121BA07816009D4780700F1AF803807FD
:1034500000F1B680204600F06FFA02E0204600F04E
:103460006DFA0025F80500F18780F80300F1B180BE
:10347000300707D51BF0100004D0206845F4007514
:103480001021C160700708D51BF0080005D0206826
:103490000821C160204600F0F5F9B00706D5206884
:1034A000C068800702D0204600F0EEF9700607D50C
:1034B0001AF0100004D0206845F4806510210161E5
:1034C000B00608D51AF0080005D02068082101616F
:1034D000204600F0FDF9F00606D520680069800757
:1034E00002D0204600F0F6F9B00308D519F010001C
:1034F00005D0206810214160204600F0EDF9F0036E
:1035000008D519F0080005D0206808214160204640
:1035100000F01EFA300440F19B805FEA497040F1F0
:10352000948006F4807008EA102028435FEA8871CE
:10353000014648BF41F00201B20558BF01465FEAAB
:1035400048700D4648BF45F00405700558BF0D464C
:10355000300540F17A8018F0700000F07680103865
:10356000000905286CD8DFE800F003655D61596942
:1035700045F0080564E000BF20684FF48071BA058B
:1035800081600BD4780515D438051DD4204600F091
:10359000D7F9F8037FF56CAF1BE000BF204600F0C1
:1035A000D1F9F8037FF564AF13E000BF4FF4006575
:1035B00058E700BF05F50055F8037FF559AF08E05F
:1035C0004FF480554EE700BF05F58045F8037FF5C1
:1035D0004FAF20684FF48031BA0381600AD478037A
:1035E00010D4380314D4204600F0AEF930073FF56C
:1035F00041AF47E7204600F0A9F930073FF53AAF61
:1036000040E700BF05F5004530073FF533AF39E728
:1036100005F5803530073FF52DAF33E745F08005E0
:103620000EE000BF45F020050AE000BF45F0400570
:1036300006E000BF45F0100502E000BF45F48075CC
:103640002068816921F07001816120680421416056
:1036500055B1606A40EA05012046616201B0BDE8EB
:10366000F04FFFF727BE00BF01B0BDE8F08F0000AC
:10367000002804BF01207047B0B5044690F8200030
:1036800010B9204600F06EF82068016841F0010191
:10369000016000F033FD054620684168C90705D187
:1036A00000F02CFD401B0B28F6D310E0016821F040
:1036B0000201016000F022FD054600BF206841685C
:1036C00089070DD500F01AFD401B0B28F6D3606A60
:1036D000052140F400306062012084F82010B0BD64
:1036E000217E0268012922F0800208BF8032026038
:1036F000617E0268012922F0400208BF4032026068
:10370000A17E0268012922F0200208BF2032026057
:10371000E17E0268012922F0100218BF1032026017
:10372000217F0268012922F0080208BF08320260E6
:10373000617F0268012922F0040208BF043202609E
:10374000D4E901C2D4E9033561691A432A4311431C
:10375000ACF101021143C16100200121606284F8D3
:103760002010B0BD10B586B0006846F60002C4F265
:10377000000200219042CDE90411CDE9021101912E
:1037800034D046F20041C4F20001884277D140F6BD
:10379000C001C2F200010A6843F64000C4F2020010
:1037A000531C0B6052B900210091016841F0007177
:1037B0000160016801F00071009100990021009101
:1037C00050F8101C142441F0080140F8101C50F867
:1037D000100C032100F008000090009840F2004017
:1037E000C4F2020000F5006035E000BF43F640007F
:1037F000C4F202000091016841F08061016001683B
:1038000001F080610091009940F6C001C2F2000110
:103810000A68531C0B6052B900210091016841F005
:1038200000710160016801F00071009100990021B0
:10383000009150F8101C402441F0020140F8101C87
:1038400050F8100C602100F002000090009840F247
:103850000040C4F202000191022102910021039173
:10386000032104910921059101A900F071FB204673
:103870000521002200F0E4FF204600F0CFFF06B053
:1038800010BD000070470000B0B540F26445C2F2C0
:10389000000505F1200205F1180300210446FFF799
:1038A0000BFD42F66C60C2F2000084420AD042F680
:1038B0009460C2F20000844218BFB0BDBDE8B040C1
:1038C000FDF794BC286ABDE8B040FDF715BA0000CA
:1038D000704700007047000070470000B0B5044614
:1038E00090F8200001281DD1022084F820002068D3
:1038F000016821F00101016000F000FC054600BFF5
:1039000020684068C00713D000F0F8FB401B0B286C
:10391000F6D3606A40F400306062052084F820002D
:103920000120B0BD606A40F4002060620120B0BD9B
:1039300000206062B0BD00007047000070470000CA
:10394000704700007047000070470000704700009B
:1039500070470000002804BF01207047417919B169
:10396000012141710020704710B50021017104460A
:1039700000F008F82046BDE8104001214171002008
:103980007047000043F63001C4F202010068A1F55F
:103990000362904218BF704781B000200090086811
:1039A00040F480500860086800F48050009000984F
:1039B00001B0704770B5866D044600F09FFB94F827
:1039C0003510022928D105462068216C026822F0B2
:1039D00016020260426922F08002426109B9A16CBC
:1039E00019B1016821F008010160016821F00101AD
:1039F000016000BF20680068C00715D000F07EFBA2
:103A0000401B0628F6D320206065032084F835008B
:103A1000002184F8341070BD8020606501200021F1
:103A200084F8341070BD00BFE06D3F2101FA00F052
:103A3000B060012084F835000020002184F83410A3
:103A400070BD000090F83510022909D1052180F8D9
:103A500035100068016821F0010101600020704705
:103A60008021416501207047F0B581B000210091AF
:103A700040F2B401C2F200010B68D0E9166148F2CD
:103A8000B51537680822C1F64E358A403A42A3FB85
:103A900005350CD003681C68640708D51C6824F041
:103AA00004041C60B260426D42F0010242650122D2
:103AB0008A403A4208D003685B691B0604D5B260AD
:103AC000426D42F00202426504228A403A4208D026
:103AD00003681B689B0704D5B260426D42F0040284
:103AE000426510228A403A4219D001680B681B07D0
:103AF00015D5B2600B680A685B0309D4D20509D4F6
:103B00000A6822F008020A60016C29B907E000BFC8
:103B1000110341D4016C11B1044688472046C26D9F
:103B2000202101FA02F33B4243D001680F68FF06EF
:103B30003FD5B36090F835700B68052F1CD123F08A
:103B400016030B604B6923F080034B61036C0BB9C8
:103B5000836C1BB10B6823F008030B603F2191407D
:103B6000B160012180F83510016D0022002980F834
:103B7000342054D158E000BF0A685B0310D4D2054A
:103B800012D40A6822F010020A60012180F8351070
:103B9000002180F8341007E0816C0029BCD1BEE719
:103BA000110301D4416C00E0C16B11B10446884798
:103BB0002046416DC1B3416DC9072ED0052180F863
:103BC00035100168AA0A0B6823F001030B60009B03
:103BD0000133934200931AD80B68DB0717D0009B80
:103BE00001339342009312D80B68DB070FD0009B80
:103BF0000133934200930AD80B68DB0707D0009B80
:103C000001339342009302D80B68DB07DFD1012117
:103C100080F83510002180F83410C16C21B101B05A
:103C2000BDE8F040084700BF01B0F0BD2DE9F0410C
:103C3000044600F063FAECB10546022084F8350032
:103C40000020216884F83400086820F00100086032
:103C500021680868C00711D000F050FA401B052801
:103C6000F6D9032520230320636584F83550BDE889
:103C7000F08100BF0120BDE8F08100BF086848F274
:103C80003F02CFF21002D4E9013500EA020C04F140
:103C90000C0898E8C10143EA0C032B431843D4E90C
:103CA000072E304338431043626A40EA0E00042A6C
:103CB00040EA08031CD1206BD4E90A2E40EA0E002A
:103CC000184308604869BEF1000F20F0030040EA85
:103CD000020040F0040C11D0B8F5005F36D0B8F106
:103CE000000F45D1022A46D0012A3BD032B942E02A
:103CF0000B60486920F0070040EA020C01F0F80070
:103D00004AF6AB221038CAF6AA22A0FB02231A09EF
:103D100046F2BA33C1F814C0C0F601039A5C40F20F
:103D2000FF335F284FF03F0021EA030100FA02F061
:103D300088BF0431C4E916128860002301250020E1
:103D4000636584F83550BDE8F08100BF032AD5D8FB
:103D5000012540230120DFE802F0030E030500BF28
:103D600082E700BFAEF1C070B0FA80F0400904E015
:103D7000032A04D3C2D1CEF300600028BED00125AF
:103D800040230120636584F83550BDE8F0810000D0
:103D900090F834C0BCF1010F04BF0220704770B529
:103DA0004FF0010C80F834C0D0F858E090F835C0DE
:103DB000BCF1010F38D14FF0020C80F835C04FF044
:103DC000000CC0F854C0D0F800C08468056CC06D09
:103DD000DCF80060402C26F48026CCF80060CCF89B
:103DE00004300B4604BF13460A463F2101FA00F097
:103DF000CCF80830CCF80C20CEF80800DCF8000035
:103E000040F01600CCF800002DB1DCF8000040F0C6
:103E10000800CCF80000DCF8000040F00100CCF80D
:103E20000000002070BD00BF002180F83410022087
:103E300070BD0000B0B5044600F060F9054640F2E0
:103E40001000C2F200000078611C18BF044400BFDB
:103E500000F054F9401BA042FAD3B0BD10B50138B0
:103E60001F2800F26780DFE800F011656565656571
:103E70006547656565656565653165656565656544
:103E80006565656565656565655300BF40F23874B5
:103E9000C2F20004012060710FF0A4FD012849D096
:103EA000E06904F124010EF011F8606A002808BFEF
:103EB00010BD4EF60450CEF200004FF0805101606C
:103EC000BFF34F8FBFF36F8F34E000BF09200CF0BA
:103ED0002FF840F23870C2F20000417841F0010141
:103EE0004170817841F001018170007910B3BDE823
:103EF00010400CF087BB00BF0A200CF019F840F20C
:103F00003870C2F20000C17841F00101C17010BDEB
:103F100008200CF00DF840F23870C2F20000017871
:103F200041F001010170007920B1BDE810400CF0B2
:103F300069BB00BF10BD000043F61441C4F201018B
:103F40000A68024214BF08607047FFF787BF00008D
:103F50002DE9F04F83B000F1200200F13E4741F619
:103F60000045009207F1FF77C4F2020508224FEAEC
:103F7000B726A84208BF072200254FF000084FF0DF
:103F80000009072E38BF4FEAB72201920AE000BFAE
:103F900009F1010908F10208B9F1100F05F1040552
:103FA00000F0A2800F68012202FA09FE17EA0E0A49
:103FB000EED0D1F804C003220CF003077E1E02FAF3
:103FC00008F4012E6FEA040B12D88468CE6804EA64
:103FD0000B0406FA08F634438460446824EA0E06AB
:103FE000CCF3001404FA09F42643466004E000BF51
:103FF000032F01D103271EE0C6688C6806EA0B0672
:1040000004FA08F42643022FC66014D16FF00302AD
:10401000009E02EA590756F807C005F01C040F225B
:104020000B69A2402CEA0202A3401A43F251D1F8D4
:1040300004C00CF00307026807FA08F302EA0B0257
:104040001A431CF4403F0260A2D0002243F644030E
:104050000292C4F202031A6843F6004442F480421A
:104060001A601A68C4F2010402F480420292029AB1
:1040700029F003024FF6084C2244CFF6FF7C52F899
:104080000C3005F00C070F26BE40B343019E06FA24
:1040900007F73B4342F80C30A2684B6842EA0A0734
:1040A00043F60C4CDE0258BF22EA0A07A760C4F2AE
:1040B000010CDCF800209E0242EA0A0758BF22EAFF
:1040C0000A07CCF8007062689E0342EA0A0758BFEC
:1040D00022EA0A0767602268DB0342EA0A0758BF40
:1040E00022EA0A07276053E703B0BDE8F08F00001B
:1040F000002A08BF090481617047000049F6A050FA
:10410000C2F2000000687047002804BF0120704719
:10411000F0B581B0044690F83D0028B9002084F83D
:104120003C00204600F07CFA242084F83D00206802
:10413000016821F001010160016841F40041016062
:10414000016821F40041016001F0A6FC636848F2B7
:10415000A16CC0F2010C40F60011C0F23D016345B4
:104160003CBF48F28041C0F21E01884202D20120C9
:1041700001B0F0BD4DF68361C4F21B31A0FB01120A
:104180002168970CD1F804E04FF496762EF03F05A5
:1041900045EA92454D60774348F638160D6AC0F2FD
:1041A0004106A7FB067625F03F07634538BF960C0E
:1041B000721C3A430A62CA6948F2A0664CF6FF775D
:1041C000C0F20106B34222EA07020BD801385B00B5
:1041D000B0FBF3F001306FF31F30042898BF0420C8
:1041E0001BE000BFA768013857B119277B43B0FB1C
:1041F000F3F001306FF31F3070B100F5804007E03D
:1042000003EB4303B0FBF3F001306FF31F3018B141
:1042100000F5004001E000BF01201043C8610868BC
:10422000D4E9072320F0C0001043184308608868D1
:1042300048F2FF3204F10C0790438CCF184310432F
:10424000A6698860C86820F0FF0038433043C86022
:10425000086840F00100086000202021206484F8F4
:104260003D10206384F83E0001B0F0BD2DE9F04719
:1042700084B0994616460F460446FFF73FFF94F870
:104280003D10202927D10546206800BF8169890794
:104290001CD5FFF733FF411B20681A29F6D381692B
:1042A0008907F3D500202021206384F83D1084F88D
:1042B0003E00206C04F13C0A40F020002064022003
:1042C00000218AF8001004B0BDE8F087A2461AF871
:1042D0003C1F012904D1022004B0BDE8F08700BFD3
:1042E00001228AF800200368DDE90D180C9ADB072B
:1042F00003D1036843F001030360036823F4006300
:104300000360222084F83D00402084F83E00002015
:10431000206462626185608D394620850020CFF679
:10432000FF70E062204632464B46CDE9008503F03F
:104330000DFA18B1012004B0BDE8F087208D08B354
:10434000022813D0012835D121680A6822F480623E
:104350000A60002203924A6903928A690392039ACF
:104360000A6842F400720A602CE000BF21680A6803
:1043700022F480620A600A6842F400620A60002245
:1043800003921AE00020039020684169039181693B
:1043900003910399016841F400710160202084F8C1
:1043A0003D00002084F83E0000218AF8001004B08F
:1043B000BDE8F0870021039121684A690392896969
:1043C000039103990427C0F201070CE010690870FB
:1043D000606A218D01306062481E2085618D01393F
:1043E00061850104DAD080B203280FD802284AD0B0
:1043F00001282DD1204641462A4603F045FC0028DD
:1044000098D12068616A0069E1E700BF2046414613
:104410002A4603F039FC00287FF48CAF2068616ADB
:1044200000690870606A2268411C208D6162013851
:104430002085638D013B638553695B07D1D580B2CD
:104440000328C3D1106820F480601060BEE700BF6D
:104450002046394600224346009503F0C3FA00285F
:104460007FF468AF2068616A026822F480620260AB
:1044700000690870606A218D01306062481E2085E5
:10448000608D0138608520463946002243460095FC
:1044900003F0A8FA00287FF44DAF2068616A026833
:1044A00042F40072026000690870606A2268411C70
:1044B0006162218D01392185618D01396185116923
:1044C000417085E72DE9F04383B0994616460F46C3
:1044D0000446FFF713FE94F83D10202924D1054629
:1044E000206800BF816989071AD5FFF707FE411BC5
:1044F00020681A29F6D381698907F3D50020202185
:10450000206384F83D1084F83E00216C41F02001C6
:10451000216484F83C00022003B0BDE8F08300BFB2
:1045200094F83C10012903D1022003B0BDE8F083C8
:10453000012284F83C200368DDE90B180A9ADB07A6
:1045400003D1036843F001030360036823F40063AD
:104550000360212084F83D00402084F83E000020C4
:10456000206462626185608D394620850020CFF627
:10457000FF70E062204632464B46CDE9008503F0ED
:104580006FF918B1012003B0BDE8F083208D98B910
:10459000204641462A4603F0C7F988B3206C042818
:1045A000F0D12068016841F400710160012003B07E
:1045B000BDE8F0830004EBD0204641462A4603F0D4
:1045C000ABFB0028EAD1616A2268084610F8013B7B
:1045D0001361238D6062581E2085678D013F6785BA
:1045E00057697F07E6D50704E4D048781061881C36
:1045F0006062981E2085618D01396185DAE700BF10
:104600002068016841F400710160202084F83D00B9
:10461000002084F83E0084F83C0003B0BDE8F0833D
:104620002DE9F04786B045F600460068C4F2000662
:104630000025B0420595CDE903550295019503D0BB
:1046400006B0BDE8F08700BF43F630070095C4F21E
:104650000207386801AC40F00400386038684FF059
:10466000120800F0040000900098009538684FF0A0
:10467000030940F00100386038684FF0040A00F088
:104680000100009000984FF40070019006F5D630BC
:104690002146CDE90285CDF81090CDF814A0FFF7A2
:1046A00057FC4FF48070CDE9010803A880E820068C
:1046B00006F5D2302146FFF74BFC0095386940F4EF
:1046C00000003861386900F400000090009806B0DE
:1046D000BDE8F08740F2100049F6A051C2F2000098
:1046E000C2F2000100780A681044086070470000B8
:1046F00080B543F60040C4F20200016841F4007145
:104700000160016841F480610160016841F48071D9
:104710000160032000F0C0F80F2000F005F800F061
:104720005BF8002080BD000070B586B0002543F620
:1047300040010195C4F202010A68044642F00102F8
:104740000A60096801A801F0010101910199694617
:1047500001F07CF9049E002E18BF012601F09CF99F
:104760004DF68361B040C4F21B31A0FB01014FF054
:10477000FF3000EB914143F28470C2F200004FF031
:10478000804240F2E733C0E90021C0E902530561ED
:10479000856101F0A9FE08B106B070BD43F28470D6
:1047A000C2F2000001F024FF0028F5D11C2000F027
:1047B00035F80F2C0CD81C202146002200F040F8C0
:1047C00040F214010020C2F200010C6006B070BD7E
:1047D000012006B070BD000082B0002043F6400109
:1047E0000190C4F202014A6842F480424A604A6879
:1047F00002F480420192019A00900868002240F081
:104800008050086008680F2100F0805000900098E8
:104810006FF0010002B000F013B80000002848BF9C
:10482000704700F01F01012202FA01F11C2202EA86
:10483000D0004EF20012CEF200028150704700000C
:1048400010B54EF60C5CCEF2000CDCF80030C3F371
:10485000022E8EF00704042C28BF0424BEF10303AB
:104860004FF0FF3E0EFA04F438BF0023A1439940F5
:104870000EFA03F39A43114300F00F0200F1604374
:104880000901043A03F564436244002848BF02F179
:104890000C03197010BD00004EF60C51CEF2000151
:1048A0000A684FF6FF031A4060F30A2242F0806064
:1048B00040F0FD70086070477047000002680020FB
:1048C000516270472DE9F041D0F80080D8F82430CB
:1048D00091B1D8F82870B1F1010C03EB17414FD01A
:1048E0005FFA8CF708F58273042F0CF0030E0BD2DD
:1048F000002700242BE000BF43EA02410020C8F853
:104900002810BDE8F08100BF0CF0FC0508F1F406AA
:10491000002400BF56F8107F44F0020001EB17415D
:1049200044F00107FFB253F82770C0B253F82000DB
:1049300001EB174101EB104044F00301C9B253F8F9
:1049400021100434E7B2AF4200EB1141E2D1BEF1D5
:10495000000F15D053F82700BEF1010F01EB1041F5
:104960000ED0601CC0B253F82000BEF1020F01EB64
:10497000104105D0A01CC0B253F8200001EB10413B
:1049800041EA024008EB8C01C1F804010020BDE8B7
:10499000F0810000D0F8E00408F00ABA01EBC1028F
:1049A000D0F8E03400EB8200026A184608F064B9DF
:1049B00001EBC102D0F8E03400EB8200D0F86022B5
:1049C000184608F0B7B90000D0F8E00408F0F2B9D2
:1049D00010B54FFA81FC4FF4157201F00F0EBCF1C7
:1049E000000F48BF142290F8944402440EEBCE030B
:1049F0004FEAD11C02EB8301012C81F801C002F8BF
:104A000023E004BF022010BD0268012380F8943423
:104A10000446104608F0CCFF002084F8940410BD32
:104A2000B0B5037901F00F029A4284BF0120B0BDF6
:104A30004BB24FF41574002B48BF142400EB040E46
:104A400090F8944402EBC2034FEAD11C0EEB8301B1
:104A5000012C4FF0000481F801C08C700EF8232067
:104A600004BF0220B0BD0268012380F894340546DB
:104A7000104609F091FA204685F89444B0BD000034
:104A800001F00F0101EBC10100EB8100D0F86802D9
:104A90007047000010B54FFA81FE01F00F0CBEF117
:104AA000000F6FF3DF220CEBCC010DD400EB810E75
:104AB00000240EF515718EF855428EF854C2CEF8CA
:104AC0005C228EF8583209E000EB810101F814CF26
:104AD00001244C708A600B71A1F81AC0022B04BF2C
:104AE00000224A7190F89424012A04BF022010BDCC
:104AF0000268012380F894340446104608F0CAFD89
:104B0000002084F8940410BD10B501F00F0E0EEBD8
:104B1000CE0100EB81044FF0000CC4F868C284F8A9
:104B200055C290F806C004F51571C4F86022C4F8A7
:104B30006432BCF1010F84F854E208BFCA61006816
:104B4000624609F073FA002010BD0000B0B502798A
:104B500001F00F0494424FF001022CD84BB24FF4F5
:104B60001575002B48BF14254FEAD11C48BF2146BC
:104B7000054401EBC10305EB830181F801C090F806
:104B800094C48A70BCF1010F05F8234004BF0220D1
:104B9000B0BD02680123054680F89434104609F040
:104BA00025FA2CB92868A97905F29C4209F0C6F9C2
:104BB000002285F894241046B0BD000001F00F0CCF
:104BC0000CEBCC0100EB810101F814CF4FF0000C8D
:104BD0000B618379C1F814C04FF0010CCA60012B3E
:104BE00081F801C008BFCA6180B500681A4609F0A3
:104BF0001DFA002080BD00002DE9F04F87B0056848
:104C00008246284609F02EFC10B107B0BDE8F08FAF
:104C1000DAF8000009F054FC0028F6D0D5F80808AE
:104C2000C0F30D21DAF80000CAF8D41409F048FCEA
:104C30000146DAF80000890703D5416901F0020155
:104C4000416105F50061049109F03AFC0146DAF88A
:104C50000000C906059535D5816921F010018161F3
:104C60002C6A04F00F0000EBC0000AEB8001C4F3D3
:104C70004340062801F5157512D002281BD147F6CE
:104C8000F07014EA000616D0E96834090598224647
:104C900009F01AFCE86800EB1610E86008E000BFB5
:104CA00005980AF29C41082209F00EFCC4F30A148C
:104CB000686920446861DAF80000816941F01001F8
:104CC0008161059D09F0FCFB000340F1F180DAF8F9
:104CD000000009F0D3FB002800F0EA8006460AF243
:104CE0009C404FF4306800244FF0000B069019E010
:104CF00005EB080002218160B80642BF05EB080001
:104D000020218160B80442BF05EB08004FF4005138
:104D100081600BF1010B760808F1200804F12404EE
:104D200000F0C680F007F4D0DAF800005FFA8BF9E3
:104D3000494609F0BDFB0746C00760D005EB0800F7
:104D400001218160DAF8000008EB0001036C8A6839
:104D50009AF80650012D25D1150733D4950600F198
:104D60009F8043F20B05C4F65475AB42059D02D3F8
:104D700012F4004230D10AEB0402D2F8743209690D
:104D80006FF3DF41A3EB0101C2F868129CBBD2F8BC
:104D90006432002B00F08A80D2F860020844C2F826
:104DA000600228E043F20B05C4F65475FF35AB42B0
:104DB00018D1059D10040FD4900644BF20208860B0
:104DC00019E000BF43F20B00C4F65470059D834206
:104DD00015D312F4004012D04FF400408860380719
:104DE0000FD43DE0059D34B9DAF8641219B90021F9
:104DF000069A09F0A3F850464946FFF7D9FD38074F
:104E00002ED505EB080008218160DAF8000043F296
:104E10000B02056C40448168C4F6547295420BD372
:104E200011F4004108D04FF400418160504600F079
:104E300019FD059D0AE000BF504600F013FD43F246
:104E40000B00C4F654708542059D09D39AF80600FC
:104E5000012805D1DAF80000069A012109F06EF860
:104E6000F80642BF05EB080010218160B8077FF506
:104E700043AF6869000604D50499486840F480602F
:104E800048600AEB040090F8571201297FF430AF14
:104E9000002180F857125046494600F031FB27E7C1
:104EA00020208860059D3807ABD4D9E701219FE712
:104EB000DAF80000CDF818A009F002FB400340F139
:104EC000D3800698006809F0D1FA002800F0CC8061
:104ED0000646069805F5106900F1140100F29C40A1
:104EE000002703910190CDF8089004E0760807F1BF
:104EF000010700F0B980F007F8D006985FFA87FA4A
:104F00000068514609F0C2FA0446C00726D0049A48
:104F100007F00F00516B012303FA00F021EA0000B3
:104F2000506309EB4710836006988079012811D1FE
:104F3000039907EBC70001EB8000D0E9021211448E
:104F4000C1603FB9006928B90698019A006801213B
:104F500008F0F4FF06985146FFF720FD200742BFF6
:104F600009EB471008218160E00642BF09EB4710BA
:104F700010218160600642BF09EB4710402181602B
:104F8000A00716D52846394609F0FEF9039907EB24
:104F9000C70001EB800010F8031F012905D1002193
:104FA00001700698514600F0A7FA09EB471002215C
:104FB000816020069AD5039907EBC70001EB8008B2
:104FC000D8E90420824291D30699D8F808300C68B9
:104FD000111A994238BF0B4604EB4711D1F818C992
:104FE00003F1030E1FFA8CF3B3EB9E0F2DD301F5E3
:104FF000106900BFD8F81020824224D9101A069AEE
:10500000D8E902B19579584538BF83461FFA8BF32A
:10501000204652460095059D09F0FEFCD8F80C008C
:10502000D8F814105844C8F80C0001EB0B00C8F86D
:105030001400D9F818100BF1030289B2B1EB920FEA
:10504000D8D2D8F81020DDF8089082423FF64EAF53
:1050500007F00F00D4F83418012202FA00F021EA18
:105060000000C4F8340841E7DDF81890D9F80000D2
:1050700009F026FA002821D4D9F8000009F020FA16
:1050800000053AD4D9F8000009F01AFAC00445D551
:105090000499486820F001004860D9F80000102108
:1050A00009F072F999F80400010600F0EC80C1B231
:1050B000042900F0030035D200219AE004994868E1
:1050C00020F00100486099F8CC04012808D10020A4
:1050D00089F8CC0448460021FFF7EEFB03E000BF4F
:1050E000484600F0A3FBD9F80000416901F00041F7
:1050F000416109F0E5F90005C4D504988068C0074E
:1051000002D0484600F0D6FBD9F80000416901F40E
:105110000061416109F0D4F9C004B9D4D9F80000A4
:10512000DDE000BF6FF0600202EA411200234FF69B
:105130007F370021EE18C6F80879D6F80059803379
:1051400025F40015C6F80059C6F8087BD6F8005BB0
:105150009A4225F40015C6F8005BD6F8005B01F111
:10516000040145F00065C6F8005BC6F82879D6F85A
:10517000205925F40015C6F82059C6F8287BD6F822
:10518000205B25F40015C6F8205BD6F8205B45F0BF
:105190000065C6F8205BC6F84879D6F8405925F472
:1051A0000015C6F84059C6F8487BD6F8405B25F490
:1051B0000015C6F8405BD6F8405B45F00065C6F8C0
:1051C000405BC6F86879D6F8605925F40015C6F832
:1051D0006059C6F8687BD6F8605B25F40015C6F800
:1051E000605BD6F8605B45F00065C6F8605B059DC6
:1051F000A0D1002847D005F5106202EB41134FF60D
:105200007F374E019F609559059B25F4001503F5E6
:105210003063955103EB4115AF609D59012825F48A
:1052200000159D519D5945F000659D512BD04E1C98
:1052300002EB46147501A760545903EB461624F49B
:1052400000145451B7605F59022827F400175F51CA
:105250005F5947F000675F5115D0881C02EB40177B
:105260004FF67F364101BE60575803EB401027F4DC
:10527000001757508660585820F40010585058585E
:1052800040F000605850049F8421F869442240F0A7
:105290000110F86199F80F0000284FF00B0008BFCB
:1052A000142108BF42F22B007B5808BF102218437C
:1052B0007850B85840F00B00B850386809F29C425A
:1052C00020F4FE603860D9F8000099F8061008F064
:1052D00035FED9F80000416901F48051416109F0BF
:1052E000EFF80146D9F8000089041AD508F014FA3D
:1052F000D9F8000009F0A8F8D9F8004089F80700AB
:1053000000F0C4FB99F807200146204609F0F8FA9E
:10531000484600F075FAD9F80000416901F40051DF
:10532000416109F0CDF8000706D4D9F8000009F072
:10533000C7F800060DD437E0484600F07BFAD9F8EC
:105340000000416901F00801416109F0B9F8000667
:105350002AD50599886920F08000886199F80400B1
:10536000022821D309F5157409F11405012640F22C
:105370007B2704E00136864207F1240714D219F88E
:1053800007100129F6D106F00F0000EBC00230062D
:10539000D9F8000005EB820158BF04EB820108F048
:1053A00063FF99F80400E5E7D9F8000009F088F8F0
:1053B000C0024BD4D9F8000009F082F8059D8002A4
:1053C0007CD599F80410022926D305F532600139FD
:1053D00009F51F72012304E02030013902F1240293
:1053E0001AD007681678012EF6D1B7F1FF3FF3DC2B
:1053F000D9F8D46486EA1747FF07EDD102F8013CDB
:10540000AF6947F08007AF616F693F06E4D4049944
:10541000486840F400704860D9F80000416901F420
:105420000011416109F04CF840004DD54846FFF7A6
:10543000B1FAD9F80000416901F08041416109F0F9
:105440003FF840077FF5E1AB45E000BF99F8040065
:10545000022827D3059909F1140401F5126509F111
:105460003B064FF00108012706E000BF0137203559
:10547000874206F1240615D229687278012AF5D1EF
:10548000B1F1FF3FF2DC07F00F0000EBC001D9F8EB
:10549000000004EB810186F8008008F0E5FE99F831
:1054A0000400E3E7D9F80000416901F4801141618B
:1054B00009F006F8059D80023FF583AFD9F800009A
:1054C00008F0FEFF4000B1D4D9F8000008F0F8FF62
:1054D00040077FF59AABD9F800004468610704D50E
:1054E0004846FFF771FAD9F800004168214341604E
:1054F00007B0BDE8F08F0000D0F8E00407F0BEBCB4
:10550000D0F8E00407F0D0BC002804BF01207047A9
:10551000F0B581B00446056890F8950428B90020DC
:1055200084F89404204600F027F90320B5F1A04F39
:1055300084F8950404BF0020A071206808F0F6FCF0
:1055400094E80F00267C009608F0F6F8002840F05A
:1055500000812068002109F00DF8002840F0F98052
:1055600094F804E0BEF1000F00F0EC800EF0030CA4
:10557000BEF1040F4FF0000240D30EF0FC03A4F183
:1055800090000321012500BFCE1E80F8A460A0F882
:10559000BE608E1E80F8C860A0F8E2604E1E80F8E3
:1055A000EC60A0F8066180F81011A0F82A110E1D19
:1055B000013180F8A55080F8A820C0E92B22C0F85E
:1055C000B42080F8C95080F8CC20C0E93422C0F85B
:1055D000D82080F8ED5080F8F020C0E93D22C0F8D6
:1055E000FC2080F8115180F81421C0E94622C0F84F
:1055F0002021903099423146C6D1F21EBCF1000FF5
:1056000031D004F1140002EBC20100EB810501234B
:1056100000F821200021BCF1010F6B706A83297111
:10562000C5E9021129611ED0551C05EBC50600EB2A
:105630008607BCF1020F7B7000F826507D8339711C
:10564000C7E9021139610ED0911C01EBC10200EBD8
:105650008203012500F8221000205D705983187123
:10566000C3E902001861BEF1000F6BD0BEF1040F58
:105670004FF0000236D30EF0FC000321234600BF9A
:10568000CF1E83F854728F1E83F878724F1E83F8F2
:10569000C0120D1D013183F8552283F85822C3E949
:1056A0009722C3F8642283F8792283F87C22C3E925
:1056B000A022C3F8882283F89D2283F89C7283F885
:1056C000A022C3E9A922C3F8AC2283F8C12283F83F
:1056D000C422C3E9B222C3F8D022903381422946C2
:1056E000CED1EA1EBCF1000F2CD004F5157002EBF0
:1056F000C20300EB83070021BCF1010F797000F8B1
:1057000023203971C7E9021139611BD0531C03EB07
:10571000C30700EB8706BCF1020F717000F8273059
:105720003171C6E9021131610CD0911C01EBC1024B
:1057300000EB820300275F7000F822101F71C3E99D
:1057400002771F6194E80F00277C009708F092F918
:1057500030B1022084F89504012001B0F0BD00BFF3
:1057600000206074012084F89504206808F072F924
:10577000002001B0F0BD0000B0B586B00068002484
:10578000B0F1A04F0594CDE903440294019401D0F7
:1057900006B0B0BD43F630050094C4F20205286897
:1057A00001A940F001002860286800F00100009085
:1057B00000984FF4C05001900220CDE9020403206C
:1057C00004900A2005900020C4F20200FEF7C0FBFE
:1057D0006868052140F080006860009468690022D4
:1057E00040F480406861686900F48040009000984F
:1057F0004320FFF725F84320FFF710F806B0B0BDAF
:1058000010B50446C07928B1022801D0FCF7E4F8AD
:10581000012100E00021D4F8E00407F0CDFBD4F82A
:10582000E004BDE8104007F07BBB0000D0F8E004C6
:1058300007F0A8BBD0F8E00407F0AEBB90F89424C2
:10584000012A04BF0220704710B5012280F8942479
:10585000417402680446104609F040F8002084F8BC
:10586000940410BDD0F8E02400F29C41104607F0EB
:10587000B9BB000010B5044690F89404012804BF99
:10588000022010BD2068012184F89414C1684906E3
:1058900006D5617B012903D1816B41F4803181639D
:1058A00008F06AFD206808F0C5F8002084F8940428
:1058B00010BD000010B50446D0F8E00407F0E8FB86
:1058C0002068D0F8001E41F00101C0F8001EE07A07
:1058D000002808BF10BD4EF61050CEF2000001683F
:1058E00041F00601016010BD002804BF012070478F
:1058F0002DE9F04143F60808C4F202080446D8F83E
:10590000F8030D4600F00700814207D988F8F853E4
:10591000D8F8F80300F00700A84277D12068810783
:1059200017D5410705D5D8F8001041F4E051C8F863
:105930000010010705D5D8F8001041F46041C8F8FF
:105940000010D8F80010A26821F0F0011143C8F847
:105950000010C00740D1D8F8F80300F007008542D6
:1059600007D288F8F853D8F8F80300F00700A842E7
:105970004CD12068410707D5D8F80010E26821F41F
:10598000E0511143C8F80010000708D5D8F800000E
:10599000216920F4604040EAC100C8F8000000F02E
:1059A000A3F8D8F8001046F27802C1F30311C0F64C
:1059B0000102515C40F2B40220FA01F140F21400FD
:1059C000C2F200000068C2F200021160FEF7ACFEF5
:1059D0000020BDE8F08100BF6068811E022907D267
:1059E00058F8081C89015CBF0120BDE8F08111E076
:1059F000012807D158F8081C89035CBF0120BDE8C5
:105A0000F08107E058F8081C890703D40120BDE89D
:105A1000F08100BFD8F8001021F003010843C8F856
:105A20000000FEF76BFB064641F28837D8F800000D
:105A3000616800F00C00B0EB810F8CD0FEF75EFBCC
:105A4000801BB842F2D90320BDE8F0810F2202602A
:105A500043F60802C4F20202136803F00303436032
:105A6000136803F0F0038360136803F4E053C3602A
:105A7000D2F800C04FF4E05303EADC030361D2F82C
:105A8000F80300F0070008607047000040F2B4001F
:105A9000C2F200000068704740F2B40043F608010B
:105AA000C2F20000C4F202010068096846F28802EE
:105AB000C1F38221C0F60102515CC840704700006A
:105AC00040F2B40043F60801C2F20000C4F2020141
:105AD0000068096846F28802C1F34231C0F601024B
:105AE000515CC8407047000010B543F60404C4F28E
:105AF00002046168C1F3810142F20040C0F2F40087
:105B0000DFE801F002040A0210BD00BF41F60030D8
:105B1000C0F2B70010BD00BF2068216823684902A9
:105B200041F60031C0F2B70100F03F02C3F3881024
:105B30005CBF42F20041C0F2F401A1FB000100236E
:105B4000FAF7C8FB21680222C1F3014102EB4101CF
:105B5000B0FBF1F010BD0000002804BF0120704729
:105B60002DE9F04182B00446007843F60006C007F4
:105B7000C4F202060CD0B06800F00C00042840F01B
:105B800081803068800303D56068002800F0688158
:105B9000207880071BD5B06810F00C0F09D0B068D2
:105BA00000F00C00082840F087807068400200F187
:105BB00083803068800703D5E068012840F0508179
:105BC0003068216920F0F80040EAC1003060207898
:105BD000000713D4207840072AD4A569002D00F0CF
:105BE0003A81B06800F00C00082840F0A580012D33
:105BF00040F00E81012002B0BDE8F081606900280C
:105C000000F082800020C4F247200121C0F8801EED
:105C1000FEF774FA054600BF706F8007DAD4FEF70E
:105C20006DFA401B0228F7D9032002B0BDE8F081CD
:105C3000306C5FEAC0080AD400200190306C40F05C
:105C400080503064306C00F080500190019847F231
:105C50000007C4F200073868C00547D4386840F42C
:105C600080703860FEF74AFA054600BF3868C00504
:105C70003CD4FEF743FA401B0228F7D9032002B0B8
:105C8000BDE8F081B06800F00C00082803D170680E
:105C900040023FF576AF61683068B1F5803F07D0CC
:105CA000B1F5A02F40F09A8040F480203060306839
:105CB00040F4803030609AE0E068002840F2000054
:105CC000C4F247205CD001210160FEF717FA0546B7
:105CD000306880073FF574AFFEF710FA401B0228CA
:105CE000F6D9032002B0BDE8F08100BFA168306F93
:105CF000012905D0052955D140F004003067306FE7
:105D000040F00100306756E00020C4F24720002137
:105D1000C0F8801EFEF7F2F9054600BF706F8007DD
:105D20007FF558AFFEF7EAF9401B0228F6D90320A9
:105D300002B0BDE8F08100BF0027C4F24727002071
:105D40003866FEF7DBF9022D05460DD1306880017B
:105D500040F18A80FEF7D2F9401B02284FF0030081
:105D6000F4D902B0BDE8F0813068800173D5FEF748
:105D7000C5F9401B02284FF00300F5D9F1E700BF39
:105D800000210160FEF7BAF9054600BF30688007C0
:105D90007FF51DAFFEF7B2F9401B02284FF003005C
:105DA000F4D9DEE720F001003067306F002920F0E1
:105DB000040030677AD0FEF7A1F9054641F2883732
:105DC000306F800700F18480FEF798F9401BB842DD
:105DD000F6D9032002B0BDE8F08100BF20F4803086
:105DE00030603068002920F4802030607AD0FEF7DF
:105DF00085F90546306880033FF5CAAEFEF77EF9A7
:105E0000401B6428F6D9032002B0BDE8F08100BF32
:105E10007068E16900F480028A4221D1216A00F0B1
:105E20003F028A421CD147F6C071626A0140B1EB61
:105E3000821F15D1A16A4FF6FF73C903994300F47D
:105E40004032A1F580318A420AD1E16A00F07060E7
:105E5000B0EB016F04D1002002B0BDE8F08100BFBB
:105E6000012002B0BDE8F08104F11C052FCD0843EC
:105E700040EA8210D9034FF6FF729143A1F58031B9
:105E800040EA05600843706001203866FEF736F985
:105E9000044600BF30688001DDD4FEF72FF9001BF7
:105EA00002284FF00300F5D95BE700BFFEF726F9A3
:105EB000054641F2883700BF306F800708D5FEF7EE
:105EC0001DF9401BB8424FF00300F5D949E700BF68
:105ED000B8F1000F3FF581AE306C20F08050306497
:105EE0007BE600BFFEF70AF9054600BF3068800375
:105EF0007FF54EAEFEF702F9401B64284FF0030019
:105F0000F4D92EE770B528B1416A29B100210161A9
:105F1000142106E0012070BD4168B1F5827F02D0F6
:105F20001C21002242500026866290F8511029B9A7
:105F300080F85060054600F03DF82846022180F8C0
:105F4000511090E82E0002F482720C6803F40443AE
:105F500024F040040C601A4405F4006305691A44F7
:105F600005F0020345691A4405F001038569C46917
:105F70001A4405F400731A4404F03803046A1A44FE
:105F800004F08003846A1A4304F400531A430A603D
:105F9000436A042202EA154203F010031A444A60DD
:105FA000CA6922F40062CA610121466580F8511075
:105FB000304670BD2DE9F04F87B0044643F200072C
:105FC0000068C4F201070026B8420696CDE90466CF
:105FD0000396029602D007B0BDE8F08F43F630007A
:105FE0000196C4F20200416902AD41F48051416161
:105FF000416946F2404801F48051019101990196AE
:1060000001684FF0020941F00201016001684FF0A0
:10601000030A01F0020101910199019601684FF014
:10602000050B41F0010101600068294600F0010004
:10603000019001981820029007F55440C4F202081C
:10604000CDE90396CDF814A0CDF818B0FDF780FF88
:106050008020CDE9020904A880E8400C07F55040F3
:106060002946FDF775FF42F6C465C2F200054FF4FC
:1060700040304FF0C0674FF48069C5E908062846F4
:10608000C5E90087C5E90266C5E90496C5E9066663
:10609000FDF7CCFD002818BFFBF79EFCE564AC6360
:1060A00042F6247508F11800C2F200054021C5E946
:1060B000000705F10800002280E806024FF40030D6
:1060C000C5E908022846C5E90522EA61FDF7AEFDEB
:1060D000002818BFFBF780FCA564AC6307B0BDE8DF
:1060E000F08F00002DE9F04383B01E4615460F46A1
:1060F0000446FEF703F894F851108146012909D1AE
:10610000002F4FF0010018BF002D0FD103B0BDE8E4
:10611000F08300BF6068B0F5827F0DD104294FF095
:106120000200F3D1A1680029EAD0EFE7002EEDD0FC
:1061300094F85000012803D1022003B0BDE8F08399
:10614000012084F8500094F85100002104281CBF5D
:10615000052084F851006165A563E687A68727635B
:10616000E6862068A686216461640168490603D436
:10617000016841F0400101606168731EE268B1FA94
:1061800081F1B3FA83F3DDF8288049095B09B2F5A0
:10619000006F41EA030165D131B137F8021BC160DC
:1061A0002763E08E0138E086012518F1010032D125
:1061B00002E000BFFDF7A2FFE08E18B9E08F0028D3
:1061C00000F0B8802068816889070CD5E18E51B154
:1061D000012D08D1216B002531F8022BC26021630B
:1061E000E18E0139E1868168C907E3D0E18F00299A
:1061F000E0D0C068A16B012521F8020BA163E08FFC
:106200000138E087D6E700BFFDF778FFA0EB090073
:10621000404580F0A580E08E18B9E08F002800F09E
:1062200089802068816889070CD5E18E51B1012DE4
:1062300008D1216B002531F8022BC2602163E18E69
:106240000139E1868168C907DED0E18F0029DBD002
:10625000C068A16B012521F8020BA163E08F013812
:10626000E087D1E739B139780173206B01302063C1
:10627000E08E0138E086012518F1010032D101E0FD
:10628000FDF73CFFE08E10B9E08F002852D0206867
:10629000816889070ED5E18E61B1012D0AD1216B8C
:1062A000002509780173216B206801312163E18E9B
:1062B0000139E1868168C907E2D0E18F0029DFD08A
:1062C000C068A16B01250870A06B0130A063E08F4E
:1062D0000138E087D4E700BFFDF710FFA0EB09000D
:1062E00040453DD2E08E08B9E08F18B32068816840
:1062F00089070ED5E18E61B1012D0AD1216B0025F0
:1063000009780173216B206801312163E18E013925
:10631000E1868168C907DFD0E18F0029DCD0C06841
:10632000A16B01250870A06B0130A063E08F0138DC
:10633000E087D1E72046022101224346CDF80090B4
:1063400004F0F4F9B0B1606D40F0200060652020E9
:106350006065002084F85000012003B0BDE8F083A0
:10636000012084F85100002084F85000032003B07D
:10637000BDE8F08340F2B400C2F20000006849F6C4
:106380008171C1F25E61A0FB0101480D4FF47A7189
:10639000484302906068B0F5827F0BD1204680218F
:1063A00000224346CDF8009004F0C0F90028CAD17D
:1063B00021E000BF0298F0B10298013802902068F5
:1063C0008168090617D50299A9B10299013902918C
:1063D000816809060FD5029969B1029901390291C4
:1063E0008168090607D5029929B1029901390291FC
:1063F00080680006DED4A06838B9002001902068CB
:10640000C1680191806801900198012084F85100D1
:10641000002084F85000606D002818BF012003B0F0
:10642000BDE8F083704700007047000090F83C2002
:10643000012A4FF0020254D010B580F83D200268C6
:10644000D2F804E0D2F808C00C682EF070032343A1
:1064500041F2FF74C4F20004A24253600EDC40F229
:10646000FF73C4F200039A4216DCB2F1804F2BD0C6
:1064700040F20043C4F2000324E000BF40F2FF33C7
:10648000C4F201039A4213DC41F60003C4F2000394
:106490009A4219D0002313E040F60003C4F200032F
:1064A0009A4211D040F60043C4F200030AE000BF54
:1064B00044F20003C4F201039A4205D040F20043C3
:1064C000C4F201039A4204D149682CF080031943B5
:1064D00091600121002280F83D1080F83C20BDE849
:1064E0001040104670470000002804BF012070478C
:1064F00010B5044690F83D0028B9002084F83C000F
:10650000204600F01FF8022084F83D002068211D7D
:1065100005F076F8012084F8460084F83E0084F8FF
:106520003F0084F8400084F8410084F8420084F879
:10653000430084F8440084F8450084F83D000020BE
:1065400010BD000080B584B0006840F20041C4F284
:10655000000188422ED044F20041C4F20101884279
:1065600016D00021C4F20101884220D100200390FE
:1065700043F64400C4F20200016841F001010160E9
:10658000006800F001000390039804B080BD00BFD4
:106590000020019043F64400C4F20200016841F477
:1065A00000310160006800F400300190019804B0EF
:1065B00080BD00BF0020029043F64400C4F20200F8
:1065C00050F8041C002241F0020140F8041C50F86D
:1065D000040C052100F00200029002981D20FEF735
:1065E0002FF91D2004B0BDE88040FEF717B9000068
:1065F00090F83D1001291CBF01207047022180F84E
:106600003D10006841F2FF72C168C4F2000290427E
:1066100041F00101C1600DDC40F2FF71C4F20001E4
:10662000884215DCB0F1804F2AD040F20041C4F21C
:10663000000123E040F2FF31C4F20101884213DC83
:1066400041F60001C4F20001884219D0002113E094
:1066500040F60001C4F20001884211D040F600412A
:10666000C4F200010AE000BF44F20001C4F20101DB
:10667000884205D040F20041C4F20101884206D1AF
:10668000816801F00701062904BF002070470168F6
:1066900041F00101016000207047000090F83C20AB
:1066A000012A4FF002026CD080B580F83D20D0F86E
:1066B00000C04FF67772DCF8083023EA0202CCF80B
:1066C00008200B684F2B29DC1F2B45DD202B46D0E3
:1066D000302B44D0402B40F0AF80D1F804E0C968A3
:1066E000DCF82030DCF8202022F00102CCF8202059
:1066F000DCF8182022F0F00242EA011123F00A022D
:1067000042EA0E02CCF81810CCF82020DCF8081071
:1067100041F0470121F0300128E000BF6F2B33DD4D
:10672000B3F5005F74D0B3F5805F21D0702B40F0DB
:106730008380D1E901E3C968DCF8082043EA0E034D
:1067400022F47F4243EA01211143CCF80810DCF81F
:10675000081041F0770109E00BB1102B6CD1DCF887
:10676000081021F07001194341F00701CCF808101E
:106770000022012180F83D10002180F83C10BDE886
:1067800080401046704700BF502B21D0602B53D162
:10679000D1F804E0C968DCF82030DCF8202022F0D1
:1067A0001002CCF82020DCF8182022F4704242EAD3
:1067B000013123F0A00242EA0E12CCF81810CCF8F6
:1067C0002020DCF8081041F0670121F01001CDE72E
:1067D000D1F804E0C968DCF82030DCF8202022F091
:1067E0000102CCF82020DCF8182022F0F00242EA66
:1067F000011123F00A0242EA0E02CCF81810CCF87C
:106800002020DCF8081041F0570121F02001ADE70D
:10681000D1E901E3C968DCF8082043EA0E0322F459
:106820007F4243EA01211143CCF80810DCF808103C
:1068300041F480419AE700BF01229AE770470000C7
:1068400070B504460068C5680669B10716D515F02D
:10685000020113D06FF002010161012121778069EB
:10686000800703D02046FFF7E9FF05E0204600F04F
:106870008FF8204600F0FEF900202077700719D528
:1068800015F0040016D020686FF0040101610221A8
:106890002177806910F4407F04D02046FFF7CEFFB7
:1068A00006E000BF204600F073F8204600F0E2F951
:1068B00000202077300717D515F0080014D0206885
:1068C0006FF00801016104212177C069800703D0BE
:1068D0002046FFF7B3FF05E0204600F059F82046B8
:1068E00000F0C8F900202077F00619D515F0100047
:1068F00016D020686FF01001016108212177C0696E
:1069000010F4407F04D02046FFF798FF06E000BF58
:10691000204600F03DF8204600F0ACF9002020773A
:10692000F00718BF15F0010002D1300609D412E0BB
:1069300020686FF001010161204600F025FA300661
:1069400009D515F0800006D020686FF08001016144
:106950002046FFF767FD700609D515F0400006D008
:1069600020686FF040010161204600F015FAB00682
:1069700058BF70BD15F0200008D021686FF02002CC
:1069800020460A61BDE87040FFF74EBD70BD0000B3
:106990007047000090F83C30012B04BF0220704784
:1069A0004FEAB202032A00F2FF802DE9F043DFE84C
:1069B00002F003B13F7F00BF036840F200461C6A4B
:1069C0001A6A24F0020422F001021A621A46D3F86D
:1069D00004C052F818EF8F6843F48065C4F20106D2
:1069E000B54244EA070405D1CF6824F00C0427F02F
:1069F00004073C430F68B54206D1D1E905582CF491
:106A000040762E4346EA080C2EF073063743C3F84F
:106A100004C09F614F6809695F631C629F6947F00A
:106A200008079F619F6927F004079F61B1E000BFDD
:106A3000036840F200481C6A1A6A24F4007422F4C5
:106A400080721A621A46D3F804C052F81CEF8F689D
:106A500043F48065C4F20108454544EA072408D19F
:106A6000CF6840F2FF463F0224F4406427EA06065E
:106A70003443D1F80090454506D1D1E905562CF4B0
:106A800040572E4347EA061C2EF0730747EA0907D2
:106A9000C3F804C0DF614F680969DF631C62DF6906
:106AA00047F00807DF61DF6927F00407DF6170E066
:106AB000036840F20045D3F820C01A6A43F48067A7
:106AC00022F480521A621A465C6852F81C8FD1F880
:106AD00000E08E68C4F20105AF4204D14D6924F490
:106AE000804444EA85142CF4005747EA063728F41A
:106AF000E64646EA0E265C60DE614E6809691E6461
:106B00001F62DF6947F40067DF61DF6927F4806790
:106B1000DF613DE0036840F200481C6A1A6A24F015
:106B2000200422F010021A621A46D3F804C052F868
:106B300018EF8F6843F48065C4F20108454544EAC4
:106B4000071407D1CF686FF0400624F0C00406EAAE
:106B500007163443D1F80090454506D1D1E90556D2
:106B60002CF440672E4347EA860C2EF4E64747EAAA
:106B70000927C3F804C09F614F6809699F631C62BD
:106B80009F6947F400679F619F6927F480679F6151
:106B900009021368194311600021BDE8F043002287
:106BA00080F83C20084670470121002280F83C20F4
:106BB00008467047002804BF0120704710B50446FE
:106BC00090F83D0028B9002084F83C00204600F0F1
:106BD0001FF8022084F83D002068211D04F010FDFC
:106BE000012084F8460084F83E0084F83F0084F8D1
:106BF000400084F8410084F8420084F8430084F89F
:106C0000440084F8450084F83D00002010BD0000D9
:106C100082B0006840F60041C4F20001884217D0FB
:106C200040F60001C4F20001884220D1002001900A
:106C300043F64000C4F20200016841F00401016023
:106C4000006800F004000190019802B0704700BF96
:106C50000020009043F64000C4F20200016841F0B9
:106C600008010160006800F008000090009802B080
:106C70007047000070470000C1B1042908D00829FE
:106C800014BF41224022825C012A05D016E000BFD9
:106C90003F22825C012A11D10222082910D0042946
:106CA00014BF80F8412080F83F200BE090F83E2090
:106CB000012A03D1022280F83E2003E00120704720
:106CC00080F84020006801F01F010122036A02FAE7
:106CD00001F123EA01020262026A114341F2FF72EA
:106CE000C4F20002904201620CDC40F2FF71C4F277
:106CF0000001884214DCB0F1804F37D040F20041EF
:106D000016E000BF40F2FF31C4F20101884215DCF9
:106D100041F60001C4F20001884227D0002115E0AD
:106D200040F60001C4F2000188421FD040F6004145
:106D3000C4F20001884219D01FE000BF44F20001F4
:106D4000C4F20101884211D040F20041C4F20101B5
:106D5000884212D1416C40F2004340F48062C4F298
:106D6000010341F400419A42416406D1816801F077
:106D70000701062904BF00207047016841F00101A6
:106D800001600020704700000068B0F1804F18BF1C
:106D90007047FDF79FBC000070470000704700007F
:106DA00070470000B0B582B001680A68CC684B69D2
:106DB00002F02F05202D04F0200505D125B102B0E9
:106DC000BDE8B04004F0DABD5FEA027C1EBF03F00C
:106DD000010E04F4907313EB0E0341D1036BD5063F
:106DE00018D5012B16D114F0100313D000220192F4
:106DF0000A6801924A680192019A496949064BD48E
:106E0000818DC28DC38D002B18BF914240F0068248
:106E100002B0B0BD13062DD514F080032AD090F82F
:106E20004120212AF4D18268B2F5805F03D1026942
:106E3000002A00F07982026A531C036212784A60C9
:106E4000C28C013A1304C284E2D1C86820F08000E9
:106E5000C860C86840F04000C86002B0B0BD00BF64
:106E6000D30718BF14F4807340F0E280530700F199
:106E7000E580EAE05206CBD514F04002C8D0CA68DB
:106E800022F04002CA60202180F8411002B0BDE823
:106E9000B04000F055BC00BFC26B11684B68858DD7
:106EA00099B2002900F0B480A94280F0B180C38576
:106EB000D169B1F5807F00F0A080016851E8031F1F
:106EC000026821F4807142E80313DBB1016851E8E4
:106ED000031F026821F4807142E8031393B1016833
:106EE00051E8031F026821F4807142E803134BB19B
:106EF000016851E8031F026821F4807142E803131E
:106F0000002BDAD1016851E8051F026821F0010168
:106F100042E80513BBB3016851E8051F026821F080
:106F2000010142E8051373B3016851E8051F0268C7
:106F300021F0010142E805132BB3016851E8051F58
:106F4000026821F0010142E80513002BDAD11AE0B2
:106F5000016851E8051F026821F0400142E805136D
:106F6000DBB1016851E8051F026821F0400142E8E9
:106F7000051393B1016851E8051F026821F0400133
:106F800042E805134BB1016851E8051F026821F082
:106F9000400142E80513002BDAD1202180F842108D
:106FA00000210163016851E8031F026821F010010C
:106FB00042E80313DBB1016851E8031F026821F0C6
:106FC000100142E8031393B1016851E8031F0268FE
:106FD00021F0100142E803134BB1016851E8031F8F
:106FE000026821F0100142E80313002BDAD1C16BD3
:106FF00004460846FCF7DEFC204602214163818DF1
:10700000C28D891A89B202B0BDE8B040FFF7C6BE92
:107010008D427FF4FDAED269B2F5807F7FF4F8AE89
:107020000222426302B0BDE8B040FFF7B7BE00BF26
:10703000436C43F001034364530706D5BEF1000FD0
:1070400003D0436C43F002034364930706D5BEF1BB
:10705000000F03D0436C43F004034364BCF1000F02
:1070600006D55EEA050303D0436C43F0080343648E
:10707000436C002B3FF4CCAE920605D525B10446F7
:1070800004F07CFC216820464969426C01F0400113
:1070900002F00802891800F0B98000BF016851E8C9
:1070A000031F026821F4907142E80313BBB3016827
:1070B00051E8031F026821F4907142E8031373B38F
:1070C000016851E8031F026821F4907142E803133C
:1070D0002BB3016851E8031F026821F4907142E864
:1070E0000313002BDAD11AE0016851E8051F02688A
:1070F00021F0010142E80513DBB1016851E8051FE9
:10710000026821F0010142E8051393B1016851E8DA
:10711000051F026821F0010142E805134BB1016827
:1071200051E8051F026821F0010142E80513002B18
:10713000DAD1016B012924D1016851E8031F0268EB
:1071400021F0100142E80313DBB1016851E8031F8D
:10715000026821F0100142E8031393B1016851E87D
:10716000031F026821F0100142E803134BB10168CC
:1071700051E8031F026821F0100142E80313002BBD
:10718000DAD1202180F842100021016301684969A9
:10719000490640F1C380016851E8051F026821F0EB
:1071A000400142E80513DBB1016851E8051F0268A0
:1071B00021F0400142E8051393B1016851E8051F31
:1071C000026821F0400142E805134BB1016851E823
:1071D000051F026821F0400142E80513002BDAD1B7
:1071E000C16B002900F09A804BF23D72C0F600029C
:1071F000044608460A65FCF725FC00283FF408AE63
:10720000E06B016D02B0BDE8B04008470446FFF7EF
:10721000C7FD0020606402B0B0BD00BF891A00BF86
:10722000026852E8032F036822F4907243E80325B2
:10723000BDB3026852E8032F036822F4907243E85A
:10724000032575B3026852E8032F036822F4907295
:1072500043E803252DB3026852E8032F036822F4A4
:10726000907243E80325002DDAD11AE0026852E853
:10727000052F036822F0010243E80525DDB102680D
:1072800052E8052F036822F0010243E8052595B175
:10729000026852E8052F036822F0010243E8052541
:1072A0004DB1026852E8052F036822F0010243E85D
:1072B0000525002DDAD1202280F842200022026329
:1072C000026852E8032F036822F0100243E8032506
:1072D000DDB1026852E8032F036822F0100243E890
:1072E000032595B1026852E8032F036822F01002CB
:1072F00043E803254DB1026852E8032F036822F0EA
:10730000100243E80325002DDAD1022289B242633C
:1073100002B0BDE8B040FFF741BD00BF02B0BDE81C
:10732000B040FFF73DBD00BF026A32F8023B6FF389
:107330005F234B60026283E5002804BF0120704791
:1073400010B5044690F8410028B9002084F84000A8
:10735000204600F021F8242084F841002068C1680C
:1073600021F40051C160204604F088FB20680169C7
:1073700021F490410161416921F02A014161C16814
:1073800041F40051C16000202021606484F8411064
:1073900084F84210606310BD2DE9F04F87B00446B9
:1073A000006844F60001C4F2000100268842CDE9DD
:1073B0000566CDE90366029600F0FE8041F20041C9
:1073C000C4F20101884200F08B8041F20001C4F256
:1073D0000101884240F04481002743F630000197C4
:1073E000C4F202004169002541F010014161416988
:1073F000C4F2020501F010010191019901970168A1
:1074000002AE41F002010160016846F2280801F075
:10741000020101910199019701684FF0020941F0C1
:107420000101016000684FF0030A00F001000190C3
:107430000198802002904FF0070B05F580603146DF
:10744000C4F20208CDE90397CDF814A0CDF818B026
:10745000FCF77EFD4FF40070CDE9020904A880E836
:10746000800C28463146FCF773FD42F6847508F51A
:107470008C60C2F200054FF0006685E8C1004FF451
:1074800040304FF48069C5E908072846C5E903790B
:10749000C5E90577EF61FCF7C9FB002818BFFAF7CB
:1074A0009BFAE563AC6342F6E47508F59260C2F2BC
:1074B00000054021C5E9000605F1080080E88202C8
:1074C0004FF40030C5E908072846C5E90577EF61A4
:1074D000FCF7ACFB252600284FF0380769D1B5E052
:1074E00043F630000196C4F20200416946F22808D2
:1074F00041F0200141614169C4F2020801F020011C
:10750000019101990196016841F040010160006814
:1075100002A900F04000019001984FF484400290CD
:107520000220CDE9030603200590082006900020E4
:10753000C4F2020000F5C050FCF70AFD43F2A405B6
:1075400008F58060C2F200054FF02067C5E900072A
:107550004FF400304FF48069C5E908062846C5E9B4
:107560000266C5E90496C5E90666FCF75FFB0028DC
:1075700018BFFAF731FAE563AC6343F2041508F576
:107580008F60C2F200054021C5E9000705F108003F
:1075900080E842024FF44030C5E908062846C5E9B4
:1075A0000566EE61FCF742FB472600284FF03807DE
:1075B0004CD0FAF711FA49E043F630000196C4F2D4
:1075C0000200016941F480210161016901F4802117
:1075D000019101990196016841F004010160006880
:1075E00002A900F00400019001984FF4406002905D
:1075F0000220CDE903060320059007200690002015
:10760000C4F2020000F50060FCF7A2FC43F244055E
:1076100046F22800C2F20005C4F202004FF00061F9
:107620004FF4806285E843002846C5E90362C5E956
:107630000566C5E907666E62FCF7F8FA00284FF0A8
:1076400027064FF03C0718BFFAF7C6F93046052168
:107650000022E551AC63FDF7F3F83046FDF7DEF8A4
:1076600007B0BDE8F08F000070470000B0B590F89B
:107670004140202C1CBF0220B0BD13460246002909
:107680004FF0010018BF002B00D1B0BD4FF0000C2F
:10769000212011629384D384C2F844C082F841004F
:1076A00014681546906B4BF6C50E4BF67512C0F676
:1076B000000EC0F60002C0E90FE24BF24972C0F6BC
:1076C0000002C0E9132C221DFCF762FB30B1102030
:1076D0006864202085F841000120B0BD2868294653
:1076E0006FF04002026000BF086850E8050F0A68AA
:1076F00040F0800042E8050303B3086850E8050F36
:107700000A6840F0800042E80503BBB1086850E811
:10771000050F0A6840F0800042E8050373B108686D
:1077200050E8050F0A6840F0800042E80503002B8E
:107730004FF0000008BFB0BDD6E700BF0020B0BDCD
:107740007047000070470000FEE700002DE9F04799
:1077500082B0044600689A460B9D0A9E03689146D3
:1077600043F48062026002680F4642F48071016057
:1077700020464FF0011100223346009500F032F907
:1077800050B120680068C00544BF4FF40070206409
:10779000032002B0BDE8F08740F202082068C0F282
:1077A000010807F0FE0707612046414632462B4696
:1077B00000F0FEF920B1012002B0BDE8F08700BF63
:1077C0000020019020682A46416901918069314674
:1077D00001900198204600F09FFAB0B92068BAF1F4
:1077E000010F09D04FEA19210161204631462A468E
:1077F00000F092FA48B920685FFA89F101612046E9
:1078000031462A4600F088FA60B1206C0428D2D1B3
:107810002068016841F400710160012002B0BDE8F8
:10782000F08700BF206800220168334641F4807170
:10783000016020464FF00111009500F0D3F80028B8
:107840009FD147F0010C27682046414632462B461F
:10785000C7F810C002B0BDE8F04700F0A9B90000B9
:107860002DE9F04383B0044600680F4601680A9D85
:107870000B9E41F4807199469046016020464FF07E
:10788000011100222B46009600F0ACF850B12068A0
:107890000068C00544BF4FF400702064032003B0AB
:1078A000BDE8F083206807F0FE0101610221C0F20B
:1078B000010120462A46334600F07AF920B1012022
:1078C00003B0BDE8F08300BF00200290206832467C
:1078D000416902918069294602900298204600F091
:1078E0001BFA58B1206C0428E9D12068016841F4E2
:1078F00000710160012003B0BDE8F0832068B9F198
:10790000010F0AD04FEA182101612046294632466C
:1079100000F002FA0028E5D120685FFA88F10161E1
:10792000002003B0BDE8F08370B50368044653F847
:10793000140F400711D40E46481C29D086BB00BF47
:107940001868400527D4FCF7D9FB236853F8140FB7
:10795000400737D518684007F2D5002070BD00BF3A
:1079600018684007F9D41868400514D4186840070F
:10797000F3D4186840050ED418684007EDD4186891
:10798000400508D4186840074FF0000048BF70BD9C
:1079900018684005E4D56FF480601860042012E098
:1079A000154603E053F8140F4007D6D41868400575
:1079B000F1D4FCF7A3FB401B2368B042F2D958690D
:1079C0004007EFD4202000212022216384F83D20AD
:1079D00084F83E10226C10432064012084F83C108F
:1079E00070BD00002DE9F041054600681E461446B2
:1079F00001F47F0201338FB242D0DDF81880B2F576
:107A0000803F40F0878040693840C01BB0FA80F06A
:107A10004009844240F0C8804EB924E040693840B3
:107A2000C01BB0FA80F04009844240F0BD80FCF7F2
:107A300065FBA0EB08012868B142EFD941693940E4
:107A4000C91BB1FA81F149098C42E7D19BE000BF23
:107A500040693840C01BB0FA80F0400984424FF0C2
:107A6000000040F0A280FCF749FB286841693940DA
:107A7000C91BB1FA81F149098C42E9D183E000BF09
:107A8000B2F5803F24D100BF41693940C91BB1FA2A
:107A900081F149098C4240F0878041693940C91B16
:107AA000B1FA81F149098C4240F07E804169394048
:107AB000C91BB1FA81F149098C4275D1416939403C
:107AC000C91BB1FA81F149098C42DDD06CE000BFDD
:107AD00081693940C91BB1FA81F149098C4263D1EE
:107AE00081693940C91BB1FA81F149098C425BD1E6
:107AF00081693940C91BB1FA81F149098C4253D1DE
:107B000081693940C91BB1FA81F149098C42DFD042
:107B10004AE000BF80693840C01BB0FA80F04009DD
:107B2000844241D146B923E080693840C01BB0FA95
:107B300080F04009844237D1FCF7E0FAA0EB08015D
:107B40002868B142F0D981693940C91BB1FA81F185
:107B500049098C42E8D116E080693840C01BB0FA70
:107B600080F0400984424FF0000018BFBDE8F0816A
:107B7000FCF7C4FA286881693940C91BB1FA81F160
:107B800049098C42E8D100202021286385F83D1066
:107B900085F83E00296C41F02001296485F83C00FD
:107BA0000120BDE8F08100BF0020BDE8F0810000A9
:107BB000F0B581B0044600681D4643698FB203EA00
:107BC0000701B94202D1002001B0F0BD416916465B
:107BD00001323CD0490512D47EB300BFFCF78EFAC7
:107BE000411B2068B14203D941693940B9422BD1C8
:107BF00041693940B942E6D041694905EED501688D
:107C000041F4007101606FF4806141610420002142
:107C10002022216384F83D2084F83E10226C10431A
:107C2000206484F83C10012001B0F0BD4169394066
:107C3000B942C8D041694905E1D4FCF75FFA206830
:107C400041693940B942F1D02020E0E74169490556
:107C5000D5D441693940B942B5D041694905CED43E
:107C600041693940B942AED041694905C7D441693B
:107C70003940B942A7D041694905C0D4416939406A
:107C8000B942E3D19FE7000070B50446006815468D
:107C900050F8143F5A063DD40E4629B926E000BFDD
:107CA00050F8141F490635D40168C90621D4FCF7E1
:107CB00025FA411B2068B142F2D941694906EFD447
:107CC00000202021206384F83D1084F83E00206CC1
:107CD00040F0200018E000BFFCF710FA206850F8D0
:107CE000141F4906ECD50168490613D40168C9067A
:107CF000F2D56FF01001016000202021206384F88C
:107D00003D1084F83E00206C2064002084F83C0084
:107D1000012070BD002070BD70B50368044653F8A3
:107D2000140F000611D40E46481C29D086BB00BF94
:107D30001868400527D4FCF7E1F9236853F8140FBD
:107D4000000637D518680006F2D5002070BD00BFC8
:107D500018680006F9D41868400514D4186800069D
:107D6000F3D4186840050ED418680006EDD41868DE
:107D7000400508D4186800064FF0000048BF70BDE9
:107D800018684005E4D56FF480601860042012E0A4
:107D9000154603E053F8140F0006D6D418684005C2
:107DA000F1D4FCF7ABF9401B2368B042F2D9586913
:107DB0000006EFD4202000212022216384F83D20FA
:107DC00084F83E10226C10432064012084F83C109B
:107DD00070BD000080B588B08DF80400000A8DF8F1
:107DE0000500CC208DF80700042006900020CDE986
:107DF000040040F2FF60029042F69460C2F200007C
:107E00008DF80610FBF7F0FA022808D342F69460CA
:107E1000C2F2000002A901AA6B46FBF789F908B07B
:107E200080BD000088B0072008F054FFF8F784FCFC
:107E300058B100BF642008F04DFFF8F77DFC002822
:107E4000F8D102E0642008F045FF08F0CDFC0028DE
:107E5000F8D140F6780BC2F2000B0BF114000BF1D5
:107E600004010BF110020490CDE90221F8F77CFC2B
:107E700008F0E6FA43F6C41046F2C4329FEDE20A77
:107E8000DFEDE20AC2F20000C0F60102002101F0BB
:107E9000DFFB40F61C0740F23875C2F20007C2F261
:107EA000000507F13C0405F16C0905F13C01204691
:107EB0004A460BF0A1FF95ED0F0A95ED101A95EDCE
:107EC000112A002087ED000A87ED011A87ED022AAA
:107ED00085ED040A85ED051A85ED062A08F036FFC2
:107EE0000AF0F2FDE86143F29C60C2F2000010214A
:107EF000C161FEF707F8002818BFF9F76DFD40F2E1
:107F00003406C2F20006301D05F12801082202F0F5
:107F100073FB012028714BF66620CBF6673046F6DE
:107F20003F6144F6A0020BF13803CBF6CF21C3F634
:107F3000243207C305F14800079005F1500040F2D4
:107F4000B0189FEDF3AA9FEDF3BA9FEDF3CA9FED32
:107F5000F38A069005F14C009FEDF1DA9FEDF1EA0E
:107F60009FEDE99A9FEDE9FA05F1600AC2F2000877
:107F7000059005F12200019000942BE141F2873039
:107F800008F0E4FBDBED050ADBED061AD6ED062A68
:107F9000D6ED073A9BED077AD6ED084A61EEA33A93
:107FA00060EEA22A72EEA32A67EE243A9BED015AF4
:107FB0009BED026AD6ED0F5A73EEA22AD6ED103A67
:107FC0009BED034AD6ED114AC5ED182A66EE232A29
:107FD00065EE253A97ED093A73EEA22A64EE243A4B
:107FE00073EEA22A97ED141A97ED152A33EE223A72
:107FF000D8ED002AD8ED013A97ED160AD8ED024ADD
:1080000062EE233A61EE222A72EEA32A60EE243A4F
:10801000D7ED0C4A73EEA22A74EEA22AC5ED1B2AF4
:10802000D6ED092AD6ED0A3AD6ED0B4A61EEA33A0F
:1080300060EEA22A72EEA32A67EE244AD6ED123A27
:1080400074EEA22AD6ED134AC5ED192A66EE242A4B
:1080500065EE233A73EEA22AD6ED143AD8ED035A10
:1080600064EE233AD7ED0A4A73EEA22AD8ED043A19
:1080700074EEA22A62EE233A61EE254A74EEA33A28
:10808000D8ED054AD7ED0D5A60EE244A74EEA33AB6
:1080900075EEA33AC5ED1C3AD6ED0D3AD6ED0C4A75
:1080A00061EEA31AD6ED0E3A60EEA40A70EEA10AB4
:1080B00027EE237A37EE207A85ED1A7A96ED167A36
:1080C000D6ED150A26EE076A96ED177A25EE205AA8
:1080D00035EE065A24EE074A97ED0B6A34EE054A50
:1080E00098ED075A36EE044A98ED066A22EE052A04
:1080F00098ED085A21EE061A31EE021A20EE050A12
:1081000097ED0E2A30EE010A32EE000A85ED1D0AC7
:1081100097ED000A95ED041A85ED040A21EE0A1A7E
:1081200020EE0B0A30EE010A23EE0C1A31EE000AA3
:1081300087ED000A97ED010A95ED051A85ED050A10
:1081400021EE0A1A20EE0B0A30EE010A22EE8C1AFA
:1081500031EE000A87ED010A97ED020A95ED061A45
:1081600085ED060A21EE0A1A20EE0B0A30EE010A0E
:1081700024EE0C1A31EE000A87ED020A2046B0EE1A
:10818000480A51463A464B4685ED0F3AC5ED102A4E
:1081900085ED114A0BF07EFF0799DDE90532204697
:1081A0000CF0D2FF95ED120A95ED131A95ED142AF5
:1081B00020EE0D0A21EE0D1A22EE0D2A80EE0E0A97
:1081C00081EE0E1A82EE0E2A85ED150A85ED161A3D
:1081D00085ED172AA87920B9642001E0A87901303B
:1081E000A87101204FF0FF3109F08AFA0128F5D17A
:1081F000287840070CD4687840072DD4A878400729
:108200007FF5C0AE37E000BF00A08C4500808945F7
:10821000287800F0FB01284600F8291B0499F8F79C
:1082200063FA9BED050A9BED061A9BED072A9BED71
:108230000E3A9BED0F4A9BED105A30EE430A31EE99
:10824000441A32EE452A8BED050A8BED061A8BEDAA
:10825000072A68784007D1D568780BF1200200F032
:10826000FB006870039905F13200F8F7FDF9A87872
:1082700040077FF587AEA87800F0FB00A870DDE925
:108280000101F8F757FB287A9BED040A012821D158
:108290005446CA4643F6C419C2F200094846F0EEF5
:1082A000490A01F015F999ED090AB5EE400AF1EE17
:1082B00010FA07DA43F6C410C2F200000021B0EE53
:1082C0004F0A4162BDEEC00AD146A246009C10EEA4
:1082D000100A55E6B4EE490AF1EE10FA7FF74EAEF9
:1082E000E8790130C1B2C929E871FFF447AE012035
:1082F000287243F6C41044F20001C2F20000C4F236
:108300001C51C1623AE600BF000034420000000088
:108310005D896EBF5AF8F63FD5A9183B6F12833AB4
:1083200000003443DB0F4940B0B584B042F6DC5066
:1083300042F2000101230024C2F20000C4F2010154
:10834000C0F60073012503944FF48032047680F860
:108350002040C0E90A34C56180F8304080E816004A
:10836000C0E903444561FAF7CDFD002818BFF9F7CD
:1083700033FB1020CDE9000542F6DC50C2F20000CC
:1083800069460294FAF720FD002818BFF9F724FB8C
:1083900004B0B0BDB0B584B042F6246042F2002112
:1083A00001230024C2F20000C4F20101C0F60073F0
:1083B000012503944FF48032047680F82040C0E910
:1083C0000A34C56180F8304080E81600C0E90344F3
:1083D0004561FAF797FD002818BFF9F7FDFA082064
:1083E000CDE9000542F62460C2F20000694602941D
:1083F000FAF7EAFC002818BFF9F7EEFA04B0B0BDAE
:1084000010B542F66C6046F20041C2F20000C4F2C0
:108410000001032200234FF0807480E80E0000F179
:108420000C014FF4102C4FF4001E81E808508461B9
:108430008383FBF71DF9002808BF10BDBDE810407D
:10844000F9F7CABA10B542F6946046F60001C2F2D6
:108450000000C4F20001032200234FF0807480E882
:108460000E0000F10C014FF4102C4FF4001E81E8B7
:10847000085084618383FBF7FBF8002808BF10BD18
:10848000BDE81040F9F7A8BA80B542F6BC6043F2E7
:108490000001C2F20000C4F202010160FBF75AFAC7
:1084A000002808BF80BDBDE88040F9F795BA0000FC
:1084B00080B582B0002043F630010190C4F2020181
:1084C0000A6842F480020A600A6802F4800201929B
:1084D000019A00900868002240F4001008600868C3
:1084E000052100F40010009000980C20FCF7A8F97A
:1084F0000C20FCF793F9392005210022FCF7A0F9A4
:108500003920FCF78BF93A2005210022FCF798F975
:108510003A20FCF783F93B2005210022FCF790F973
:108520003B20FCF77BF9442005210022FCF788F969
:108530004420FCF773F9452005210022FCF780F95F
:108540004520FCF76BF9462005210022FCF778F95D
:10855000462002B0BDE88040FCF760B9F0B5BFB07E
:1085600046F24000C0F6010090E81E50806938AD28
:1085700085E81E503E9038A8002108F0B9FB40F273
:108580004027C2F20007386046F20800C0F601003A
:1085900090E87E0080690DF1C40C8CE87E00379075
:1085A00031A8002108F0A4FB786046F22400C0F650
:1085B000010090E84E00D0E9045480690DF1A80C48
:1085C0008CE84E0030902AA80021CDE92E5408F006
:1085D0008FFBB86046F25C00C0F6010090E84E00E8
:1085E000D0E9045480690DF18C0C8CE84E00299080
:1085F00023A80021CDE9275408F07AFB2E49F86022
:108600002DA0061D1C914ECED0E905500DF1740C25
:108610008CE84E00CDE921501CA8002108F068FB31
:108620002C4938612BA0061D15914ECED0E905507E
:108630000DF1580C8CE84E00CDE91A5015A8002118
:1086400008F056FB2A49786129A0061D0E914ECEEE
:10865000D0E905500DF13C0C8CE84E00CDE91350EB
:108660000EA8002108F044FB2849B86127A0061D88
:1086700007914ECED0E905500DF1200C8CE84E004C
:10868000CDE90C5007A8002108F032FB2649F8611B
:1086900025A0061D00914ECED0E905500DF1040C29
:1086A0008CE84E00CDE905506846002108F020FB1B
:1086B00038623FB0F0BD00BF2E6C01089D0A010872
:1086C000FDFF00000000000080000000000000002E
:1086D000000000000E6C0108E1190108FDFF000018
:1086E000000000008000000000000000000000000A
:1086F000276C010885FF0008FEFF00000000000055
:108700008000000000000000000000001E6C010856
:108710006917010800000000000000008000000050
:108720000000000000000000E06B0108A9EC000858
:1087300002000000000000008000000000000000B7
:10874000000000002DE9F04F87B0002043F6300113
:108750000690CDE90400CDE902000190C4F20201C7
:108760000A6841F6000442F002020A600A68C4F294
:10877000020402F002020192019A01900A68402666
:1087800042F040020A600A68012702F040020192AA
:10879000019A01900A6842F001020A600A6802F038
:1087A00001020192019A01900A6842F008020A60EF
:1087B0000A6802F008020192019A01900A6842F0E8
:1087C00004020A600A6802F004020192019A019010
:1087D0000A6842F080020A600A6802F08002019290
:1087E000019A01900868012240F0200008600868A2
:1087F000402100F02000019001982046FBF778FC12
:1088000004F5806528464FF4E05100224FF4E05B08
:10881000FBF76EFCA4F5C059484610210122FBF776
:1088200067FCA4F5A058404601210122FBF760FC3B
:10883000CDE9026702AE4FF0020A204631460497A6
:10884000CDF814A0FBF784FB0320059028463146A1
:10885000CDE902B7CDF810A0FBF77AFB0820029013
:108860004FF4041520463146CDE90357FBF770FB62
:108870001020CDE9020748463146CDE9047AFBF7DE
:1088800067FB302002A9A1C1A4F580503146FBF757
:108890005FFB4FF48810CDE903072046314602976D
:1088A000FBF756FB40463146CDE90277CDE9047A25
:1088B000FBF74EFB062005210022FBF7C1FF062037
:1088C000FBF7ACFF092005210022FBF7B9FF0920C7
:1088D000FBF7A4FF0A2005210022FBF7B1FF0A20C5
:1088E000FBF79CFF172005210022FBF7A9FF1720AB
:1088F000FBF794FF07B0BDE8F08F000080B543F2AE
:10890000641045F60041C2F20000C4F2000141F6D5
:10891000802200234FF4804CC0F2060280E80E0053
:10892000C0E9033CC0E90533C0E90733FBF7ECFBC2
:10893000002808BF80BDBDE88040F9F74DB80000B1
:10894000B0B543F29C6043F20001C2F20000C4F2F1
:1089500001014FF48272002380E80E0000F10C0147
:108960004FF0020C4FF0010E4FF40074382581E8EF
:1089700008500A21C0E90645C0E90833C0E90A31B8
:10898000FDF7C0FA002808BFB0BDBDE8B040F9F758
:1089900023B8000070B58EB044F2004543F23C703D
:1089A000C4F201050021C2F2000041F28732CDE994
:1089B0000611CDE90411C0E90051C0E902120161BC
:1089C0008161FDF791FD002818BFF9F705F843F222
:1089D0003C70C2F20000FEF7EDF8002818BFF8F76F
:1089E000FBFF43F23C746020C2F2000401900026B9
:1089F00001A920460022CDE902660596FDF7CAFFCF
:108A0000002818BFF8F7E8FF20680D96A842CDE9C6
:108A10000B660A96099635D040F60041C4F2000173
:108A200088421BD040F60001C4F20001884246D1C2
:108A30000020089043F63000C4F2020001684FF4B1
:108A4000804241F0080101600068022100F0080046
:108A50000890089805F5484027E000BF00200890DE
:108A600043F63000C4F202000168072241F0010120
:108A700001600068022100F001000890089805F5E7
:108A80003C4012E00020089043F63000C4F202009F
:108A90000168402241F0200101600068032100F0DC
:108AA00020000890089805F55040099202220A9289
:108AB00000220D9109A9CDE90B22FBF749FA0EB06E
:108AC00070BD000080B586B043F2F4600022002142
:108AD000C2F20000C4F2010253234FF6FF7C05915D
:108AE000CDE90311CDE90011C0E90023C0E9021C62
:108AF000C0E904118161FDF7F7FC002818BFF8F701
:108B00006BFF4FF48050029043F2F460C2F2000019
:108B100002A9FDF7C3FD002818BFF8F75DFF43F277
:108B2000F460C2F200006946FDF780FC002818BF1F
:108B3000F8F752FF06B080BD80B586B043F2CC7026
:108B40000021C2F2000040F2004240F2F31C059105
:108B5000CDE90311CDE90011C4F200025323C0E9AD
:108B6000021C01618021C0E900238161FDF7BCFC8A
:108B7000002818BFF8F730FF4FF48050029043F2FE
:108B8000CC70C2F2000002A9FDF788FD002818BFD2
:108B9000F8F722FF43F2CC70C2F200006946FDF7FD
:108BA00045FC002818BFF8F717FF06B080BD00008D
:108BB00070B590B040F6000543F61400C4F200050D
:108BC0000021C2F20000532240F28F13CDE90811B8
:108BD000CDE90611CDE90411C0E90052C0E9021344
:108BE00001618161FDF7E6FF002818BFF8F7F4FE88
:108BF00043F61400C2F2000008A9FDF717FC002894
:108C000018BFF8F7E9FE602043F614040190C8206D
:108C1000C2F200040290002601A920460822039611
:108C20000596FDF7B7FE002818BFF8F7D5FE2068B7
:108C300044F20041C4F2010188420F96CDE90D666D
:108C4000CDE90B6630D040F60041C4F20001884205
:108C500016D0A84245D100200A9043F63000C4F255
:108C6000020001684FF4804241F008010160006891
:108C7000022100F008000A900A9805F5013026E06C
:108C800000200A9043F63000C4F202000168072277
:108C900041F0010101600068022100F001000A902A
:108CA0000A9805F5FC3012E000200A9043F63000E7
:108CB000C4F202000168402241F020010160006816
:108CC000032100F020000A900A9805F503300B926A
:108CD00002220C9200220F910BA9CDE90D22FBF785
:108CE00037F910B070BD0000B0B590B040F6004547
:108CF00043F65C00C4F200050021C2F200004FF60A
:108D0000FF72CDE90811CDE90611CDE90411C0E9E2
:108D10000051C0E9021201618161FDF74BFF00289B
:108D200018BFF8F759FE43F65C00C2F2000008A92C
:108D3000FDF77CFB002818BFF8F74EFE602001907D
:108D40000020CDE90200059043F65C00C2F200006D
:108D500001A90022FDF71EFE002818BFF8F73CFE0F
:108D600043F65C00C2F2000001A90422FDF712FEE6
:108D7000002818BFF8F730FE43F65C04C2F2000486
:108D800001A920460822FDF705FE002818BFF8F7C4
:108D900023FE216844F20042C4F201020020914205
:108DA000CDE90E00CDE90C000B9031D0A9421BD0CB
:108DB00040F60000C4F20000814245D100200A9034
:108DC00043F63000C4F2020001684FF4804241F0E3
:108DD000080101600068022100F008000A900A986A
:108DE00005F5003026E000BF0A9043F63000C4F2DB
:108DF00002000168072241F00101016000680221C0
:108E000000F001000A900A9805F5FA3012E000BF60
:108E10000A9043F63000C4F202000168402241F09B
:108E2000200101600068032100F020000A900A98E8
:108E300005F502300B9202220C9200220F910BA931
:108E4000CDE90D22FBF784F810B0B0BD80B543F634
:108E5000A40041F20001C2F20000C4F201010023AB
:108E60004FF00C0C4FF4E13280E80E00C0E9033300
:108E7000C0E905C3C361FEF75FFA002808BF80BDE3
:108E8000BDE88040F8F7A8BD80B543F6EC0044F695
:108E90000001C2F20000C4F2000148F2A062002307
:108EA0004FF00C0CC0F2010280E80E00C0E9033361
:108EB000C0E905C3C361FEF73FFA002808BF80BDC3
:108EC000BDE88040F8F788BD80B543F6341041F224
:108ED0000041C2F20000C4F2010100234FF00C0C6B
:108EE0004FF4E13280E80E00C0E90333C0E905C366
:108EF000C361FEF721FA002808BF80BDBDE88040AD
:108F0000F8F76ABD80B542F6003040F29401C2F233
:108F10000000C2F20001002203F074FE002818BF16
:108F2000F8F75AFD42F6003040F2B801C2F20000F4
:108F3000C2F2000104F0D8F8002818BFF8F74CFD81
:108F400042F6003040F25411C2F20000C2F20001B9
:108F500003F05AFB002818BFF8F73EFD42F6003038
:108F6000C2F2000004F0EAF8002808BF80BDBDE8A6
:108F70008040F8F731BD0000FEE700000021C1F697
:108F80007D4188420FFA80FC06D3BCF5617F03DA8D
:108F90001978013109E000BF1978820CE02A05D860
:108FA00041F67D42944501DB01391970DDF800C0BE
:108FB0004AB2002A04D4CAB2242A04D3DC2200E034
:108FC000242211441970000C49B201EE100A9FEDE1
:108FD000112A00EE101AB8EE411AB8EEC00A21EEBE
:108FE000021A9FED0D2A31EE000A20EE020ABDEEB4
:108FF000C00A10EE100A014610F5805FB8BF01F5F7
:109000000051B0F5805FC8BFA0F50051CCF800104A
:10901000704700BF00000039398E6343FEE700004F
:1090200040F2FC40C2F20000016842689FEDA61ABF
:1090300002EE101A03EE102A22EE010A63EE010A74
:1090400022EE002A23EE203A23EE013A22EE011A04
:109050009FED9E2A31EE031A81EE022AB7EE001A26
:10906000B0EE413AB4EE412AF1EE10FA08DCB5EE6A
:10907000402AF1EE10FAACBFB0EE423A9FED943ABE
:10908000BEEE002A23EE022A32EE011AC17F9FEDC6
:10909000912A012921EE021A0CD049BB40F27451E9
:1090A000C2F200018978022940F0DA8090F82000AD
:1090B0000AE000BF40F27451C2F20001897890F8D2
:1090C0002000022940F0DC8000EE100AB8EE400AD1
:1090D00042F2F87021EE001AC2F200009FED7C0A05
:1090E000D0ED021AF0EE400A012006F021BD00BFCB
:1090F0002DE9F04F81B02DED068B82B042F6B40021
:10910000C2F20000806942F2A448C2F20008C8F826
:1091100060000020A8F80C0088F80E00D8E90001D3
:109120000091D8F8081001910CF01AFE9FED5E0B2B
:1091300005465AEC10BB5A4653460F460CF024FC29
:1091400002460B46284639460CF01CFD9FED580B95
:10915000044652EC100B4FEAD2790E46204669F3D2
:10916000DF760CF003F99FED540B09EE100A57EC73
:10917000105B204631462A463B460CF03FFE9FEDF1
:10918000548A002818BFB0EE489A009888ED009ADB
:109190000CF0E6FD5A46534604460E460CF0F4FB2E
:1091A00002460B46204631460CF0ECFC0E460446C7
:1091B00069F3DF760CF0DAF809EE100A2046314642
:1091C0002A463B460CF01AFE002818BFB0EE489A1B
:1091D000019888ED019A0CF0C3FD5A4653460446A7
:1091E0000E460CF0D1FB02460B46204631460CF0F1
:1091F000C9FC0E46044669F3DF760CF0B7F809EEB9
:10920000100A204631462A463B460CF0F7FD9FEDFA
:10921000330A9FED311A002818BFB0EE489A29EEA4
:10922000000A80EE01AA88ED029A1AEE100A20F0D8
:1092300000400CF095FD9FED220B53EC102B0CF031
:10924000CFFD002818BFB0EE4A8A88ED178A02B019
:10925000BDEC068B01B0BDE8F04F06F0A1BB00BF2E
:1092600080689FED1D1A02EE100A42F2F870C2F2F9
:109270000000D0ED021A22EE011A052006F058BCBB
:10928000002808BF704702EE100A42F2F870C2F2DE
:109290000000B8EE422AD0ED021A21EE021A012097
:1092A00006F046BC00BF00BF9A9999999999E93F89
:1092B00000000000000000000000000000001C4052
:1092C0007B14AE47E17A843F00007A440042EF48C5
:1092D0000000000000402D4500806D43B81E053E93
:1092E00049F61C50C2F200000178FF2923D1817F8A
:1092F0000D2920D18178812918BF704740F21C4187
:10930000C2F200010A88C37801320A80C2680B7772
:10931000D0F804C083688A620269C1E9083C4369E5
:10932000D0F818C00A63027F407F4B63C1F838C091
:109330008A8781F82C00704743F2B810C2F200000F
:10934000FBF75ABC00284DD0017890ED101A90ED33
:10935000112A30EEC03A0029C0ED070A80ED080A54
:1093600080ED103A80ED111A80ED122A3ED00129CD
:1093700058D133EE410A90ED015A90ED026A31EE78
:10938000011A90ED037A33EE411A20EE050A23EE1E
:10939000065A32EE011A80ED0A0AD0E90D2180ED5D
:1093A0000D1A21EE071A30EE050A90ED092A90ED0C
:1093B000044A30EE010A32EE000AB4EE440AF1EE3D
:1093C00010FA80ED0B5AC0E90E2180ED0C1A80EDE9
:1093D000090AC2BF80ED094AB0EE440A7047B1EEF7
:1093E000441A65E09FED370A704700BF30EE600A0F
:1093F00090ED012AB0EEC00AB0EE044AB4EE440A81
:1094000023EE022AF1EE10FA80ED0A2A0EDA90ED30
:10941000020A90ED0B4A20EE030A30EE040A80EDBA
:109420000B0A05E090ED090A704700BF90ED0B0AAA
:1094300090ED0D6A33EE411A9FED233A9FED237AAA
:1094400090ED054A90ED035A26EE033A21EE071AF5
:10945000816B31EE033AB4EE440A23EE051AF1EEC5
:1094600010FAC16380ED0C1A80ED0D3A80ED0E6AA2
:1094700006DCB1EE444AB4EE440AF1EE10FA03DA27
:10948000B0EE440A80ED0B4A32EE000A90ED042A59
:1094900031EE000AB4EE420AF1EE10FA80ED090A4C
:1094A000C2BF80ED092AB0EE420A7047B1EE421AFF
:1094B000B4EE410AF1EE10FABCBF80ED091AB0EE2D
:1094C000410A70470000000052B87E3F0AD7A33B14
:1094D00000284FD0017890ED101A90ED112A80ED00
:1094E000080A30EEC00A0029C0ED070A80ED100A14
:1094F00080ED111A80ED122A40D0012940F09480AD
:1095000090ED015A90ED026A30EE414A31EE011AB7
:1095100090ED037A24EE054A20EE065A30EE410A19
:1095200032EE000AD0E90D2180ED0D0A20EE070A87
:1095300034EE051A90ED092A90ED043A80ED0C0AFC
:1095400031EE000A32EE000AB4EE430AF1EE10FAF0
:1095500080ED0A4A80ED0B5AC0E90E2180ED090A20
:10956000C2BF80ED093AB0EE430A7047B1EE431A2C
:109570004FE000BF9FED2E0A704700BF90ED024AFA
:1095800090ED012A90ED0B6A24EE004A20EE022AAB
:1095900034EE064A90ED0D6A30EE410A9FED251A31
:1095A000816B80ED0E6A26EE011A9FED236A90ED25
:1095B000053A90ED035A20EE060A30EE010AB4EEA9
:1095C000434A80ED0D0A20EE050AF1EE10FA80ED17
:1095D0000A2A80ED0B4AC16380ED0C0A06DCB1EE6D
:1095E000433AB4EE434AF1EE10FA03DAB0EE434ADE
:1095F00080ED0B3A32EE042A90ED041A30EE020AA6
:10960000B4EE410AF1EE10FA80ED090A07DCB1EE82
:10961000411AB4EE410AF1EE10FAA8BF7047B0EE5D
:10962000410A80ED091A704790ED090A704700BFA2
:109630000000000052B87E3F0AD7A33B002808BFB5
:10964000704780B51C303021F6F75AFF80BD00000E
:10965000002818BF002A01D1704700BF80B51368E9
:1096600001704360536828218360926880ED040A8A
:10967000C260C0ED050A2430F6F742FF80BD00004D
:10968000EFF30980BFF36F8F154B1A681EF0100FB0
:1096900008BF20ED108A20E9F04F10602DE9090085
:1096A0004FF0500080F31188BFF34F8FBFF36F8FDF
:1096B00008F058FD4FF0000080F31188BDE8090064
:1096C00019680868B0E8F04F1EF0100F08BFB0EC42
:1096D000108A80F30988BFF36F8F704700BF00BF07
:1096E0006402002080B543F6EC03C2F20003D3F815
:1096F00000C0DCF8143043F04003CCF81430DCF840
:109700000C3043F01003CCF80C3043F24403C2F2A7
:109710000003D3F800E0DEF800C02CF0010319E0EC
:10972000DEF8003023F00103CEF80030DEF8003020
:10973000DB071FBFDEF8003023F00103CEF8003056
:10974000DEF8003018BF5FEAC37315D0DEF80030D2
:1097500023F00103CEF80030DEF80030DB071FBF36
:10976000DEF8003023F00103CEF80030DEF80030E0
:1097700018BF5FEAC373D3D144F60403C4F20003F5
:10978000CEF80830CEF80C00CEF81010CEF8042039
:10979000DEF8000040F48020CEF80000DEF8000083
:1097A00040F00100CEF8000080BD000080B548B355
:1097B00091ED061A91ED1E3A91ED1F4A33EE012A02
:1097C00034EE022AB0EE085A82EE052AB1F984205E
:1097D00081ED1E1A81ED1F3A81ED204A90ED063A87
:1097E00001EE102AB8EEC11AB4EE413AF1EE10FAC9
:1097F00080ED082A0AD0012281F8702080ED061A37
:1098000009E000BF9FED940A80BD00BF91F8702071
:10981000002A00F0CB8040F2D413C2F20003428849
:109820001B889A4292BF0132002281F87020428048
:109830000A7C01EB820212ED012A80ED082A0278EF
:1098400090ED103A90ED114A31EE420A80ED071A80
:1098500080ED100A80ED113A80ED124AB2B3012A70
:1098600040F0928090ED015A90ED026A30EE432A6A
:1098700033EE033A90ED037A22EE052A20EE065AE3
:1098800030EE430A34EE000A80ED0A2AD0E90D21B9
:1098900080ED0D0A20EE070A32EE052A90ED093A16
:1098A00090ED041A80ED0C0A32EE000A33EE000A45
:1098B000B4EE410AF1EE10FA80ED0B5AC0E90E2128
:1098C00080ED090A6CDCB1EE411A63E090ED021AFA
:1098D00030EE434A20EE013A9FED5F1A91F8702076
:1098E000B7EE007AF0EE410A80ED0D4A90ED015A94
:1098F00090ED036A90ED052A012A08BFF0EE470AB1
:1099000090ED0B7A23EE203A33EE073A91ED1D7A73
:10991000826B25EE075AB4EE423A20EE050A80ED3E
:109920000E4A24EE064AF1EE10FA80ED0B3A80ED75
:109930000A0AC26380ED0C4A06DCB1EE422AB4EE9C
:10994000423AF1EE10FA03DAB0EE423A80ED0B2A19
:1099500091ED1D2A30EE030AB5EE402A90ED042A5F
:1099600034EE000AF1EE10FA08BFB0EE410AB4EE90
:10997000420AF1EE10FA80ED090A09DDB0EE420A62
:1099800080ED092A80BD00BF90ED090A80BD00BFAF
:10999000B1EE421AB4EE410AF1EE10FAA8BF80BD52
:1099A000B0EE410A80ED091A80BD00BF0A7C9FED30
:1099B0002B5A01EB820212ED014A31EE444AB0EE1D
:1099C000C44AB4EE454AF1EE10FA0BDD42884AB9BA
:1099D000B5EE403AF1EE10FA04D000224A670122B7
:1099E00038E000BF91ED1D3AB7EE004AB4EE443ABC
:1099F000F1EE10FA2AD040F2D413C2F20003B3F809
:109A000000C04BF65203B0F802E0C0F21E53ACFBAC
:109A1000033296450AD2B0EE003AB4EE430AF1EEB4
:109A200010FA03DD0EF1010214E000BF47F2A402B8
:109A3000C0F63D22ACFB02239E4507D20EF1010287
:109A400042804FF07F524A67F9E600BF4FF07E52E6
:109A50004A6700224280F2E60000000000008242D5
:109A60002DE9F04F81B042F6C463C2F20003D3F88F
:109A700000C08946DCF8003023F00103CCF8003048
:109A800042F62473C2F200031B681F6827F0010727
:109A90001F60DCF8007007E0DCF8007027F00107B9
:109AA000CCF80070DCF80070FF071FBFDCF8007016
:109AB00027F00107CCF80070DCF8007018BF5FEAEF
:109AC000C77715D0DCF8007027F00107CCF80070DC
:109AD000DCF80070FF071FBFDCF8007027F00107FB
:109AE000CCF80070DCF8007018BF5FEAC777D3D1FC
:109AF0001F68FF071FBF1F6827F001071F601F684F
:109B000018BF5FEAC77715D01F6827F001071F60ED
:109B10001F68FF071FBF1F6827F001071F601F682E
:109B200018BF5FEAC77705D01F6827F001071F60DD
:109B3000DEE700BF43F29C6BC2F2000BDBF84C5037
:109B400046F20C44C4F202042E6846F2080E04F1F8
:109B50004C0846F28841C4F2020E4645C4F20201A6
:109B600014D98E4200F0A28046F27045C4F202057C
:109B7000AE4240F0D38020252560102525600825C1
:109B800025600425256001259DE000BF0EF1B0058C
:109B9000AE42009064D946F2104A4F46C4F2020A1F
:109BA00046F228495645C4F2020900F0BD824E45EE
:109BB00000F01E8146F24045C4F20205AE420CBFE1
:109BC0004FF400154FF000655645CEF8005400F0F4
:109BD00016814E4500F01A8146F24045C4F2020556
:109BE000AE420CBF4FF480154FF080655645CEF85D
:109BF000005400F012814E4500F0168146F24045B7
:109C0000C4F20205AE420CBF4FF400254FF00075C0
:109C10005645CEF8005400F00E814E4500F01281FA
:109C200046F24045C4F20205AE420CBF4FF4802517
:109C30004FF080755645CEF8005400F00A81009828
:109C40004E4500F0098146F24045C4F20205AE429D
:109C5000B9460CBF4FF480354FF48005FEE000BFDD
:109C60000EF1500A46F2100746F270005645C4F253
:109C70000207C4F2020040F2A180054608463946B8
:109C8000AE4200F00B8346F28805C4F202054F464F
:109C9000AE4200F0598246F2A005C4F20205AE427F
:109CA0000CBF4FF400194FF00069FAE24FF4006561
:109CB00025604FF4806525604FF4007525604FF4F2
:109CC0008075256040252560DBF848502D684545A6
:109CD00040F2CC808D4211D046F27041C4F20201B4
:109CE0008D4245D120212160102121600821216071
:109CF000042121600121216000F06BBC4FF4006160
:109D000021604FF4806121604FF4007121604FF4B5
:109D1000807121604021216000F05BBC04F194055A
:109D20004FF00067AE4208BF4FF4001727604FF0B6
:109D3000806708BF4FF4801727604FF00077AE426E
:109D400008BF4FF4002727604FF0807708BF4FF41B
:109D5000802727604FF48007AE4208BF4FF480375A
:109D60002760DBF848502D684545B3D87EE000BF3A
:109D700004F194014FF000678D4208BF4FF40017C3
:109D800027604FF0806708BF4FF4801727604FF0BF
:109D900000778D4208BF4FF4002727604FF080778F
:109DA00008BF4FF4802727604FF480078D4208BF1B
:109DB0004FF48037276000F00CBC00BFBE4200F0BB
:109DC000F38246F22805C4F20205AE4200F0C081DB
:109DD00046F24005C4F20205AE420CBF4FF4001536
:109DE0004FF00065CEF80050564540F2B88164E26D
:109DF0004FF400655645CEF800547FF4EAAE1025C6
:109E00005645CEF800547FF4F6AE06E04FF4806578
:109E10005645CEF800547FF4EEAE08255645CEF8F0
:109E200000547FF4FAAE06E04FF400755645CEF8C4
:109E300000547FF4F2AE04255645CEF800547FF46A
:109E4000FEAE06E04FF480755645CEF800547FF420
:109E5000F6AE0125009800E04025B946CEF8005442
:109E6000DBF848502D6845453FF634AF0EF1B001A0
:109E70008D4273D946F21044C4F20204A54200F0A8
:109E80005B8146F22841C4F202018D4200F012814A
:109E900046F24041C4F202018D420CBF4FF400165D
:109EA0004FF00066A542CEF8006400F00A8146F249
:109EB0002841C4F202018D4200F00A8146F240417D
:109EC000C4F202018D420CBF4FF480164FF0806641
:109ED000A542CEF8006400F0028146F22841C4F2A7
:109EE00002018D4200F0028146F24041C4F20201BB
:109EF0008D420CBF4FF400264FF00076A542CEF8FD
:109F0000006400F0FA8046F22841C4F202018D425A
:109F100000F0FA8046F24041C4F202018D420CBFCB
:109F20004FF480264FF08076A542CEF8006400F012
:109F3000F28046F22841C4F202018D4200F0F08026
:109F400046F24041C4F202018D420CBF4FF480340E
:109F50004FF48004CEF800443BE300BF0EF1500400
:109F6000A54240F28D8046F27001C4F202018D429A
:109F700000F0228246F28801C4F202018D4200F014
:109F80004D8146F2A001C4F202018D420CBF4FF494
:109F900000164FF00066CEF80460A54200F22E8253
:109FA00046F21001C4F202018D4200F00B8246F22B
:109FB0002801C4F202018D4200F0388146F24001CE
:109FC000C4F202018D420CBF4FF480164FF0806640
:109FD000CEF80060A54200F22D8246F21001C4F2D4
:109FE00002018D4200F0F48146F22801C4F2020120
:109FF0008D4200F0238146F24001C4F202018D42FD
:10A000000CBF4FF400264FF00076CEF80060A5425A
:10A0100000F22C8246F21001C4F202018D4200F0DF
:10A02000DD8146F22801C4F202018D4200F00E816A
:10A0300046F24001C4F202018D420CBF4FF480266B
:10A040004FF08076CEF80060A54200F22B8246F2F7
:10A050001001C4F202018D4200F0C68146F22801CF
:10A06000C4F202018D4200F0F98046F24001C4F2D0
:10A0700002018D420CBF4FF480344FF48004B4E1F0
:10A0800046F21001C4F202018D4200F0B18146F2A5
:10A090002801C4F202018D4200F0E28046F2400144
:10A0A000C4F202018D420CBF4FF400164FF000665F
:10A0B0009FE100BF4FF40066A542CEF800647FF434
:10A0C000F6AE1026A542CEF800647FF406AF06E097
:10A0D0004FF48066A542CEF800647FF4FEAE0826F9
:10A0E000A542CEF800647FF40EAF06E04FF4007690
:10A0F000A542CEF800647FF406AF0426A542CEF850
:10A1000000647FF416AF06E04FF48076A542CEF8E7
:10A1100000647FF40EAF0124CEF8004459E200BF82
:10A120004024CEF8004454E220255645CEF8005491
:10A130007FF44FAD63E600BF2026A542CEF8006451
:10A140007FF4B5AEBDE700BF4FF40069A9E000BFE2
:10A150004FF40065CEF80050564500F2AE80BE4286
:10A1600000F0D68146F22805C4F20205AE4200F0A6
:10A170007B8046F24005C4F20205AE420CBF4FF4AC
:10A1800080154FF08065CEF80050564500F2AD8046
:10A19000BE4200F0C58146F22805C4F20205AE4277
:10A1A0006AD046F24005C4F20205AE420CBF4FF43D
:10A1B00000254FF00075CEF80050564500F2AD80F6
:10A1C000BE4200F0B58146F22805C4F20205AE4257
:10A1D0005AD046F24005C4F20205AE420CBF4FF41D
:10A1E00080254FF08075CEF80050564500F2AD80C6
:10A1F0000098BE4200F0A48146F22805C4F2020590
:10A20000AE4249D046F24005C4F20205AE420CBF50
:10A210004FF480354FF4800593E100BF4FF40066A2
:10A22000CEF80460A5427FF6BBAEE7E04FF480664F
:10A23000CEF80060A5427FF6D0AEFBE04FF400768A
:10A24000CEF80060A5427FF6E5AE0FE14FF48076D0
:10A25000CEF80060A5427FF6FAAE23E14024C4E0C8
:10A260004FF40066C5E000BF4FF48065CEF80050A3
:10A2700056457FF68DAF38E04FF40075CEF80050AC
:10A2800056459DD949E000BF4FF48075CEF8005087
:10A290005645ADD959E000BF402552E14F464FF039
:10A2A0002009CEF80490B9460F46014646F27000E8
:10A2B000C4F2020056457FF652AF864200F04C8150
:10A2C00046F28805C4F20205AE4253D046F2A0051C
:10A2D000C4F20205AE420CBF4FF480154FF080650A
:10A2E000CEF8045056457FF653AF864200F03C81CD
:10A2F00046F28805C4F20205AE4243D046F2A005FC
:10A30000C4F20205AE420CBF4FF400254FF00075B9
:10A31000CEF8045056457FF653AF864200F02C81AC
:10A3200046F28805C4F20205AE4233D046F2A005DB
:10A33000C4F20205AE420CBF4FF480254FF0807589
:10A34000CEF8045056457FF653AF8642009800F091
:10A350001B8146F28805C4F20205AE4222D046F2C5
:10A36000A005C4F20205AE420CBF4FF480354FF495
:10A3700080050AE14FF48065CEF8045056457FF61B
:10A3800007AFB2E74FF40075CEF8045056457FF69C
:10A3900017AFC2E74FF48075CEF8045056457FF6EC
:10A3A00027AFD2E74025F0E02025CEF800505645F3
:10A3B0007FF6D5AE81E700BF2026CEF80460A54227
:10A3C0001CD8EDE51026CEF80060A54232D804E690
:10A3D0000826CEF80060A54248D81BE60426CEF831
:10A3E0000060A5425ED832E60124CEF80040F0E0DD
:10A3F0002026CEF80060A5427FF6D2AD46F270016D
:10A40000C4F202018D4200F0C98046F28801C4F214
:10A4100002018D4260D046F2A001C4F202018D42D9
:10A420000CBF4FF480164FF08066CEF80460A54252
:10A430007FF6D3AD46F27001C4F202018D4200F006
:10A44000B58046F28801C4F202018D424CD046F23A
:10A45000A001C4F202018D420CBF4FF400264FF060
:10A460000076CEF80460A5427FF6D4AD46F27001C6
:10A47000C4F202018D4200F0A18046F28801C4F2CC
:10A4800002018D4238D046F2A001C4F202018D4291
:10A490000CBF4FF480264FF08076CEF80460A542C2
:10A4A0007FF6D5AD46F27001C4F202018D4200F094
:10A4B0008D8046F28801C4F202018D4224D046F21A
:10A4C000A001C4F202018D420CBF4FF480344FF45E
:10A4D0008004CEF804407CE04FF48066CEF804603F
:10A4E000A5427FF67AADA5E74FF40076CEF804607A
:10A4F000A5427FF68FADB9E74FF48076CEF80460C1
:10A50000A5427FF6A4ADCDE74024CEF8044060E03C
:10A510001025CEF8005056453FF6E7AE38E600BFAE
:10A520000825CEF8005056453FF6F7AE48E600BF86
:10A530000425CEF8005056453FF607AF58E600BF59
:10A540000125CEF80050DBF848502D6845457FF6D0
:10A550008DACFFF7BFBB00BF1025CEF804505645A9
:10A560007FF616AEC1E600BF0825CEF8045056456A
:10A570007FF626AED1E600BF0425CEF8045056453E
:10A580007FF636AEE1E600BF0125CEF80450DBF8D9
:10A5900048502D6845453FF69DAB67E41026CEF840
:10A5A0000460A5427FF619AD44E700BF0826CEF847
:10A5B0000460A5427FF62EAD58E700BF0426CEF812
:10A5C0000460A5427FF643AD6CE700BF0124CEF8DE
:10A5D0000440CCF80C90D860CCF804205A60DCF829
:10A5E000000040F00100CCF80000186840F00100C5
:10A5F000186001B0BDE8F08FF0B543F29C63C2F281
:10A6000000031B685E6846F002065E605E6846F006
:10A6100001065E601E6846F040061E6042F6C46396
:10A62000C2F200031B681E6826F001061E601E6849
:10A63000F60716D01E6826F001061E601E68F60793
:10A640001FBF1E6826F001061E601E6818BF5FEA65
:10A65000C67606D01E6826F001061E601E68F60744
:10A66000E1D146F20C4EC4F2020E46F2080C0EF195
:10A670004C04C4F2020CA34276460DD80CF1B0058E
:10A68000AB4203D90CF5806606E000BF0CF1500523
:10A690006646AB4288BF043643F20C05C4F201059E
:10A6A0004FF4001737609D60D9605A60196841F017
:10A6B0001001196042F62471C2F2000109680B68AA
:10A6C00023F001030B600B68DB0716D00B6823F047
:10A6D00001030B600B68DB071FBF0B6823F001034E
:10A6E0000B600B6818BF5FEAC37306D00B6823F0DA
:10A6F00001030B600B68DB07E1D1A1420DD80CF11F
:10A70000B003994202D90CF5806E06E00CF15003BB
:10A71000994288BF0CF1040CE6464FF00063CEF876
:10A7200000308D60C8604A60F0BD00002DE9F04344
:10A7300081B0089C984615460E468146F9F7DEFC26
:10A74000201A00EB0804F9F7D9FC40F2B401C2F278
:10A7500000010968C1F3CB3161430091D9F80010C1
:10A760008A683240921BB2FA82F25209954203D1B2
:10A77000002001B0BDE8F083074618F101000ED1BA
:10A7800030E000BF009801380090D9F800008068E0
:10A790003040801BB0FA80F040098542E8D0F9F7DC
:10A7A000ADFCC01BA04227D200980028EAD10024AB
:10A7B000EBE700BF88683040801BB0FA80F04009AA
:10A7C0008542D5D088683040801BB0FA80F04009BF
:10A7D0008542CDD088683040801BB0FA80F04009B7
:10A7E0008542C5D088683040801BB0FA80F04009AF
:10A7F0008542DFD1BCE700BFD9E900014268B1F56D
:10A80000827F22F0E00242600BD1D9F80810B1F546
:10A81000004F02D0B1F5806F03D1016821F04001F3
:10A820000160D9F82810B1F5005F07D1016821F463
:10A8300000510160016841F400510160012089F874
:10A840005100002089F85000032001B0BDE8F083DA
:10A85000074B19680868B0E8F04F80F30988BFF328
:10A860006F8F4FF0000080F31188704700BF00BF6A
:10A870006402002088B042F22C55C2F2000528463E
:10A88000B821F5F73DFE46F29C329FEDD10ADFED8F
:10A89000D10A05F11C00C0F6010200214FF0000AA8
:10A8A000FEF7D6FE9FEDCC0A46F2903205F1680025
:10A8B000C0F601020021F0EE400AFEF7C9FE43F6A1
:10A8C0000C4BC2F2000B0BF124042046FEF7B6FE3F
:10A8D0000BF1AC063046FEF7B1FE9FEDC08A9FED4E
:10A8E000C09A4CF6CF490DF11408C3F64C594FF0FD
:10A8F0008247204600214246B0EE480AF0EE490A5F
:10A90000CDF81CA0CDF8189005970394FEF7A0FE93
:10A910009FEDB4AA5846B0EE4A0A052107F05AFC4A
:10A9200005A880E88006304600214246B0EE480A7D
:10A93000F0EE490A0296FEF78BFE0BF188042046E2
:10A94000B0EE4A0A052107F045FCC82007F058FA86
:10A9500043F61028C2F2000840F26841D8F804001B
:10A96000C2F2000191ED000A2860B8F80800B8EEC4
:10A97000C01A98ED070AA882584685ED021A05F01C
:10A9800043FC98ED0A0A2046049405F03DFCF6F7D6
:10A990003FFF95ED000A9FED94AA40F25854C2F291
:10A9A00000049FED92BA20EE0A0A94ED011A20EEFF
:10A9B0000B0A9FED8FCA30EE010A30EE0C0A40F20E
:10A9C000B452B5EE400AC2F200024FF47A719FED24
:10A9D00089DAF1EE10FAD8BFB0EE4D0A1181217874
:10A9E00084ED010ABDEEC00A40F2C45910EE100A0F
:10A9F000C2F200090129A9F80A0006D0B1B940F253
:10AA0000EE21884212D301202070608840F23F225C
:10AA1000013081B29142C4F810A0A5F816A0C5F883
:10AA200048A0608022BF002060802070207B012829
:10AA30002BD14EF6B620ABF8840041F24A50ABF869
:10AA40000C010398B0EE080A5946FEF7AFFE0298D3
:10AA50000499B1EE000AFEF7A9FE9BED120A9BEDE8
:10AA6000341ABDEEC00A10EE10CABDEEC10A42F69D
:10AA7000946010EE10EAC2F200004FF40071002260
:10AA80000023CDE900CEF5F781FF42F66C67002682
:10AA9000C2F200074FF47A7AB0EE088AB1EE009A5B
:10AAA000B5F9162038464FF4007100230096019640
:10AAB000F5F76CFF012007F0A3F9D8F8040028602F
:10AAC00040F26840C2F2000090ED000AB8F80800B9
:10AAD000B8EEC00A85ED020A98ED070AA88258462A
:10AAE00005F092FB98ED0A0A049805F08DFBF6F745
:10AAF0008FFE95ED000A94ED011A20EE0A0A20EE71
:10AB00000B0A30EE010A30EE0C0AB5EE400AF1EE07
:10AB100010FAD8BFB0EE4D0A217884ED010ABDEEDF
:10AB2000C00A40F2B45210EE100A0129C2F200022B
:10AB3000A9F80A00A2F808A006D091B940F2EE21C7
:10AB400088420ED301202070608840F23F220130FD
:10AB500081B22661EE82AE649142608024BF66803D
:10AB60002670207B01289BD14EF6B620ABF88400DE
:10AB700041F24A50ABF80C0103985946B0EE480A2E
:10AB8000FEF714FE02980499B0EE490AFEF70EFE95
:10AB90009BED120A9BED341ABDEEC00A10EE106A4E
:10ABA000BDEEC10A42F69460BA462F4610EE105A26
:10ABB000C2F200004FF4007100220023CDE90065CD
:10ABC0003D4657464FF47A7A0026F5F7DFFE67E7F1
:10ABD0000080BB4500803B4500401C4600803B4652
:10ABE00000009644CDCC4C3E0AD7233CD6B9723BEC
:10ABF000B81E05BE000000002DE9F04F81B02DED1C
:10AC0000068B82B040F27450C2F20000C178022973
:10AC10001CD0012906D049B102B0BDEC068B01B0B1
:10AC2000BDE8F08F8078022840F0C88042F6B4007A
:10AC3000C2F20000806942F2A448C2F20008C8F8DB
:10AC400060000020A8F80C0014E000BF4078002845
:10AC500000F0F48042F6B400C2F20000806942F2D3
:10AC6000A448C2F20008C8F860004FF48070A8F849
:10AC70000C00002088F80E00D8E900010091D8F8F7
:10AC8000081001910BF06CF89FED710B05465AEC22
:10AC900010BB5A4653460F460AF076FE02460B4654
:10ACA000284639460AF06EFF9FED6B0B044652ECC6
:10ACB000100B4FEAD2790E46204669F3DF760AF090
:10ACC00055FB9FED670B09EE100A57EC105B204611
:10ACD00031462A463B460BF091F89FED658A0028E5
:10ACE00018BFB0EE489A009888ED009A0BF038F83B
:10ACF0005A46534604460E460AF046FE02460B46A6
:10AD0000204631460AF03EFF0E46044669F3DF76E0
:10AD10000AF02CFB09EE100A204631462A463B4633
:10AD20000BF06CF8002818BFB0EE489A019888ED37
:10AD3000019A0BF015F85A46534604460E460AF09F
:10AD400023FE02460B46204631460AF01BFF0E4604
:10AD5000044669F3DF760AF009FB09EE100A204683
:10AD600031462A463B460BF049F89FED420A9FEDDB
:10AD7000421A002818BFB0EE489A29EE000A80EE69
:10AD800001AA88ED029A1AEE100A20F000400AF09B
:10AD9000E7FF9FED350B53EC102B0BF021F800284B
:10ADA00018BFB0EE4A8A88ED178A02B0BDEC068B58
:10ADB00001B0BDE8F04F04F0F3BD00BF40F2BC307D
:10ADC000C2F20000B0F908109FED2C1A00EE101A24
:10ADD000B8EE400A80EE010A9FED292A0A29B0F94F
:10ADE0000410B0F906009FED221A20EE020AC8BF37
:10ADF000B0EE401A00EE100A484203EE100A42F28A
:10AE0000F8709FED202AC2F20000B8EEC00AB8EE3A
:10AE1000C33AD0ED021A0120B5EE401A20EE020A24
:10AE200063EE020AF1EE10FA08BF032002B0BDEC97
:10AE3000068B01B0BDE8F04F04F07ABE02B0BDEC65
:10AE4000068B01B0BDE8F04FFEF7EAB800BF00BFC7
:10AE50009A9999999999E93F000000000000000033
:10AE60000000000000001C407B14AE47E17A843FE4
:10AE700000000000B81E053E00806D430000254420
:10AE800000402D457CF0C13FF0B581B02DED048B25
:10AE900040F27457C2F20007B878062840D8DFE8BD
:10AEA00000F005430F9B3FCD330000BF9FED910A9B
:10AEB000F0EE400AB0EE401AF0EE401AE2E000BFB9
:10AEC000388941F64F32013081B2C9085143C90C6B
:10AED0004FF4167201FB120340F23840C2F2000038
:10AEE0009FED840A90ED011AD0ED021AF0EE400AAF
:10AEF0000120012101223B81BDEC048B01B0BDE8A2
:10AF0000F04005F039BA00BF9FED7A0A97ED051AB7
:10AF1000D7ED061AF0EE400A01200121B4E000BF8F
:10AF2000BDEC048B01B0F0BD42F6B400C2F20000EB
:10AF3000D0F8D8000AF014FF054640F2BC30C2F247
:10AF40000000B0F90040B0F902000E460AF08CFC97
:10AF50009FED630B53EC102B0AF016FD2A46334687
:10AF60000AF036FA0AF002FA08EE100AB5EE408A44
:10AF7000BBEE090A9FED5F9AF1EE10FAC8BFB0EE82
:10AF8000498AB4EE408A2046F1EE10FAB8BFB0EE1E
:10AF9000408A87ED038A0AF067FC9FED530B53EC60
:10AFA000102B0AF0F1FC0AF0E1F9034600EE100A5A
:10AFB000B1EE400AF0EE490AB0EE491AF0EE481A36
:10AFC0000020012100223B61BDEC048B01B0BDE8F3
:10AFD000F04005F0D1B900BF40F2FC41C2F20001DF
:10AFE000D1F81700D1F81B500AF0BAFE9FED3A0BCA
:10AFF00054EC106B324623460AF0C6FC0AF0B6F950
:10B0000008EE100A28460AF0ABFE324623460AF044
:10B01000BBFC0AF0ABF900EE900A42F2F870C2F203
:10B02000000090F8201007F11C00B0EE480ABDECBB
:10B03000048B01B0BDE8F040F7F722BA40F2FC40C3
:10B04000C2F20000C17F012926D180689FED2A0A43
:10B0500001EE100A81EE000A40F2BC30C2F200009C
:10B060009FED261AB0F902009FED212A20EE010A79
:10B0700001EE100AB8EEC11A61EE020A9FED1D1A28
:10B08000F0EE411A002000210022BDEC048B01B03B
:10B09000BDE8F04005F070B940F2BC30C2F20000EB
:10B0A000B0F902009FED122A00EE100AB8EEC01AA5
:10B0B0009FED100A61EE020AB0EE401AF0EE401A5F
:10B0C000002000210222BDEC048B01B0BDE8F0405D
:10B0D00005F052B900BF00BF95B0DB0CDCA54C40B9
:10B0E0007B14AE47E17A943F9A9999999999C93F0F
:10B0F000E9A28B3D00000000DB0F49400000344313
:10B100008AB00020C4F2FA3009900020C4F2F01096
:10B11000089048F20000C4F2BB40079042F2A440FD
:10B120009FEDDB8AC2F200009FEDDA0A103007AA19
:10B130000021F0EE480A0024FEF78AFA9FEDE40BA6
:10B1400042F6B40251EC100BC2F200029FEDE21B7A
:10B15000C80F05909FEDE20B02F17400049051ECD2
:10B16000110BCDE9021051EC100BCDE9001040F2AB
:10B17000745640F2BC359FEDDE9A9FEDDEAA9FED3E
:10B18000DABB40F2FC48DDE902A9DDF800B0C2F20A
:10B190000006C2F20005C2F20008D0E040F2DC5026
:10B1A000F08042F6B400C2F20000806942F2A44589
:10B1B000C2F2000528660020A881A873D5E9000620
:10B1C000A96806910AF0CCFD4A46534604468846D3
:10B1D0000AF0DAFB02460B46204641460AF0D2FC52
:10B1E000DDF814800F46044668F3DF770AF0BEF8F6
:10B1F0003946019F0CEE100A20463A465B460AF09B
:10B20000FDFD0028304618BFB0EE48CA85ED00CAE3
:10B210000AF0A6FD4A46534604460E460AF0B4FB21
:10B2200002460B46204631460AF0ACFC0E46044668
:10B2300068F3DF760AF09AF80CEE100A20463146E1
:10B2400040F274563A465B46C2F200060AF0D6FD5A
:10B25000002818BFB0EE48CA069885ED01CA0AF06A
:10B260007FFD4A46534604460D460AF08DFB0246D2
:10B270000B46204629460AF085FC0D4668F3DF752B
:10B2800040F2FC480446C2F200080AF06FF80CEEE7
:10B29000100A2046294640F2BC353A465B46C2F2C7
:10B2A00000050AF0ABFD002818BFB0EE48CA2CEE2E
:10B2B000090A80EE0ADA42F2A444C2F2000484EDE4
:10B2C00002CA1DEE100A20F000400AF049FD53ECBE
:10B2D0001B2B0AF085FDB0EE480A002818BFB0EE1F
:10B2E0004D0A84ED170A04F05BFB42F6B407C2F284
:10B2F00000070020A7F8EA00F88404980024FEF76D
:10B300009DF907F12800FEF799F907F59C70FEF703
:10B3100095F907F1EC00FEF791F940F2B451F0888D
:10B32000C2F20001097B0138F08001F0010040F217
:10B33000AC11C2F200010870012006F061FD40F27C
:10B340009830C2F20000007800F0F000302803D1FD
:10B35000012070702AE000BFD8F8000000EE100A4B
:10B36000B5EE400AF1EE10FA4FF00000F1D1D8F836
:10B37000041000EE101AB5EE400AF1EE10FAE8D112
:10B38000D8F8081000EE101AB5EE400AF1EE10FAE7
:10B39000DFD198F81F100029DBD198F8211000297F
:10B3A000D7D198F82010002918BF707003F06AFBFD
:10B3B000FFF76AFDFFF720FCE87A10F0FD0F0CD0D4
:10B3C000A87A032814D0022810D0012818D140F2FE
:10B3D00064510120C2F2000108703078032860D85F
:10B3E000DFE800F0023A1C4CA87A0EE0002000E0F2
:10B3F000012040F26451C2F2000108700EE000BF6B
:10B4000040F26451C2F200010C70B178012808BF0B
:10B41000022939D0012808BF01293DD043F6402038
:10B42000C2F2000090F8410000F0FE01022903D1B1
:10B430000120307035E000BFA97A012908D1B17828
:10B44000022905D101280FD80220307029E000BF61
:10B450003470032024E000BF43F64020C2F2000015
:10B4600090F841000128EFD9A87A012802D1B078DC
:10B47000022806D03470042012E000BFB078012802
:10B480000FD0052034700BE002203070012007E05F
:10B490000000000000007A4403203070022000BF4A
:10B4A000307140F2B450C2F20000007B10F0010095
:10B4B00007D040F2AC11C2F20001097800293FF434
:10B4C0006DAEF18800297FF46CAE30E700BF00BF9D
:10B4D00000000000000000009A9999999999E93FAD
:10B4E0000000000000001C407B14AE47E17A843F5E
:10B4F000B81E053E00806D4380B54FF0500080F3CC
:10B500001188BFF36F8FBFF34F8F08F081FA30B10E
:10B510004EF60450CEF200004FF080510160002042
:10B5200080F3118880BD000070B592B006AC204653
:10B530003021F4F7E5FF002543F640000595CDE9FD
:10B540000355CDE901550095C4F2020001680226B9
:10B5500041F080510160006800F080500090009838
:10B5600047F200000095C4F20000016841F48041F8
:10B570000160006800F4804000900098012006906F
:10B580004FF4803007904FF480000D9006200E900D
:10B59000A820CDE90F060720119020460C96FAF757
:10B5A000DBFA18B172B600BFFEE700BF0F20CDE98D
:10B5B00001064FF4A05004904FF48050059001A86C
:10B5C00005210395FAF790F910B172B6FEE700BFB6
:10B5D00012B070BD4EF68850CEF20000016841F402
:10B5E000700101607047000043F28470C2F20000F5
:10B5F000FBF726B943F2CC70C2F20000FBF720B98A
:10B60000B0B540F6FF3E0568C4F2000E40F2004CB3
:10B610007045C4F2010C25DCB0F1804F2FD040F210
:10B620000043C4F20003984229D040F60003C4F25C
:10B630000003984223D041F6FF73C4F200039842FE
:10B6400028DC70453ADCB0F1804F5BD040F200431B
:10B65000C4F20003984255D040F60003C4F2000340
:10B660004EE000BF40F60043C4F20003984206D00B
:10B67000604504D00023C4F201039842DBD14B683B
:10B6800025F0700243EA020541F6FF73C4F200039D
:10B690009842D6DD43F6FF73C4F2010398421FDCE3
:10B6A00042F20003C4F2000398422BD00023C4F2FC
:10B6B0000103984226D0604524D028E040F600439C
:10B6C000C4F2000398421DD041F60003C4F2000307
:10B6D000984217D041F60043C4F2000310E000BFC7
:10B6E00044F20003C4F2010398420BD044F6000375
:10B6F000C4F20103984205D044F20043C4F20103AE
:10B70000984204D1CB6825F4407243EA02050A68E6
:10B710008C684B69C46240F480648262644504BFF3
:10B7200009690163026825F0800142F004021943AF
:10B730000260012242610160B0BD0000806B002107
:10B74000C185FBF72DBB0000806B01684A6990F84A
:10B750004130212B2DD112F080022AD00021C1844A
:10B76000016851E8031F026821F0C00142E8031399
:10B77000DBB1016851E8031F026821F0C00142E813
:10B78000031393B1016851E8031F026821F0C0015F
:10B7900042E803134BB1016851E8031F026821F02E
:10B7A000C00142E80313002BDAD1202180F84110B8
:10B7B0000168496990F84220222A40F07D8011F00A
:10B7C000400179D00021C185016851E8031F02685A
:10B7D00021F4907142E80313BBB3016851E8031FE1
:10B7E000026821F4907142E8031373B3016851E8D1
:10B7F000031F026821F4907142E803132BB3016820
:10B8000051E8031F026821F4907142E80313002BF2
:10B81000DAD11AE0016851E8051F026821F0010140
:10B8200042E80513DBB1016851E8051F026821F009
:10B83000010142E8051393B1016851E8051F026850
:10B8400021F0010142E805134BB1016851E8051FE1
:10B85000026821F0010142E80513002BDAD1016BE7
:10B86000012924D1016851E8031F026821F0100169
:10B8700042E80313DBB1016851E8031F026821F0BD
:10B88000100142E8031393B1016851E8031F0268F5
:10B8900021F0100142E803134BB1016851E8031F86
:10B8A000026821F0100142E80313002BDAD12021B5
:10B8B00080F8421000210163416C41F010014164A5
:10B8C000FBF76EBA0168806B0968C90548BFFBF7D2
:10B8D00037BF0021C18400BF016851E8051F02681D
:10B8E00021F0800142E8051383B3016851E8051F88
:10B8F000026821F0800142E805133BB3016851E87A
:10B90000051F026821F0800142E80513F3B10168C8
:10B9100051E8051F026821F0800142E80513002B61
:10B92000DAD113E0016851E8031F026841F04001D9
:10B9300042E80313002B08BF7047016851E8031F5A
:10B94000026841F0400142E8031393B1016851E8F5
:10B95000031F026841F0400142E803134BB1016844
:10B9600051E8031F026841F0400142E80313002B35
:10B97000D8D17047806BFBF7E5BE000081B090F82E
:10B980004210222921D183680246B3F5805F09D194
:10B9900052F8281F52F8183C002B63D003685B68EC
:10B9A0000AE000BF52F8281F13B90369002BF5D035
:10B9B00003685B6803F07F030B701168013111604D
:10B9C000C18D01390A04C18502D001B0704700BFA2
:10B9D0000168CA6822F02002CA60CA6822F4807234
:10B9E000CA604A6922F001024A61202180F84210AF
:10B9F00000214163026B012A3CD10163016851E8D7
:10BA0000031F026821F0100142E80313DBB1016853
:10BA100051E8031F026821F0100142E8031393B1BB
:10BA2000016851E8031F026821F0100142E8031386
:10BA30004BB1016851E8031F026821F0100142E890
:10BA40000313002BDAD101680A68D20606D500225A
:10BA500000920A680092496800910099818D01B0B6
:10BA6000FBF79CB9026852686FF35F2221F8022B42
:10BA70008162A5E701B0FBF7F7BD0000B0B5044651
:10BA8000006804F108030ECB0569194325F44055FD
:10BA90002A4302616269E3691143C268194349F2AA
:10BAA0000C639A431143C1604169A26921F440715A
:10BAB00041F20043114340F48062C4F201039A4210
:10BAC000416103D1F9F7FCFF02E000BFF9F7E4FFA1
:10BAD000E1694FF69C7563681922C0F6FF75B1F5F0
:10BAE000004FA0FB02011FD15A00DB0FF4F7F2FB5D
:10BAF00048F21F51C5F2EB11A0FB01235A0905F1D1
:10BB0000805302FB0300322303EBC000A0FB0101C2
:10BB10004FF4F87000EA111000EB0210C1F342116B
:10BB2000084421688860B0BD9A009B0FF4F7D2FBEF
:10BB300048F21F51C5F2EB11A0FB01235A0902FB89
:10BB40000500322303EB0010A0FB0101F02000EA06
:10BB5000511000EB0210C1F34311084421688860C2
:10BB6000B0BD000080B500F009F843F6A400C2F2B1
:10BB70000000BDE88040FBF715B9000041F200006D
:10BB8000C4F201000068C00658BF70472DE9F04FAD
:10BB900081B00020009043F6A400C2F200000168CA
:10BBA000C56B086840F6C40600904868C2F20006FB
:10BBB000009000982868016821F001010160416847
:10BBC000C1F580724FF4807141600368016892B2E0
:10BBD0001B030BD441F40021016040F6C40041F284
:10BBE0006424C2F20000C2F200040CE021F400213F
:10BBF000016041F26420C2F2000000F5807440F65A
:10BC0000C400C2F200002146F4F740FC20464FF485
:10BC10008071F4F775FC2868016841F0010101604A
:10BC20003078A52840F0798040F6C40040F2D8462C
:10BC300042F20858C2F2000040F20139C2F2000696
:10BC4000012441F2883BC2F2000805E005EB0A003E
:10BC500002300178A5295DD1B0F80570B0F801A0D7
:10BC6000A7F20151062900F107051BD8DFE801F012
:10BC7000102A0E0E0E380400287A296886F84F0024
:10BC80006868C6F84710C6F84B00DFE7DEE700BF7C
:10BC9000286806F124036968AA6807C3F472A6F845
:10BCA00010B0D3E74F4527D0B7F5427FCED14046FD
:10BCB00029462222F4F7A5FBF473A6F818B03470D5
:10BCC000C4E700BF2868A9686A68C6F84310C6F8C8
:10BCD0003F20C6F83B003473A6F812B0B6E700BFA9
:10BCE0002868D5F807106A68C6F83710C6E90C024C
:10BCF0007473A6F814B0A9E7288929687084686865
:10BD0000C6F81A10C6F81E000220B473A6F816B0C2
:10BD100030709BE7A6F802A0B78040F6C400C2F2DC
:10BD200000004FF48071F4F7EBFB01B0BDE8F08F39
:10BD3000AFF300802DE9F04382B043F6EC00C2F28D
:10BD400000000068016889066ED444F60001C4F260
:10BD500000010968C9066ED50021009101682423FD
:10BD6000009140680090009843F24400C2F2000045
:10BD7000006801680268090322F00102026042685B
:10BD8000436091B25AD40268122942F40022026040
:10BD9000026842F0010202604DD140F2BC31C2F2B1
:10BDA0000001887DCF7DCE7D0C7E91F818804D7E80
:10BDB00091F81A9091F81AE091F81BC0CB7EF60822
:10BDC000C3F301138B72CB7E64F34A169B09CB72CB
:10BDD0000B7F4A7F67F30A2043EA02228A818A7F27
:10BDE000CB7F4FEA5E0742EA0322CA8191F8202006
:10BDF00091F8213042EA03220A8291F82220AB0016
:10BE00008A7491F8232043EA9813CA7491F8242085
:10BE100091F8254069F38A2342EA04228A8291F844
:10BE2000262091F8275068E00021019101680191D6
:10BE300040680190019802B0BDE8F08346F2280204
:10BE4000C4F202021368122923F40023136002686B
:10BE500042F001020260EED140F2BC31C2F20001B8
:10BE600091F83A0091F83B7091F83B6091F83C40B2
:10BE700091F83C8091F83D5091F83E9091F83EE069
:10BE800091F83FC091F83F30F608C3F301138B726D
:10BE900091F83F3064F34A169B09CB7291F8403019
:10BEA00091F8412067F30A2043EA02228A8191F83F
:10BEB000422091F843304FEA5E0742EA0322CA81EA
:10BEC00091F8442091F8453042EA03220A8291F821
:10BED0004620AB008A7491F8472043EA9813CA744D
:10BEE00091F8482091F8494069F38A2342EA0422F4
:10BEF0008A8291F84A2091F84B50A0F58060088022
:10BF0000A6F580606CF3CA1742EA05224880A3F5C3
:10BF100080608880A7F58060A2F58062C8800020DC
:10BF20000A8102B0BDE8F04304F002B880B500F029
:10BF300009F843F63410C2F20000BDE88040FAF779
:10BF400031BF000080B582B043F63410C2F2000069
:10BF500000680168890633D441F20041C4F201014E
:10BF60000968C90633D50021009101684FF40072B9
:10BF7000009140680090009843F2A400C2F20000D3
:10BF8000036818681968000321F0010119605968F5
:10BF90005A60C1F500718AB222D4186840F6252192
:10BFA00040F4002018601868C2F2000140F001005F
:10BFB000186040F62860C2F2000004F09DF906E027
:10BFC000002101910168019140680190019843F6B8
:10BFD0003410C2F2000002B0BDE88040FAF7E2BEC1
:10BFE00046F22800C4F20200016821F40021016039
:10BFF000186840F0010C40F62520C2F2000000F560
:10C00000007140F62860C2F20000C3F800C002B020
:10C01000BDE8804004F070B92DE9F04740F2B4501B
:10C02000C2F2000040F2C6640178C2F20004208827
:10C0300040F2D84A6B29C2F2000A19D1D4F8021092
:10C04000B4F806906289E389A789AAF85E00CAF865
:10C0500060104FF6FF704FF6FF7C4FF6FF7E4FF6F5
:10C06000FF784FF6FF754FF6FF714FF6FF7416E03D
:10C07000B4F802C0B4F804E0B4F806806589E18938
:10C08000A4894FF0FF32CAF85E20AAF862204FF66A
:10C09000FF794FF6FF724FF6FF734FF6FF77AAF85E
:10C0A000500040F29830C2F20000AAF85C1001780B
:10C0B000AAF86870AAF856804FEA111840F6C4171B
:10C0C000B0F8010040F24231C2F20007C2F20001B2
:10C0D0000978A7F8010040F25030C2F200008AF857
:10C0E0006C10006840F24B31C2F20001B1F801104F
:10C0F000C7F8030040F2A430C2F20000AAF866209C
:10C100003981016842688068C7F80A10C7F81200D0
:10C1100040F27430C2F2000081788079B97540F243
:10C120008831C2F20001C7F80E200A88F8758888A5
:10C1300040F25831C2F200010968AAF86F0040F2DB
:10C14000B070C2F20000CAF871100168AAF854E099
:10C15000AAF85A40046907F1180EAAF86A30AAF83A
:10C160005850AAF86D2042688368C5688EE82E0092
:10C1700007F12801AAF852C04669D0F818C081E832
:10C18000501040F26831C2F20001C0690A68898823
:10C19000C7E90D0240F2D870C2F200008279B98777
:10C1A00002F0800142F2E452C2F2000287F83E102F
:10C1B00091885388A7F849109189A7F83F30A7F8CC
:10C1C0004110017CC37A87F85410118B87F85330E3
:10C1D000D389A7F84D10118CA7F84B30D38A528C15
:10C1E000A7F84510817EA7F84330437DA7F84F207C
:10C1F000028C87F85610418C90F82400A7F847204D
:10C2000087F8570040F2B030C2F20000A7F8511092
:10C21000017A02684068AAF86490C7E9162042F2E1
:10C22000F870C2F20000806887F8008087F8553007
:10C2300087F8601009F094FD42F6B409C2F20009D3
:10C240000446D9F804000D4609F08AFD9FED140B51
:10C2500053EC102B09F098FB9FED130B53EC102BB4
:10C2600009F092FB22462B4609F0B2F809F07EF85D
:10C2700099ED660A99ED671ACAF8750031EE000A61
:10C2800010EE100AB8F1040FCAF879001EBF0020A2
:10C2900087F86000C7E91600BDE8F08700BF00BF5F
:10C2A000EC51B81E85EBB13F000000A069DE913F64
:10C2B000D0F8D42200EB820CDCF8C032002B04BF93
:10C2C00003207047B0B501F00F0404EB840200EBCB
:10C2D000820E5EF8142F5AB1D0F8C85204EBC40491
:10C2E00005EB8404E469B2FBF4F505FB14229AB172
:10C2F0000020C3F81402DCF8C422D2F810C0BCF14C
:10C30000000F08BFB0BDD3F808020A4603F5047158
:10C31000E0470020B0BD00BF00220023CEF800207F
:10C3200000F0C4FE0020B0BDB0B5D0F8D42200EBC0
:10C330008202D2F8C0529DB1044600F04DFDD4F8FF
:10C34000D412C5F80C0204EB8101D1F8C412D5F85F
:10C350000402CA6805F5037190470020B0BD00BF14
:10C360000320B0BD70B58121044600F073FC0025A8
:10C370002046012184F8375000F06CFC20468221D1
:10C3800084F8775100F066FCD4F8D40204F53076D6
:10C3900056F8201084F84B50656489B104EB800096
:10C3A000D0F8C40240688047D4F8D40256F8200080
:10C3B00001F068F9D4F8D40246F82050C4F8BC5211
:10C3C000002070BD10B5D0F8D41200EB8100D0F879
:10C3D000C0428CB1D0F8C41259B194F80002FF28C1
:10C3E00007D08B6894F8012221469847FF2084F8F3
:10C3F0000002002010BD00BF032010BD014640F226
:10C4000034100A22C2F200000A807047F0B581B0F1
:10C4100040F2F007C2F2000704463846822100F0DD
:10C420002FFB06463846012100F02AFB0546384618
:10C43000812100F025FB002E1CBF1021B171002DC1
:10C440001CBF4021A98000281CBF402181804321BE
:10C4500040F2F000C2F20000218001B0F0BD000007
:10C46000F0B581B040F2F007C2F20007044638464A
:10C47000822100F005FB06463846012100F000FB52
:10C4800005463846812100F0FBFA002E1CBF102122
:10C49000B171002D1CBF4FF40071A98000281CBF92
:10C4A0004FF400718180432140F2F000C2F200009D
:10C4B000218001B0F0BD0000F0B581B040F2F0077E
:10C4C000C2F2000704463846822100F0D9FA064637
:10C4D0003846012100F0D4FA05463846812100F0A3
:10C4E000CFFA002E1CBF1021B171002D1CBF4021BE
:10C4F000A98000281CBF40218180432140F2F00028
:10C50000C2F20000218001B0F0BD00002DE9F04131
:10C5100004464FF4077001F0B7F8002850D04FF4EC
:10C5200007710546F3F7ECFFD4F8D402402704EB7B
:10C530008000C0F8C052207CC4F8BC52002808BF5C
:10C540004FF400772046812102223B46022600F06C
:10C55000C1FC4FF001082046012102223B4684F82D
:10C56000378000F0B7FC102060642046822103224F
:10C57000082384F8778100F0ADFCD4F8D4020027BA
:10C58000C5F8047204EB8000D0F8C40284F84B8034
:10C5900000688047C5F81472C5F81872D5F80422EF
:10C5A00052B1207C01210028204614BF40234FF4C3
:10C5B000007300F0A3FC00263046BDE8F08100BF08
:10C5C000D4F8D402002104EB8000C0F8C01202208D
:10C5D000BDE8F081D0F8D41200EB8101D1F8C0128F
:10C5E000002904BF0320704780B590F810C0D1F82F
:10C5F000042240230121BCF1000F08BF4FF4007357
:10C6000000F07CFC002080BD00290FBF0320D0F883
:10C61000D42200EB8200C0F8C41218BF002070477B
:10C62000D0F8D42200EB8200D0F8C00200280EBF60
:10C630000320C0F80412002070470000D0F8D43264
:10C6400000EB8300D0F8C00200280FBF0320C0F821
:10C650000812C0F81022002070470000F0B581B029
:10C66000D0F8D42200EB8203D3F8C0420022002C81
:10C670008DF80320ADF8002060D00D7815F0600231
:10C6800018D0202A58D1CA88002A29D06DB2B5F115
:10C69000FF3F2FDD4978402A84F80012214628BF49
:10C6A000402284F8012200F099F80024204601B0CD
:10C6B000F0BD00BF4A780B2A3ED80024DFE802F024
:10C6C00008063C3C3C3C3C3C3C3C2A38EEE700BF86
:10C6D00090F89C22032A2FD16946022221E000BF54
:10C6E000D3F8C40200228368487800249847204683
:10C6F00001B0F0BDD3F8C43206469D684B780F46B2
:10C7000018462146A847FA883046072A28BF07223C
:10C71000214606E090F89C22032A0DD10DF1030179
:10C72000012200F077F80024204601B0F0BD00BFE0
:10C7300090F89C22032AB9D000F044F80324204644
:10C7400001B0F0BDD0F8D41200EB8101D1F8C022C5
:10C75000002A04BF03207047D2F8141200294FF0BA
:10C76000010101D00846704780B5C2F81412D2F812
:10C770001032D2F808228121836200F097FC002158
:10C78000BDE880400846704780B5D0F8B8225268AE
:10C790009047002818BF032080BD0000002070478C
:10C7A0000020704780B513460A46002100F0A6FB22
:10C7B000002080BD80B513460A46002100F076FCBB
:10C7C000002080BD10B58021044600F03DFC2046CD
:10C7D0000021BDE8104000F037BC000080B51346D2
:10C7E0000A460321C0F894120021C0F86421C0E970
:10C7F000553300F083FB002080BD000080B505218B
:10C80000C0F8941200210022002300F077FB0020E2
:10C8100080BD000080B513460A460221C0F894127C
:10C8200000214262C0E9053300F040FC002080BDD9
:10C8300080B50421C0F8941200210022002300F0EA
:10C8400035FC002080BD000010B540F64464C2F203
:10C8500000040A4602A0214600F054F9204610BD0B
:10C8600043444320436F6E666967000040F2401006
:10C870001222C2F200000A807047000010B540F694
:10C880004464C2F200040A4602A0214600F03AF9CC
:10C89000204610BD43444320496E7465726661634F
:10C8A0006500000040F268100422C2F200000A8015
:10C8B0007047000010B540F64464C2F200040A4616
:10C8C00002A0214600F01EF9204610BD53544D69C8
:10C8D00063726F656C656374726F6E696373000079
:10C8E00010B540F64464C2F200040A4602A0214694
:10C8F00000F008F9204610BD53544D3332205669DC
:10C90000727475616C20436F6D506F72740000001B
:10C9100047F61020C1F6FF70026883684FF01A0CCA
:10C920009B18A1F800C000F0A680B0B54FF0370CFE
:10C930001A0F0CEB13714068B3F1204F38BF02F1AE
:10C94000300140F26C12C2F20002917019014FF0F6
:10C95000000E0CEB117582F803E0C3F30364B1F130
:10C96000204F38BF04F13005190215710CEB117519
:10C9700082F805E0C3F30354B1F1204F38BF04F14E
:10C980003005190395710CEB117582F807E0C3F3BC
:10C990000344B1F1204F38BF04F13005190415727A
:10C9A0000CEB117582F809E0C3F30334B1F1204FA9
:10C9B00038BF04F13005190595720CEB117582F83A
:10C9C0000BE0C3F30324B1F1204F38BF04F130056D
:10C9D00019061573C3F303140CEB1175B1F1204F55
:10C9E0004FEA037103F00F0382F80DE038BF04F142
:10C9F000300503F13704957382F80FE0B1F1204F51
:10CA000038BF03F13004010F0CEB1073147482F87B
:10CA100011E0B0F1204F38BF01F1300301010CEB00
:10CA20001174937482F813E0C0F30363B1F1204FE3
:10CA300038BF03F1300401021475C0F303530CEB4B
:10CA40001174B1F1204F4FEA003182F815E038BF80
:10CA500003F130040CEB1173947582F817E0C0F306
:10CA60000340B1F1204F38BF00F13003137682F854
:10CA700019E0BDE8B04040F26C10C2F2000070470F
:10CA8000B0F802C003789C459CBF0020704780B579
:10CA900008E000BF82788A4208BF80BD73449AB222
:10CAA00062452DD290F800E070444278052A02D108
:10CAB00082788A4225D073449AB2624520D290F897
:10CAC00000E070444278052A02D182788A4218D068
:10CAD00073449AB2624513D290F800E070444278F1
:10CAE000052A02D182788A420BD073449AB26245F9
:10CAF00006D290F800E070444278052ACAD0CDE70B
:10CB0000002080BD002808BF704710B503783BB3F4
:10CB100000F1020EF44600BF1CF8013C5BB19CF82A
:10CB2000003043B19CF801302BB19CF802300CF17D
:10CB3000040C002BF0D14FF0000C00BF1EF8013C9C
:10CB400093B19EF800309BB19EF80130A3B19EF8DE
:10CB500002300CF1040C002B0EF1040EEED10DE0AE
:10CB60004FF0000C0AE000BF4CF0010C06E000BFE3
:10CB70004CF0020C02E000BF4CF0030C5FFA8CFC9E
:10CB8000022303EB4C03138003220B704A700378DB
:10CB9000A3B3023002224FF0000C00BF5FFA82FE06
:10CBA00051FA82F401F80E3084F801C010F8013C0B
:10CBB00023B3941C5FFA84FE51FA84F401F80E301A
:10CBC00084F801C00378CBB1141D5FFA84FE51FADA
:10CBD00084F401F80E3084F801C0437873B1941DD9
:10CBE0005FFA84FE51FA84F401F80E3084F801C033
:10CBF00083780832002B00F10400CFD1BDE810404B
:10CC000070470000002804BF032070470023C0F8CD
:10CC1000B832C0F8C4320029C0F8D03218BFC0F80A
:10CC2000B412012180F89C12027000F0D9B8000003
:10CC300080B5D0F8C802F7F7F3FE40F20032C10029
:10CC4000C0F2013222FA01F1032888BF0321C8B2E1
:10CC500080BD000080B5D0F8C802F7F7B9FE40F2F9
:10CC60000032C100C0F2013222FA01F1032888BF6C
:10CC70000321C8B280BD0000B0B589B190F89C22F4
:10CC8000032A54D1D0F8B8225269002A4FD0002389
:10CC9000C0F8D4329047002808BF0020B0BD00BFC4
:10CCA000D0F8941202293BD18169038C99420FD9A3
:10CCB000CA1A416A8261194441620446FFF77AFD4B
:10CCC000204600210022002300F018F927E000BFD1
:10CCD00010D142698A420DD3D0F898128A4209D203
:10CCE0000021002204460025FFF764FDC4F8985295
:10CCF000E6E700BF90F89C12032909D1D0F8B812DA
:10CD0000C96829B10022C0F8D422044688472046C9
:10CD10008021044600F098F92046FFF76FFD204679
:10CD200090F8A01200291CBF002180F8A01200205A
:10CD3000B0BD000010B579B190F89C22032A22D131
:10CD4000D0F8B8229269F2B10023C0F8D4329047EB
:10CD5000002808BF002010BDD0F89412032912D17A
:10CD6000D0F85811B0F8602191420FD98B1AD0F841
:10CD70006411C0F858311144C0F86411934288BF5F
:10CD80001A46FFF70FFD002010BD00BF90F89C125F
:10CD9000032909D1D0F8B812096929B10022C0F8D5
:10CDA000D422044688472046FFF742FD002010BDEC
:10CDB00000207047012180F89C12D0F8B812002999
:10CDC00004BF0020704780B54A6801799047002869
:10CDD00018BF032080BD0000D0F8C802F7F750BE8E
:10CDE000017809B10020704710B543F2B811C2F2C2
:10CDF0000001C1F8E004C0F8C8124FF0A04008607C
:10CE0000042008714FF40070C8800220C1F80900A6
:10CE10000020C8810846F8F777FB002818BFF4F710
:10CE2000DBFD43F2B814C2F2000420468021F7F77C
:10CE300045FD204600214022F7F744FD2046012110
:10CE40008022F7F73FFDBDE810400020704700004A
:10CE5000D0F8C80201F07F034AB203EBC30301EB31
:10CE6000C10100EB830300EB810000F25620002A91
:10CE700048BF03F11600007870470000D0F8D422B4
:10CE800000EB8202D2F8B822002A04BF03207047C8
:10CE900090F89C32032B05D1126A1AB180B59047E5
:10CEA000002080BD00207047D0F8D42200EB820221
:10CEB000D2F8B822002A04BF0320704790F89C32B1
:10CEC000032B05D1526A1AB180B59047002080BD6E
:10CED0000020704780B59446D0F8C8021A466346D1
:10CEE000F7F7D8FD40F20032C100C0F2013222FA59
:10CEF00001F1032888BF0321C8B280BD80B5D0F8F6
:10CF0000C802F7F701FE40F20032C100C0F2013260
:10CF100022FA01F1032888BF0321C8B280BD0000B6
:10CF2000F0B581B00126002580F89C62C0F89452CB
:10CF300004464560D0F8B802C4F8A45284F8A05260
:10CF400040B1426832B12046002190470546002892
:10CF500018BF032520460021002240234027FFF769
:10CF6000B9FF204680210022402384F86361A4F8A1
:10CF70006071FFF7AFFF84F823602846278401B073
:10CF8000F0BD000090F89C12042904BF90F89D1297
:10CF900080F89C120020704790F89C12032908D159
:10CFA000D0F8B81229B1C96919B180B58847BDE870
:10CFB0008040002070470000024600201174704736
:10CFC00080B5D0F8C802F8F739FC40F20032C10051
:10CFD000C0F2013222FA01F1032888BF0321C8B24E
:10CFE00080BD0000B0B500F2AA240546204600F03E
:10CFF0006FF80121C5F8941295F8AA12B5F8B0326D
:10D0000001F01F02022AC5F898320FD0012A07D07A
:10D0100092B928462146BDE8B04000F091B800BF63
:10D0200028462146BDE8B04000F0F4BA2846214623
:10D03000BDE8B04000F040BA01F080012846BDE8EC
:10D04000B04000F001B8000080B5D0F8C802F7F792
:10D050007DFD40F20032C100C0F2013222FA01F13E
:10D06000032888BF0321C8B280BD000080B5D0F876
:10D07000C802F8F7FFFB40F20032C100C0F20132F3
:10D0800022FA01F1032888BF0321C8B280BD000045
:10D09000014690F89C02042204281CBF91F89C02CF
:10D0A00081F89D02002081F89C22704780B5D0F85D
:10D0B000C802F7F783FD40F20032C100C0F201322E
:10D0C00022FA01F1032888BF0321C8B280BD000005
:10D0D0000A7802704A7842704A8842808A88828040
:10D0E000C988C1807047000010B582B00446002096
:10D0F000ADF80600B1B1D4F8D42204F52E70C4F80E
:10D10000B81250F82200C16A21B10DF1060088471B
:10D11000C4F8D002D4F8D8020130C4F8D8020020F4
:10D1200002B010BD032002B010BD0000D0F8B8223C
:10D13000002A04BF0020704712681047FFF796BF0F
:10D140000A78C2F34112531E022B07D2D0F8D42220
:10D1500000EB8202D2F8B8229268104770B582B014
:10D16000002A40F0CB804A78092A00F2C780DFE825
:10D1700002F0052FC557C56183C51B4190F89C225D
:10D18000013A022A00F2BA80C988022940F0B6802A
:10D19000D0F8A4120322002908BF0122014641F859
:10D1A0000C2F02226AE100BFC988012940F0A68045
:10D1B00090F89C124A1E022A80F09A8000240146B0
:10D1C00041F8084F0122FFF725FB204602B070BD51
:10D1D00090F89C22013A022A00F2908049880024AB
:10D1E000012940F09480C0F8A442FFF721FB2046BB
:10D1F00002B070BD498840F64065C2F2000511F0EA
:10D20000FE0F297052D080210446FFF71DFF2046F3
:10D210000021FFF719FF0324204602B070BD00BFB4
:10D220004A88022A60D0012A68D10121C0F8A412DC
:10D230002DE100BF8A88002A60D1CA88002A5DD10A
:10D240004D887F2D5AD890F89C12032956D0E9B208
:10D2500080F89E520446FFF7B3FE20462646FFF7AD
:10D26000E7FA002D14BF0220012086F89C0200245A
:10D27000204602B070BD00BF4A884FF0FF3303EB79
:10D2800012230026062BADF8066000F2FD80DFE8D1
:10D2900013F007004F004100FB00FB005F006D0032
:10D2A0000D46D0F8B4120A68D7E000BF90F89C226F
:10D2B000032A6BD0022A40F091800A0600F0E78032
:10D2C00001F00102C9B242600546FFF72FFF0028B6
:10D2D00000F0A480044628468021FFF7B5FE2846CA
:10D2E0000021FFF7B1FE73E0497980F8A012CEE08B
:10D2F000032903D1011D0122C0E000BF80210446A3
:10D30000FFF7A2FE204600210024FFF79DFE2046E5
:10D3100002B070BDD2B2052A00F2B680DFE802F09A
:10D3200004948C90889800BFD0F8B422526892E0A0
:10D330000D46017C0446D0F8B80200290CBF816A72
:10D34000C16A0DF106008847014602201CE000BFBB
:10D35000027C002A40F098800446D0F8B8020D46BE
:10D36000416B0DF1060088477CE000BF027C002A7B
:10D3700040F08A800446D0F8B8020D46016B0DF1EA
:10D38000060088470146072048706CE00A0635D041
:10D39000426801F001018A4200F07980D1B204466E
:10D3A000FFF7F2F92978204661602546FFF7BEFEB7
:10D3B000002800F07F80044628468021FFF744FEC5
:10D3C00028460021FFF740FE29792846FFF7DCF9BF
:10D3D000022085F89C02204602B070BD80210446E0
:10D3E000FFF732FE20460021FFF72EFE2978204667
:10D3F000FFF7CAF90324204602B070BD022180F86D
:10D400009C120024002144600546FFF7BDF9284620
:10D41000FFF70EFA204602B070BD00BF2846FFF7A6
:10D4200007FA032085F89C020024204602B070BD54
:10D43000D0F8B42252690EE0D0F8B422D2680AE0E3
:10D44000D0F8B422126906E0D0F8B422926802E063
:10D45000D0F8B4229269BAB10D460446007C0DF1B1
:10D46000060190470146EA8882B1BDF80630ABB1AB
:10D47000934238BF1A46ADF806202046FFF7CAF996
:10D480000024204602B070BD044608E02046FFF7A5
:10D49000CFF90024204602B070BD00BF2046802195
:10D4A000FFF7D2FD20460021FFF7CEFD00242046E5
:10D4B00002B070BD2846EAE770B50A780D46C2F39F
:10D4C00041120979531E022B044607D22046FFF76A
:10D4D00065F9002855D0002070BD00BF9ABB687860
:10D4E00040B3012814D003282DD194F89C020328BE
:10D4F00012D1688838B911F07F0004D0E88810B9DB
:10D500002046FFF7A1FD2046FFF792F9002070BDED
:10D5100094F89C02032821D0022814D1480612D086
:10D520002046FFF791FD20468021FFF78DFD00206A
:10D5300070BD00BF94F89C0203282FD0022808BFBA
:10D540005FEA416056D020468021FFF77DFD2046EE
:10D550000021FFF779FD002070BD00BF688800281A
:10D56000B9D10E46480603D020463146FFF760FB8E
:10D570002046FFF75DF920463146FFF70FF90028F6
:10D58000A9D1D4F8B80282680020002AC4F8D402D5
:10D59000A1D020462946BDE87040104701F00F0099
:10D5A00000EB8000802904EB80002CBF90F8230062
:10D5B00090F863010028C6D001F07F0000EB8000E6
:10D5C00004EB800000F1140501EB810004EB800006
:10D5D000802938BF00F5AA75480605D02046FFF718
:10D5E00037FC08B1012000E0002005F10E01A8730E
:10D5F0000AE000BF08064FF0140058BF4FF4AA70AD
:10D600002118002001F80E0F20460222FFF702F930
:10D61000002070BDB0B50A7802F06002602A08D020
:10D6200090F89C22013A022A03D88A8812F0FE0F51
:10D630000AD080210446FFF707FD20460021002480
:10D64000FFF702FD2046B0BD0C46D1B20546FFF7FC
:10D65000A7F808B10320B0BDD5F8B8128A68002A2F
:10D66000F8D000212846C5F8D41221469047E18819
:10D670000446002908BF002CE4D12846FFF7D8F85B
:10D680000020B0BD7047000041F24400C2F200002B
:10D690007047000010B50A784B78D0F81CE802F00B
:10D6A0000F04012B4FEA421C18D10123A34043EA87
:10D6B0000E03C0F81C386044D0F800391B0428D48D
:10D6C0008B6800F51060097904686FF3DF2343EA83
:10D6D000814144EA8252114316E000BF4FF4803288
:10D6E000A24042EA0E02C0F81C286044D0F8002B89
:10D6F00012040ED48A6800F5306009796FF3DF22D6
:10D70000036842EA8141194341F0805141F40041EC
:10D710000160002010BD00000146D0F8000940F271
:10D72000FF729043C1F80009D1F8040840F48072F8
:10D730000020C1F80428704782B002F47F42B2F59D
:10D74000807F40F09980826B4FF6BF7322F4803265
:10D750008263C268CFF6BD731A40C260029BC26882
:10D76000DBB222F44012012BC26003D1C26842F442
:10D770008012C26000220092009A01320092009A48
:10D78000B2F1706F00F2F0800269002A21D4009A91
:10D7900001320092009AB2F1706F00F2E5800269E6
:10D7A000002A16D4009A01320092009AB2F1706FEA
:10D7B00000F2DA800269002A0BD4009A013200924A
:10D7C000009AB2F1706F00F2CF800269B2F1FF3FB0
:10D7D000D2DC0A220092009AAAB100BF009A013A54
:10D7E0000092009A7AB1009A013A0092009A52B1DE
:10D7F000009A013A0092009A2AB1009A013A0092E6
:10D80000009A002AEAD1026942F001020261009AFC
:10D8100001320092009AB2F1706F00F2A5800269A5
:10D82000D20720D0009A01320092009AB2F1706FB4
:10D8300000F29A800269D20715D0009A0132009254
:10D84000009AB2F1706F00F28F800269D2070AD09D
:10D85000009A01320092009AB2F1706F00F2848057
:10D860000269D207D3D14FF0000C01F47F01B1F56A
:10D87000803F40F099808FE0C26842F04002C26071
:10D8800000220192019A01320192019AB2F1706F65
:10D8900072D80269002A1ED4019A01320192019ABB
:10D8A000B2F1706F68D80269002A14D4019A01326B
:10D8B0000192019AB2F1706F5ED80269002A0AD40F
:10D8C000019A01320192019AB2F1706F54D8026943
:10D8D000B2F1FF3FD6DC0A220192019AAAB100BF41
:10D8E000019A013A0192019A7AB1019A013A0192A0
:10D8F000019A52B1019A013A0192019A2AB1019A10
:10D90000013A0192019A002AEAD1026942F0010229
:10D910000261019A01320192019AB2F1706F2BD823
:10D920000269D2071DD0019A01320192019AB2F127
:10D93000706F21D80269D20713D0019A0132019287
:10D94000019AB2F1706F17D80269D20709D0019A13
:10D9500001320192019AB2F1706F0DD80269D207BB
:10D96000D7D14FF0000C09E04FF0030C01F47F0118
:10D97000B1F5803F18D10FE04FF0030C826B13F428
:10D980007F4F14BF22F4803242F48032826301F46C
:10D990007F01B1F5803F07D1816841F006018160C8
:10D9A000816841F020018160604602B0704700004C
:10D9B00010B54A7891F800E047F6000CCEF6334CEB
:10D9C000012A4FEA4E1227D10244D2F8001902F57B
:10D9D0001063B1F1FF3F4FF0010407DC196841F01B
:10D9E00000611960196841F0804119600EF00F0163
:10D9F000D0F83C2804FA01F18A43C0F83C28D0F85A
:10DA00001C2822EA0101C0F81C18186800EA0C0161
:10DA10000020196010BD00BF811801F53063D1F8F6
:10DA2000001B0CF1707CB1F1FF3F4FF48034DDDC62
:10DA3000D4E700000146D0F8000E20F00300C1F842
:10DA4000000ED1F8040820F002020020C1F80428DA
:10DA5000704700000146D0F8000E20F00300C1F826
:10DA6000000ED1F8040840F002020020C1F804289A
:10DA7000704700002DE9F04F86B0C3F30745164606
:10DA80008E460021C0F80411C0F80811C0F80C112E
:10DA9000C0F81011C0F81411C0F81811C0F81C110A
:10DAA000C0F82011C0F82411C0F82811C0F82C11BA
:10DAB000C0F83011C0F83411C0F83811C0F83C116A
:10DAC00045B1816B21F400118163816B41F4002128
:10DAD00011E000BFD0F8041841F00201C0F80418AA
:10DAE000816B41F400118163816B21F4002181631A
:10DAF000816B21F4802106F47F4281630021B2F51D
:10DB0000807FC0F8001E07D1D0F80028B1EB1E6F4F
:10DB100008D1C0F8002809E0D0F8001841F003014E
:10DB200002E000BF42F00101C0F80018002104919A
:10DB30000499013104910499B1F1706F52D80169CF
:10DB400000291ED40499013104910499B1F1706F38
:10DB500048D80169002914D4049901310491049929
:10DB6000B1F1706F3ED8016900290AD404990131DE
:10DB700004910499B1F1706F34D80169B1F1FF3F9C
:10DB8000D6DC002104914FF48461016104990131D4
:10DB900004910499B1F1706F24D8016989061DD5EB
:10DBA0000499013104910499B1F1706F1AD8016997
:10DBB000890613D50499013104910499B1F1706F6C
:10DBC00010D80169890609D5049901310491049995
:10DBD000B1F1706F06D801698906D7D44FF0000AF9
:10DBE00002E000BF4FF0010A0021059105990131C3
:10DBF00005910599B1F1706F4ED8016900291ED4C5
:10DC00000599013105910599B1F1706F44D8016909
:10DC1000002914D40599013105910599B1F1706F6E
:10DC20003AD8016900290AD405990131059105996D
:10DC3000B1F1706F30D80169B1F1FF3FD6DC00213E
:10DC40000591102101610599013105910599B1F105
:10DC5000706F21D80169C90620D505990131059158
:10DC60000599B1F1706F17D80169C90616D50599E4
:10DC7000013105910599B1F1706F0DD80169C9069F
:10DC80000CD50599013105910599B1F1706F03D853
:10DC90000169C906D7D401E04FF0010A5FFA8EF995
:10DCA0004FF00008B9F1000FC0F81088C0F81488D0
:10DCB000C0F81C8800F00D81CDF80CA0CDE9015E04
:10DCC000D0F800194FF0006404EA11114FF67F35C7
:10DCD000B9F1010BC0F80019C0F81089C0F8085953
:10DCE00074D0A9F1020103290BF0030A04D2012127
:10DCF000BAF1000F40D169E000962BF0030700F560
:10DD0000186600234FF0904C4FF67F324FF0000E14
:10DD100056F8601C0EF1040E0CEAE17146F8601C26
:10DD200046F8503C46F8582C56F8401C77450CEA0B
:10DD3000E17146F8401C46F8303C46F8382C56F85D
:10DD4000201C0CEAE17146F8201C46F8103C46F80D
:10DD5000182C31680CEAE17131603361B26006F170
:10DD60008006D5D1009E0EF101014FF67F354FF0B0
:10DD70000064BAF1000F29D000F510634F01B446DA
:10DD8000DE594FF0904202EAE67603EB4111DE5194
:10DD9000664600274FF67F33BAF1010F0F618B60A3
:10DDA00014D00E6ABAF1020F02EAE67266460A62FF
:10DDB0000F638B620AD00A6C4FF0904303EAE27261
:10DDC0000A6400220A654FF67F328A64D0F8001B8D
:10DDD000BBF1000F04EA1111C0F8001B4FF0000165
:10DDE000C0F8101BC0F8085BDDE9015EDDF80CA08F
:10DDF0006FD0A9F1020103290BF0030C04D2012119
:10DE0000BCF1000F3BD164E0A94600962BF003055E
:10DE100000F5386600234FF090474FF67F3200211F
:10DE200056F8604C043107EAE47446F8604C46F852
:10DE3000503C46F8582C56F8404C8D4207EAE474A2
:10DE400046F8404C46F8303C46F8382C56F8204C02
:10DE500007EAE47446F8204C46F8103C46F8182CC3
:10DE6000346807EAE47434603361B26006F1800616
:10DE7000D6D1009E01314D46BCF1000F29D000F5EE
:10DE800030634F013446DE594FF0904202EAE676A5
:10DE900003EB4111DE51264600274FF67F33BCF1DC
:10DEA000010F0F618B6014D00E6ABCF1020F02EA01
:10DEB000E67226460A620F638B620AD00A6C4FF044
:10DEC000904303EAE2720A6400220A654FF67F3249
:10DED0008A64D0F810181EF47F0F21F48071C0F806
:10DEE00010186FF08041C0F81880416103D181693A
:10DEF00041F010018161816943F60002C8F23C02E1
:10DF0000114316F47F0F816103D0816941F008014C
:10DF10008161012D05D1816941F0804141F0040109
:10DF20008161504606B0BDE8F08F00000146806870
:10DF300020F0010200208A6070470000D0F840C045
:10DF400043F20B03C4F654739C4503D3D0F8003B53
:10DF5000002B1ED40023C0F8103BD0F8103B012941
:10DF600043F40023C0F8103BD0F8103B43F01803F3
:10DF7000C0F8103BD0F8103B43F0C043C0F8103B52
:10DF800007D1C0F8142BD0F8001B41F08021C0F855
:10DF9000001B0020704700004A780B78012A4FEAE6
:10DFA000431210440ED1D0F8002922F40012C0F818
:10DFB0000029097901F0FE01022914D100F5106051
:10DFC0000DE000BFD0F8002B22F40012C0F8002BA7
:10DFD000097901F0FE01022905D100F530600168E0
:10DFE00041F0805101600020704700000A784B78B2
:10DFF0005101012B084407D1D0F80019002900F580
:10E00000106107D50BE000BFD0F8001B002900F518
:10E01000306104D41AB1086820F0804008600868B4
:10E0200040F4001200200A6070470000F0B54B7801
:10E03000002591F800C04FF6FF76CFF6F875012B5A
:10E04000CEF207062CD10C6900EB4C1EDEF81079DD
:10E05000002C0EF510634FD03D401D611D69BCF1D1
:10E06000000F05EA06051D618E6800F09B80A5196A
:10E07000013DB5FBF6F50026C1F6F8761F6906EA04
:10E08000C5463E431E610E79012E40F098801E6900
:10E0900026F0C0461E614FF0C04606EA45758BE08B
:10E0A00000EB4C13D3F8107B4FF6FF742F40C3F8EE
:10E0B000107BD3F8107BC0F207043740C3F8107B05
:10E0C0008D680E69BCF1000F03F530633CD0002E63
:10E0D0003ED07719013FB7FBF5F740F2000CBEB216
:10E0E0006E430E62C1F6F87C1D690CEAC7472F43E8
:10E0F00026401F6133E000BF07EA06041C611C696B
:10E1000044F400241C611C6925400024012A1D617F
:10E110005DD000F510634FEA4C169F5947F0044755
:10E120009F510F79012F33D1D0F80878F558FF05AA
:10E130004FF0805758BF4FF000572F43002AF75039
:10E1400060D00020F0BD00BF002E18BF0D610D6231
:10E150001F6905EA040637431F614FF400261F6953
:10E16000012A47EA06071F6103D1CA68002A18BFBF
:10E170005A61097901293DD1D0F808081968C0050C
:10E180004FF0805058BF4FF00050084331E000BFBF
:10E19000002CD6D00CF00F01012202FA01F100F69A
:10E1A000340329E0B44205D90E614FF4002534460A
:10E1B00002E000BF4FF400251E6935431D6125466E
:10E1C0001E696FF3DF453543012A1D61A1D1CA697C
:10E1D000002A18BFCEF81429097901290AD1D0F8EC
:10E1E0000818DEF80009C9054CBF40F0805040F027
:10E1F000005018604FF00441186808431860002070
:10E20000F0BD00BFA2B2002A9BD0D61C4FF0FF3356
:10E21000C96803EB960300F580504FEA0C32032BDC
:10E22000C6F381030ED3B70827F003060F68043E38
:10E2300017504F6817508F681750CF6801F11001C1
:10E240001750F3D1002B3FF47CAF0F68012B8750A0
:10E250003FF477AF4F68022B87503FF472AF896865
:10E2600081500020F0BD000081B0002200924A7869
:10E270000978012A4FEA41113AD100F5106250584D
:10E28000B0F1FF3F3ADC885842F2107340F0006072
:10E290008850885840F080408850009801300090A5
:10E2A0000098984264D85058B0F1FF3F26DC00989F
:10E2B00001300090009898425AD85058B0F1FF3F72
:10E2C0001CDC0098013000900098984250D85058BB
:10E2D000B0F1FF3F12DC00980130009000989842A6
:10E2E00046D85058B0F1FF3F4FF00000D5DD3CE07C
:10E2F00000F530625058B0F1FF3F03DD002001B05F
:10E30000704700BF885842F2107340F00060885098
:10E31000885840F080408850009801300090009864
:10E32000984225D85058B0F1FF3FE7DC0098013003
:10E330000090009898421BD85058B0F1FF3FDDDCA8
:10E340000098013000900098984211D85058B0F1D0
:10E35000FF3FD3DC0098013000900098984207D826
:10E36000505800284FF00000D6D401B0704700BFCD
:10E37000012001B0704700000146806840F00102B2
:10E3800000208A607047000081B000220092009A4D
:10E3900001320092009AB2F1706F51D80269002ADE
:10E3A0001ED4009A01320092009AB2F1706F47D8E1
:10E3B0000269002A14D4009A01320092009AB2F144
:10E3C000706F3DD80269002A0AD4009A0132009287
:10E3D000009AB2F1706F33D80269B2F1FF3FD6DC18
:10E3E00089010022203100920161009901310091E0
:10E3F0000099B1F1706F23D8016989061DD5009984
:10E40000013100910099B1F1706F19D80169890645
:10E4100013D50099013100910099B1F1706F0FD8B7
:10E420000169890609D50099013100910099B1F17E
:10E43000706F05D801698906D7D4002001B07047F4
:10E44000032001B070470000D0F8080800F0060172
:10E4500080074FF0020058BF0F20002908BF084670
:10E4600070470000406900F001007047D0F81818AC
:10E47000D0F81C08084080B270470000D0F8181887
:10E48000D0F81C080840000C70470000D0F810C8F5
:10E49000D0F8343801F00F0223FA02F2D20100EB77
:10E4A0004110D2B2D0F8080942EA0C010840704786
:10E4B00000EB4111D1F8081BD0F814080840704750
:10E4C000416980690840704710B5930802F0030E57
:10E4D0002CD05A1E032A03F0030C0FD323F003039E
:10E4E0004FF480528458043B0C6084584C6084582C
:10E4F0008C608458CC6001F11001F3D1BCF1000FA5
:10E5000014D04FF4805284580B46BCF1010F43F8ED
:10E51000044B05D11946BEF1000F0AD11EE000BF21
:10E520008258BCF1020F4A601AD10831BEF1000FC7
:10E5300014D04FF4805280580A46BEF1010F02F801
:10E54000010B04BF104610BD020ABEF1020F4A7053
:10E5500004BF881C10BD000C88700331084610BD34
:10E560004FF4805282588A600C31BEF1000FE0D126
:10E57000F4E70000B0B50446C068002920F0C040B0
:10E58000E06000F09980012940F0B080E0680A2541
:10E5900040F00050E0600A20F5F74CFC54F8140FEE
:10E5A000C00740F09C800A20F5F744FC2068C007B3
:10E5B00040F09E800A20F5F73DFC2068C00740F03F
:10E5C000A5800A20F5F736FC2068C00740F0AC8033
:10E5D0000A20F5F72FFC2068C00740F0B3800A201E
:10E5E000F5F728FC2068C00740F0BA800A20F5F74C
:10E5F00021FC2068C00740F0C1800A20F5F71AFC12
:10E600002068C00740F0C8800A20F5F713FC206896
:10E61000C00740F0CF800A20F5F70CFC2068C00747
:10E6200040F0D6800A20F5F705FC2068C00740F0CE
:10E63000DD800A20F5F7FEFB2068C00740F0E4808B
:10E640000A20F5F7F7FB2068C00740F0EB800A20AE
:10E65000F5F7F0FB2068C00740F0F2800A20F5F7DC
:10E66000E9FB2068C00740F0F9800A20F5F7E2FBDB
:10E670002068C00740F000810A20F5F7DBFB206826
:10E68000C00740F007810A20F5F7D4FB2068C007D7
:10E6900040F00E810A20F5F7CDFB2068C00740F05E
:10E6A00016810A20F5F7C6FB2068C825A5F1C80029
:10E6B000B0FA80F04009B0BDE0680A2540F0804023
:10E6C000E0600A20F5F7B6FB54F8140FC00706D037
:10E6D0000A20F5F7AFFB2068C00711D11425A5F17A
:10E6E000C800B0FA80F04009B0BD00BF0120B0BD45
:10E6F0001425A5F1C800B0FA80F04009B0BD00BFF4
:10E700000A20F5F797FB2068C00707D11E25A5F161
:10E71000C800B0FA80F04009B0BD00BF0A20F5F78C
:10E7200089FB2068C00707D12825A5F1C800B0FAE9
:10E7300080F04009B0BD00BF0A20F5F77BFB2068E0
:10E74000C00707D13225A5F1C800B0FA80F0400912
:10E75000B0BD00BF0A20F5F76DFB2068C00707D1E8
:10E760003C25A5F1C800B0FA80F04009B0BD00BF5B
:10E770000A20F5F75FFB2068C00707D14625A5F101
:10E78000C800B0FA80F04009B0BD00BF0A20F5F71C
:10E7900051FB2068C00707D15025A5F1C800B0FA89
:10E7A00080F04009B0BD00BF0A20F5F743FB2068A8
:10E7B000C00707D15A25A5F1C800B0FA80F040097A
:10E7C000B0BD00BF0A20F5F735FB2068C00707D1B0
:10E7D0006425A5F1C800B0FA80F04009B0BD00BFC3
:10E7E0000A20F5F727FB2068C00707D16E25A5F1A1
:10E7F000C800B0FA80F04009B0BD00BF0A20F5F7AC
:10E8000019FB2068C00707D17825A5F1C800B0FA28
:10E8100080F04009B0BD00BF0A20F5F70BFB20686F
:10E82000C00707D18225A5F1C800B0FA80F04009E1
:10E83000B0BD00BF0A20F5F7FDFA2068C00707D178
:10E840008C25A5F1C800B0FA80F04009B0BD00BF2A
:10E850000A20F5F7EFFA2068C00707D19625A5F141
:10E86000C800B0FA80F04009B0BD00BF0A20F5F73B
:10E87000E1FA2068C00707D1A025A5F1C800B0FAC9
:10E8800080F04009B0BD00BF0A20F5F7D3FA206838
:10E89000C00707D1AA25A5F1C800B0FA80F0400949
:10E8A000B0BD00BF0A20F5F7C5FA2068C00707D140
:10E8B000B425A5F1C800B0FA80F04009B0BD00BF92
:10E8C0000A20F5F7B7FA2068C0077FF4EAAEBE2544
:10E8D000A5F1C800B0FA80F04009B0BD0246D0F8FA
:10E8E000000801F07F0120F4FE60C2F80008D2F8B1
:10E8F000000840EA01110020C2F80018704700002B
:10E90000022A02465FD145F24030CFF6277043F22B
:10E9100000530844C0F20C03984203D24FF47050E5
:10E9200053E000BF41F64060CFF61B7044F2402335
:10E930000844C0F20F03984202D24FF4605044E002
:10E94000A1F5740044F68073A0F51050C0F21203D4
:10E95000984203D24FF4505037E000BFA1F18370CA
:10E960004DF22063A0F5E740C0F21303984203D2B2
:10E970004FF4405029E000BF4BF26060CFF6E560F5
:10E980004EF260330844C0F21603984202D24FF4AC
:10E9900030501AE04DF20030CFF6CE6047F24073AF
:10E9A0000844C0F21B03984202D24FF420500CE0FE
:10E9B00045F6C030CFF6B36049F2C0130844C0F248
:10E9C000210398420AD24FF41050D16821F47051BB
:10E9D000D160D16801430020D1607047A1F1B770C8
:10E9E00047F22053A0F55850C0F23803984203D2A2
:10E9F0004FF40050E9E700BF45F2E040CFF6596020
:10EA000049F6E0430144C0F241034FF4C05099423B
:10EA100038BF4FF4E050D8E710B5DDF808C0BCF1BE
:10EA2000000F2CD15BB303F1030E4FF0FF3303EB68
:10EA30009E0300F580541203032BCEF3810C0FD3F9
:10EA40004FEA9E0323F003030868043B1051486813
:10EA5000105188681051C86801F110011051F3D1AC
:10EA6000BCF1000F0BD00868BCF1010FA05006D01C
:10EA70004868BCF1020FA0501CBF8868A05000205D
:10EA800010BD0000B0B540F2BC33C2F20003D97A29
:10EA900040F274540229C2F2000403D10021A17093
:10EAA000EEE000BFA278062A00F2D680DFE802F08E
:10EAB00004642E500C6A700000200329208665D063
:10EAC00001295DD0C8E000BF42F2F870C2F2000038
:10EAD00090F8200000220028228640F0BD8040F2FD
:10EAE000FC40C2F2000090F82330022B00F07A8044
:10EAF00040F23840C2F2000000780322002818BF1C
:10EB000002220325012B18BF2A46A4E0B3F90830DE
:10EB10006FF00A0C01220329228602D1634500F31B
:10EB20009A8040F23840C2F20000E28C90F800E097
:10EB300090B250EA0E0057D040F2FC40C2F2000002
:10EB400090F82320002A4FD0022A40F0858049E027
:10EB500040F2FC42C2F2000292F823300020022B65
:10EB600020863FD042F2F870C2F2000090F82000F8
:10EB7000002857D004226EE000200129208621D1F0
:10EB8000052268E000200329208623D1012262E0CB
:10EB900040F23842C2F2000240F2FC431578C2F261
:10EBA000000393F8232040F2011020860DB1012AC2
:10EBB00050D0022A02D093F8210080BB002A3DD118
:10EBC000DEE700BFB3F908006FF00A02013290429D
:10EBD00040DB41E040F2FC43C2F2000393F8232003
:10EBE000022A19D1062236E0C81E0CF10202B0FA40
:10EBF00080F012B21BB2450900209342B8BF012039
:10EC000005424FF0020226D1BEF1010F23D00122AE
:10EC1000012908BF03221EE093F8210090B10322CE
:10EC200019E000BF012B05D140F23840C2F20000CC
:10EC3000007878B992F821000028A1D00329A5D046
:10EC40000AE000BF012A07D140F23840C2F20000BA
:10EC5000007808B10222A270E278022A0CD0012AC0
:10EC600006D072B903290AD001290AD1022107E08E
:10EC7000012906D1002103E0032918BFB0BD0121FD
:10EC8000E170B0BDFEE7000040F2881143F6341099
:10EC9000C2F20001C2F20000242281EC070AC1ED99
:10ECA000073AF8F7E3BC0000C82003F0A9F843F6E0
:10ECB0007C14C2F2000402E00130A4F844000120F8
:10ECC0000221F9F787F8012003F09AF801200321C7
:10ECD000F9F780F8012003F093F894F83800012840
:10ECE000EDD1B4F84400B0F5C87FE5D9A068E06381
:10ECF000002084F83800A4F84400DDE79FED211AD5
:10ED00009FED212A20EE010AB5EE001A30EE010A2D
:10ED1000BDEEC01A11EE100AB5EE400AF1EE10FA7F
:10ED2000B8BF013801EE100AB8EEC11A30EE410A40
:10ED300020EE020ABDEEC01A9FED142A11EE100A51
:10ED4000410A30EE021A46F2DC311CBF0020B0EE60
:10ED5000410AC0F6010101EE100A01EB8001B8EE94
:10ED6000411A30EE410A91ED001A91ED012AB7EEF9
:10ED7000003A33EE403A20EE020A23EE011A31EE59
:10ED8000000A704783F9223E00000044000000C4DE
:10ED90009FED1F1A9FED1F2A20EE010ABDEEC01A3B
:10EDA00011EE100AB5EE400AF1EE10FAB8BF0138C4
:10EDB00001EE100AB8EEC11A30EE410A20EE020A46
:10EDC000BDEEC01A9FED142A11EE100A410A30EE72
:10EDD000021A46F2DC311CBF0020B0EE410AC0F638
:10EDE000010101EE100A01EB8001B8EE411A30EE8C
:10EDF000410A91ED001A91ED012AB7EE003A33EE87
:10EE0000403A20EE020A23EE011A31EE000A704762
:10EE100083F9223E00000044000000C410B582B017
:10EE200000208DF80700F1F705FC8020F1F76AFD5E
:10EE30005520F1F767FD5520F1F764FD8DF80700C7
:10EE4000F1F7F0FB9620F1F74DFCF1F7F3FB802092
:10EE5000F1F758FD5520F1F755FD5520F1F752FD1A
:10EE60008DF80700F1F7DEFB9620F1F73BFCF1F798
:10EE7000E1FB7E20F1F746FDB620F1F743FDF1F707
:10EE8000D1FB5020F1F72CFCF1F7D4FB8020F1F7F7
:10EE900039FD5520F1F736FD5520F1F733FD8DF89A
:10EEA0000700F1F7BFFB9620F1F71CFCF1F7C2FB5E
:10EEB0008020F1F727FD5520F1F724FD5520F1F7CB
:10EEC00021FD8DF80700F1F7ADFB9620F1F70AFC64
:10EED0009DF807001E284DD1F1F7ACFB7D20F1F71E
:10EEE00011FD0420F1F70EFDF1F79CFB9620F1F7E0
:10EEF000F9FBF1F79FFBFD20F1F704FD5520F1F739
:10EF000001FD5520F1F7FEFC8DF80700F1F78AFBB3
:10EF10009620F1F7E7FB9DF8070046F642440428E7
:10EF2000C0F6010422D1F1F785FB7C20F1F7EAFC61
:10EF30000020F1F7E7FCF1F775FB9620F1F7D2FB23
:10EF4000F1F778FBFC20F1F7DDFC5520F1F7DAFC56
:10EF50005520F1F7D7FC8DF80700F1F763FB9620F9
:10EF6000F1F7C0FB9DF8070040B10334A07802B070
:10EF700010BD00BFFF2002B010BD00BFF1F75AFB6B
:10EF80004020F1F7BFFCAB20F1F7BCFCF1F74AFBE6
:10EF90009620F1F7A7FBF1F74DFBC020F1F7B2FC8B
:10EFA0005520F1F7AFFC5520F1F7ACFC8DF80700C8
:10EFB000F1F738FB9620F1F795FB9DF80700AB2899
:10EFC00026D1F1F737FB4120F1F79CFC0020F1F747
:10EFD00099FCF1F727FB9620F1F784FBF1F72AFB68
:10EFE000C120F1F78FFC5520F1F78CFC5520F1F78B
:10EFF00089FC8DF80700F1F715FB9620F1F772FBFD
:10F000009DF8070040B10934A07802B010BD00BFE0
:10F010000634A07802B010BDF1F70CFB5320F1F7D5
:10F0200071FC0820F1F76EFCF1F7FCFA9620F1F77D
:10F0300059FBF1F7FFFAD320F1F764FC5520F1F703
:10F0400061FC5520F1F75EFC8DF80700F1F7EAFA54
:10F050009620F1F747FB9DF80700082826D1F1F725
:10F06000E9FA5820F1F74EFC0420F1F74BFCF1F7D8
:10F07000D9FA9620F1F736FBF1F7DCFAD820F1F750
:10F0800041FC5520F1F73EFC5520F1F73BFC8DF893
:10F090000700F1F7C7FA9620F1F724FB9DF8070067
:10F0A000042807D1002002B010BD00BF0C34A078A6
:10F0B00002B010BD0F34A07802B010BD2DE9F04FA2
:10F0C00087B000208DF81B00F1F7B4FA8020F1F72B
:10F0D00019FC5520F1F716FC5520F1F713FC8DF8BB
:10F0E0001B00F1F79FFA9620F1F7FCFAF1F7A2FA6C
:10F0F0008020F1F707FC5520F1F704FC5520F1F7CB
:10F1000001FC8DF81B00F1F78DFA9620F1F7EAFA71
:10F11000F1F790FA7E20F1F7F5FBB620F1F7F2FB5C
:10F12000F1F780FA5020F1F7DBFAF1F783FA80204B
:10F13000F1F7E8FB5520F1F7E5FB5520F1F7E2FB8D
:10F140008DF81B00F1F76EFA9620F1F7CBFAF1F784
:10F1500071FA8020F1F7D6FB5520F1F7D3FB55204B
:10F16000F1F7D0FB8DF81B00F1F75CFA9620F1F770
:10F17000B9FA9DF81B001E2840F09E80F1F75AFA5C
:10F180004020F1F7BFFBAC20F1F7BCFBF1F74AFAE6
:10F190009620F1F7A7FAF1F74DFAC020F1F7B2FB8C
:10F1A0005520F1F7AFFB5520F1F7ACFB8DF81B00B4
:10F1B000F1F738FA9620F1F795FA9DF81B0046F220
:10F1C000A834AC28C0F6010471D15020F1F788FAB8
:10F1D000F1F730FA7D20F1F795FB0420F1F792FB6F
:10F1E000F1F720FA9620F1F77DFAF1F723FAFD20E6
:10F1F000F1F788FB5520F1F785FB5520F1F782FBED
:10F200008DF81B00F1F70EFA9620F1F76BFA9DF8D6
:10F210001B00042854D15020F1F762FAF1F70AFAE2
:10F220004120F1F76FFB0320F1F76CFBF1F7FAF9DE
:10F230009620F1F757FAF1F7FDF9C120F1F762FBDB
:10F240005520F1F75FFB5520F1F75CFB8DF81B00B3
:10F25000F1F7E8F99620F1F745FA9DF81B0003282D
:10F2600034D15020F1F73CFAF1F7E4F97C20F1F7C2
:10F2700049FB0020F1F746FBF1F7D4F99620F1F7AE
:10F2800031FAF1F7D7F9FC20F1F73CFB5520F1F703
:10F2900039FB5520F1F736FB8DF81B00F1F7C2F969
:10F2A0009620F1F71FFA9DF81B00A8B10934A07849
:10F2B00007B0BDE8F08F00BFFF2007B0BDE8F08FBA
:10F2C0000334A07807B0BDE8F08F00BF0634A07803
:10F2D00007B0BDE8F08F00BF5020F1F701FAF1F759
:10F2E000A9F96D20F1F70EFB0D20F1F70BFBF1F7FB
:10F2F00099F99620F1F7F6F9F1F79CF9ED20F1F77D
:10F3000001FB5520F1F7FEFA5520F1F7FBFA8DF8D5
:10F310001B00F1F787F99620F1F7E4F99DF81B003F
:10F320000D2840F097805020F1F7DAF9F1F782F9D3
:10F330009220F1F7E7FA9220F1F7E4FA5520F1F77D
:10F34000E1FA83465520F1F7DDFA81465520F1F7C1
:10F35000D9FA80465520F1F7D5FA05465520F1F740
:10F36000D1FA06465520F1F7CDFA0746F1F75AF9DA
:10F37000F1F760F96D20F1F7C5FA0920F1F7C2FA4B
:10F38000F1F750F99620F1F7ADF9F1F753F9ED20C7
:10F39000F1F7B8FA5520F1F7B5FA5520F1F7B2FABE
:10F3A0008DF81B00F1F73EF99620F1F79BF99DF8D7
:10F3B0001B00092854D15020CDE90458CDE902762C
:10F3C000F1F78EF9F1F736F99220F1F79BFA9220D6
:10F3D000F1F798FA5520F1F795FA80465520F1F7A4
:10F3E00091FA82465520F1F78DFA04465520F1F73F
:10F3F00089FA07465520F1F785FA05465520F1F7B9
:10F4000081FA0646F1F70EF9F1F714F96D20F1F7DC
:10F4100079FA0020F1F776FAF1F704F99620F1F77E
:10F4200061F9F1F707F9ED20F1F76CFA5520F1F7E2
:10F4300069FA5520F1F766FA8DF81B00F1F7F2F83A
:10F440009620F1F74FF99DF81B0078B1042007B022
:10F45000BDE8F08F04F10C00807807B0BDE8F08FB4
:10F4600004F10F00807807B0BDE8F08FCDE90065AA
:10F4700026464BEA092448EA0A25F1F7DBF87E2004
:10F48000F1F740FAB620F1F73DFAF1F7CBF850204A
:10F49000F1F726F920B229B2411A40F255508142C3
:10F4A00018DBDDE9042141EA022146EA072209B21C
:10F4B00012B2891A81420DDBDDE9021040EA012017
:10F4C000DDE9002100B241EA022109B2401AB0F59B
:10F4D0002A7F03DA802007B0BDE8F08FF1F7AAF8A1
:10F4E0008020F1F70FFA5520F1F70CFA5520F1F7CB
:10F4F00009FA8DF81B00F1F795F89620F1F7F2F86C
:10F50000F1F798F88020F1F7FDF95520F1F7FAF9B5
:10F510005520F1F7F7F98DF81B00F1F783F89620E5
:10F52000F1F7E0F8002007B0BDE8F08FB0B5F1F7D3
:10F5300093F88020F1F7E6F95520F1F7E3F9F1F7B8
:10F5400083F89620F1F7CEF8F1F786F88020F1F7EE
:10F55000D9F95520F1F7D6F9F1F776F89620F1F7B9
:10F56000C1F8F1F779F81420F1F7CCF9B620F1F7EA
:10F57000C9F9F1F769F85020F1F7B2F8F1F76CF832
:10F580008020F1F7BFF95520F1F7BCF9F1F75CF8ED
:10F590009620F1F7A7F8F1F75FF88020F1F7B2F9BC
:10F5A0005520F1F7AFF90446F1F74EF89620F1F740
:10F5B00099F80F2C1CBFFF20B0BDF1F74DF80F20BC
:10F5C000F1F7A0F90020F1F79DF9F1F73DF8962049
:10F5D000F1F788F8F1F740F88F20F1F793F955200B
:10F5E000F1F790F90446F1F72FF89620F1F77AF841
:10F5F00046F65445C0F6010514B1A878B0BD00BF69
:10F60000F1F72AF81020F1F77DF98220F1F77AF965
:10F61000F1F71AF89620F1F765F8F1F71DF8902048
:10F62000F1F770F95520F1F76DF90446F1F70CF890
:10F630009620F1F757F8822C1ED1F1F70DF8112022
:10F64000F1F760F90020F1F75DF9F0F7FDFF962082
:10F65000F1F748F8F1F700F89120F1F753F9552048
:10F66000F1F750F90446F0F7EFFF9620F1F73AF87A
:10F6700034B10635A878B0BD0335A878B0BD00BF59
:10F68000F0F7EAFF1520F1F73DF98020F1F73AF99C
:10F69000F0F7DAFF9620F1F725F8F0F7DDFF952077
:10F6A000F1F730F95520F1F72DF90446F0F7CCFFCA
:10F6B0009620F1F717F8802C1ED1F0F7CDFF162019
:10F6C000F1F720F90020F1F71DF9F0F7BDFF9620C2
:10F6D000F1F708F8F0F7C0FF9620F1F713F955207D
:10F6E000F1F710F90446F0F7AFFF9620F0F7FAFFB4
:10F6F00034B10C35A878B0BD0935A878B0BD00BFCD
:10F70000F0F7AAFF1820F1F7FDF80120F1F7FAF859
:10F71000F0F79AFF9620F0F7E5FFF0F79DFF9820AD
:10F72000F1F7F0F85520F1F7EDF80446F0F78CFF0B
:10F730009620F0F7D7FF012C04BF0020B0BD0F3595
:10F74000A878B0BD10B5F0F787FF8020F1F7DAF8A0
:10F750005520F1F7D7F8F0F777FF9620F0F7C2FFC2
:10F76000F0F77AFF8020F1F7CDF85520F1F7CAF8CD
:10F77000F0F76AFF9620F0F7B5FFF0F76DFF142061
:10F78000F1F7C0F8B620F1F7BDF8F0F75DFF5020B3
:10F79000F0F7A6FFF0F760FF8020F1F7B3F85520EF
:10F7A000F1F7B0F8F0F750FF9620F0F79BFFF0F775
:10F7B00053FF8020F1F7A6F85520F1F7A3F8F0F7F2
:10F7C00043FF9620F0F78EFFF0F746FF3C20F1F75D
:10F7D00099F80120F1F796F8F0F736FF5020F0F78E
:10F7E0007FFFF0F739FFBC20F1F78CF85520F1F7D7
:10F7F00089F80446F0F728FF9620F0F773FFA0077A
:10F8000000F19280F0F728FFBC20F1F77BF855203B
:10F81000F1F778F80446F0F717FF9620F0F762FF4B
:10F82000A00700F18180F0F717FFBC20F1F76AF81C
:10F830005520F1F767F80446F0F706FF9620F0F739
:10F8400051FFA00770D4F0F707FFBC20F1F75AF87A
:10F850005520F1F757F80446F0F7F6FE9620F0F73A
:10F8600041FFA00760D4F0F7F7FEBC20F1F74AF89B
:10F870005520F1F747F80446F0F7E6FE9620F0F73A
:10F8800031FFA00750D4F0F7E7FEBC20F1F73AF8BB
:10F890005520F1F737F80446F0F7D6FE9620F0F73A
:10F8A00021FFA00740D4F0F7D7FEBC20F1F72AF8DB
:10F8B0005520F1F727F80446F0F7C6FE9620F0F73A
:10F8C00011FFA00730D4F0F7C7FEBC20F1F71AF8FB
:10F8D0005520F1F717F80446F0F7B6FE9620F0F73A
:10F8E00001FFA00720D4F0F7B7FEBC20F1F70AF81B
:10F8F0005520F1F707F80446F0F7A6FE9620F0F73A
:10F90000F1FEA00710D4F0F7A7FEBC20F0F7FAFF35
:10F910005520F0F7F7FF0446F0F796FE9620F0F733
:10F92000E1FE012101E000BF0021402000EA0410B7
:10F93000002918BF402010BDB0B58AB042F66C64F3
:10F9400001200021C2F200046D460890CDE90610A6
:10F95000CDE90011CDE90211CDE904112046294677
:10F96000F3F738FC2046F3F7B9FF20460221F3F7FE
:10F97000C7FB42F694640E20C2F200040990059081
:10F9800020462946F3F726FC2046F3F7A7FF20463A
:10F990000221F3F7B5FB0AB0B0BD00000000000083
:10F9A00010B52DED0C8B82B042F2A444C2F20004DB
:10F9B000A07B94ED178A94ED00CA002866D094EDE0
:10F9C00001DA207B002800F08B80B0EE480A00F0BE
:10F9D00075FFB0EE409AB0EE480A00F06FFFB0EE4F
:10F9E00040AAB0EE480A00F069FFB0EE40BAB0EEAF
:10F9F000480A00F063FFB0EEC91AB0EECA2AB4EEAE
:10FA0000412AF1EE10FAB8BFB0EE4A9AB0EECB1A26
:10FA1000B0EEC92AB4EE421AF1EE10FAB8BFB0EE59
:10FA20004B9AB0EEC01AB0EEC92AB4EE421AF1EE0B
:10FA300010FAB8BFB0EE409A19EE100A20F000405C
:10FA400006F08EF99FED360B53EC102B06F0D6F92D
:10FA50009FED358A002818BFB0EE489A04F11000D7
:10FA6000B0EE490AF0EE480AF9F732FD94ED0D0ABE
:10FA7000B3EE042AB0EEC01AB4EE421AF1EE10FA58
:10FA8000BEBF00206063B0EE480A2BE0B0EE480A2B
:10FA9000FFF734F994ED01AAB0EE409AB0EE480AAF
:10FAA000FFF776F92AEE000A2CEE091A94ED00AA67
:10FAB00031EE00CAB0EE480AFFF76AF994ED01BAD8
:10FAC000B0EE409AB0EE480AFFF718F92BEE000AA4
:10FAD0002AEE091A30EE41DA207B00287FF475AF58
:10FAE00094ED020A207B617BBDEECC1A11EE102A48
:10FAF000BDEECD1ABDEEC00A41EA400442F66C608C
:10FB000011EE103A10EE10CAC2F2000040F20131BC
:10FB1000CDE900C4F0F73AFF02B0BDEC0C8B10BD8C
:10FB20007B14AE47E17A843F000000000000000033
:10FB30002DE9F04F81B02DED0E8B42F6B401B0EE01
:10FB400040BAC2F2000142F2A44A91ED060AC2F2A2
:10FB5000000A00F00101B5EE40BAB0EE618AB0EEE5
:10FB6000419AB0EE60AA8AF80D1000F0020100F090
:10FB70000400F1EE10FA8AED180A8AF80C108AF8DF
:10FB80000E0006DDB2EE0E1AB4EE410AF1EE10FAE6
:10FB90000BDCB5EE40BAF1EE10FA0CDABAEE0E1A42
:10FBA000B4EE410AF1EE10FA05DAB7EE080A2BEED0
:10FBB00000BA2AEE00AA9AED00EA9AED01DA9AED6F
:10FBC00002CA1EEE100A06F0CBF83BEE4E0A0646BD
:10FBD00010EE100A0F4606F0C3F89FED510B58ECDB
:10FBE000109B4A46434605F0CFFE32463B4605F0A1
:10FBF000EFFB9FED4D0B044652EC100B4FEAD27B0E
:10FC00000D4620466BF3DF7505F0B0FB9FED480B0A
:10FC10000EEE100A56EC107B204629463A46334633
:10FC200006F0ECF800281DEE100A9FED45BA18BF4B
:10FC3000B0EE4BEA8AED00EA06F092F83AEE4D0A91
:10FC4000044610EE100A0D4606F08AF84A4643466E
:10FC500005F09AFE22462B4605F0BAFB0D460446F7
:10FC60006BF3DF7505F082FB0AEE100A2046294689
:10FC70003A46334606F0C2F800281CEE100A18BFB8
:10FC8000B0EE4BAA8AED01AA06F06AF839EE4C0AEA
:10FC9000044610EE100A0D4606F062F84A46434646
:10FCA00005F072FE22462B4605F092FB0D460446F7
:10FCB0006BF3DF7505F05AFB09EE100A2046294662
:10FCC0003A46334606F09AF89FED1E0A9FED1E1A3B
:10FCD000002818BFB0EE4B9A29EE000A80EE010A08
:10FCE0008AED029A38EE008A18EE100A20F00040E1
:10FCF00006F036F89FED100B53EC102B06F070F861
:10FD0000002818BFB0EE48BA8AED17BABDEC0E8BCA
:10FD100001B0BDE8F04FFFF743BE00BF00BF00BF1A
:10FD20009A9999999999E93F000000000000000014
:10FD30000000000000001C407B14AE47E17A843FC5
:10FD400000000000B81E053E00806D4340F21C40DC
:10FD5000C2F2000000218161704700002DE9F04FE0
:10FD600081B040F21C44C2F20004218B608B002958
:10FD70006ED043F6402842F6B40B49F61C55C2F249
:10FD80000008C2F2000BC2F200054FF00D094FF05F
:10FD9000000A23E0012088F8410085F84700002090
:10FDA00041F2FF11A86411EE100AA5F844101421C5
:10FDB000E86410EE100A85F84610286585F854901E
:10FDC00005F14400112101F0FDFD6088218B421CEA
:10FDD000608B62800AF1010A8A4539D204EB0A027B
:10FDE000937B87B2B7FBF3F606FB1373002BF1D1BD
:10FDF00010791428E4D140F2B451C2F200010A781B
:10FE000040F2FC41C2F200019BED670A9BED361AFD
:10FE100091F8231000206B2AC8F8440088ED120ADC
:10FE200088ED131A01D10229B5D1072A01D102297F
:10FE3000B0D16B2A08BF022906D0072A08BF0229C1
:10FE400004D098F84100A8E70320A4E70220A2E725
:10FE5000013081B2C9087C2988BF0020608301B0CD
:10FE6000BDE8F08F80B540F21C4ECB0842F2C502CF
:10FE7000C2F2000E5A43BEF818C0120D4FF47A7346
:10FE800002FB13110EF1040202F80C0088B2BEF856
:10FE90001810B3FBF0F011448872BEF8180001305E
:10FEA000AEF8180080BD000040F2B400C2F20000BD
:10FEB00000684DF68361C4F21B31A0FB011244F6C9
:10FEC000D351C1F26201A0FB0101900C40F2C44287
:10FED000C2F20002107088095060704780B54EF27F
:10FEE000180140F2C442CEF20001C2F2000251F801
:10FEF00004CC1278002302FB00FE08680AE000BF71
:10FF000003449B1A824228BF63447345104628BFAE
:10FF100080BD00BF0A688242F2D10A688242EFD1F6
:10FF20000A688242ECD10A688242F3D0E8E7000016
:10FF300070B542F2206600EBC005C2F2000656F82A
:10FF4000250006EB8504606003F05CFDE17C46F86B
:10FF500025004A0642BF01F0BF01E174E060A069DC
:10FF600060B18047E17C48B1206A41F0A0010028DF
:10FF7000E17408BF70BDBDE87040004701F07F002C
:10FF8000E07470BD03F03EFD42F2206A48F21E02AA
:10FF9000C2F2000ACFF602720021CAE904214AF235
:10FFA0000A02CFF20072F523CAE90C024AF20A02F1
:10FFB0008AF85B304AF20A03AAF85820CFF20033DD
:10FFC000AAF8A020AAF80C21F922CAE91F3143F2AD
:10FFD00002038AF80F21EF2240F2CC49CFF60053FA
:10FFE0008AF833218AF857218AF87B210622C2F247
:10FFF0000009F127CAE9313145F205038AF89E214B
:020000040801F1
:1000000044F26402C9F80400CAE90000CAE9020027
:10001000CAE90810CAE90A00CAE91200CAE91400CC
:10002000CAE91B00CAE91D008AF8A370CAE92310B7
:10003000CAE92500CAF89C00CAE92D00CAE92F00C8
:1000400043F20207FB26CAE93510CAE93700CAF8AD
:10005000E400CAE93F00CAE94100CAE94800CAE928
:100060004A00AAF85431CAE95100CAE953004FF0D6
:100070000C0848F22803CAE95A00CAE95C00AAF849
:100080009C21EB22CAE96300CAE965003920CAE96C
:100090000611CAE90E118AF85A10CAE91011CAE904
:1000A0001711CAE919118AF8A210CAE92111CAE97F
:1000B0002911CAE92B11AAF8E8708AF8EA108AF81F
:1000C000EB60CAE933118AF80E11CAE93B11CAE99B
:1000D0003D118AF83211AAF83071CAE94411CAE90F
:1000E00046118AF85611CAE94D11CAE94F118AF82A
:1000F0007A81AAF87831CAE95611CAE958118AF802
:100100009F21CAE96811CAE96A11CAE95F11CAE9FF
:10011000611101F075FE9FED3B8A07E00A2001F0B6
:100120006FFE002001F080FCC9F8080003F06AFCB3
:10013000C9F804009AF8C301002700F09F000026C8
:1001400089F800808AF8C3010AE000BF03F12001AA
:10015000C17400BF2437B7F5D87F06F10106DDD0A2
:100160000AEB0700C17CCA07F4D0847C058AD9F861
:1001700004305AF807C045EA04452C46A3EB0C02AC
:100180006FF31F34A2421FD98A065EBF41F060019F
:10019000C174836099F80020C1F3430102EBC202ED
:1001A0000AEB8202D27CC2F34302914288BF89F8F3
:1001B00000609AF8C31141F060018AF8C311C06968
:1001C0000028C7D08047C5E7C2689A1AB2EB153F2E
:1001D00001F09F03BAD301F01F0249B20029416820
:1001E00048BF03F120028C45C274B3D9ACEB0101C6
:1001F00000EE101AB8EE400A88EE000A80ED050AFB
:10020000A8E700BF00007A4470B52DED0C8B90F884
:100210002050044690ED05BA90ED07CA681EB0EE76
:10022000408AB7EE00DA00EE100A3DEE4B9AB8EEC7
:10023000C0AAB0EE490AF0EE4A0A04F0C7F994EDFC
:10024000061A2CEE000A20EE0B0A31EE40CAB0EE80
:10025000490AF0EE4A0A04F0B9F9207C28EE000AB7
:10026000411C20EE0B0AB1FBF5F230EE0C0A04EB58
:10027000800084ED060A80ED008A02FB151194EDE2
:10028000051A94ED062A04EB81003DEE413A90ED0B
:10029000000A23EE022A21EE081A31EE029A84EDBA
:1002A000070A30EE490A10EE100A20F000402174CF
:1002B00019EE106A84ED069A05F052FD044626F008
:1002C00000400D4605F04CFD9FED090B53EC102B43
:1002D00005F05AFB22462B4605F07BFD002818BF8F
:1002E000B0EE498AB0EE480ABDEC0C8B70BD00BF81
:1002F0007B14AE47E17AB43F2DE9F047EFF3108964
:1003000072B609B384680546F4B12E4656F8140F48
:1003100056F8103C984284BF28686861A242B8BF72
:1003200014461A1A571CBC4214DD3A46A4EB070ABD
:100330008846F0F766F8286808EB07015246F0F7A0
:1003400060F82E460AE000BF89F310884FF0FF30B6
:10035000BDE8F0872246F0F754F8A2463068D5E9A8
:10036000021250446861081B1119C5E9020189F3A2
:1003700010882046BDE8F087F0B581B02DED088BE0
:1003800042F6B4040025012A42F2F873C2F20004D6
:1003900008BF04F5C475002AB0EE619AB0EE608A19
:1003A000C2F2000308BF2546012883F8222017D196
:1003B00095F8C02092B96A690646EA6105F17402AF
:1003C00010460F46B0EE40BAB0EE41AAF9F736F942
:1003D000B0EE4A1A3046B0EE4B0A39460C2200E025
:1003E000082285F8C000A818012985ED071A80EDBC
:1003F000000A0FD194F8840160B9D4F8D800C4F889
:10040000E00004F59C70F9F719F9012084F88401E3
:1004100004E000BF012984F8841109D184ED389AE1
:1004200004F1D00080ED008ABDEC088B01B0F0BD76
:1004300004F1CC0080ED008ABDEC088B01B0F0BD6A
:1004400040F6780040F23402C2F20000C2F200022C
:1004500090ED057AD0ED060A92ED066AD2ED072AF4
:1004600090ED075AD2ED083A60EEA22A27EE066A0E
:1004700036EE226A65EE233A90ED024A33EE866A42
:1004800040F23871D2ED103A90ED013AD2ED0F2AD8
:10049000C2F2000190ED032A40F61C0081ED186ABB
:1004A00024EE236AD2ED113AC2F2000063EE222A52
:1004B000D0ED091A72EE862A62EE233A73EEA22A72
:1004C00040F2B01372EEA11AC2F2000390ED140ACA
:1004D00090ED151AC1ED0F1AD3ED001AD3ED012AD4
:1004E00090ED166AD3ED023A61EE222A60EE211AEF
:1004F00071EEA21A66EE232AD0ED0C3A72EEA11A22
:1005000071EEA31AC1ED1B1AD2ED091AD2ED0A2A17
:10051000D2ED0B3A60EEA22A67EE211A71EEA21A12
:1005200065EE233AD2ED122A73EEA11AD2ED133AF8
:10053000C1ED191A64EE231A63EE222A72EEA11A93
:10054000D2ED142AD0ED0A3A62EE222A72EEA11AF6
:10055000D3ED032A71EEA31AD3ED043AC1ED101ABC
:1005600061EE231A60EE222A72EEA11AD3ED052A5B
:10057000D0ED0D3A66EE222A72EEA11A71EEA31AA0
:10058000C1ED1C1AD2ED0D1AD2ED0C2A60EEA10AB3
:10059000D2ED0E1A27EE227A37EE207A25EE215A76
:1005A00035EE075A81ED1A5A92ED165A92ED157AE8
:1005B00024EE054A92ED175A23EE073A33EE043A39
:1005C00022EE052A90ED0B4A32EE032A32EE042A7F
:1005D00081ED112A93ED072A93ED063A21EE021AD6
:1005E00093ED082A20EE030A30EE010A26EE021AE5
:1005F00090ED0E2A31EE000A30EE020A81ED1D0A5E
:100600007047000010B540F23874C2F20004207840
:10061000C00714D043F29C60C2F20000816C0968EC
:100620000968C9070BD1C06C00680068C00706D113
:10063000607880075CBFA0785FEA80704CD56078F6
:10064000C00714D043F29C60C2F20000816C0968BC
:100650000968C9070BD1C06C00680068C00706D1E3
:10066000207880075CBFA0785FEA807052D5A078C0
:10067000C00715D043F29C60C2F20000816C09688B
:100680000968C90718BF10BDC06C00680068C007C2
:1006900006D1207880075CBF60785FEA807001D562
:1006A00010BD00BFA078102100F0FE00A070A0785F
:1006B000002240F00200A0700020C4F20200F3F714
:1006C00017FD40F2340004F12001C2F200000422C0
:1006D000BDE81040F9F7C4B92078012100F0FE0010
:1006E00020702078002240F0020004F8280B00203F
:1006F000C4F2020000F58060F3F7FAFC40F2340027
:10070000C2F20000043021460822BDE81040F9F78B
:10071000A7B900BF6078102100F0FE00607060781B
:10072000002240F0020060700020C4F20200F3F7E3
:10073000DFFC40F23400C2F200000C3004F1300162
:100740000922BDE81040F9F78BB9000043F23C7173
:10075000C2F200010968486370470000704700005A
:1007600080B584B0024601200DF10F01CDE90010E3
:1007700043F264104FF0640CC2F200001C2101230C
:10078000CDF808C0F3F772FD9DF80F0004B080BDEE
:1007900080B584B002468DF80F1001200DF10F01D5
:1007A000CDE9001043F264104FF0640CC2F2000077
:1007B0001C210123CDF808C0F3F784FE04B080BDEE
:1007C00041F60000C4F2020040210122F3F790BC80
:1007D00041F60000C4F2020040210022F3F788BC79
:1007E0007047000000F076BAB0B5FFF7B7FFFFF72B
:1007F000F7FFFFF7EDFF3220FFF7F4FFFFF7E0FF11
:100800003220FFF7EFFF0020FFF7AAFF10281CBFE0
:100810004020B0BD0120FFF7E5FF0B200821FFF7C6
:10082000B7FF0120FFF7DEFF0B20FFF799FF04461B
:100830000120FFF7D7FF46F2D035082CC0F601059E
:1008400032D141200921FFF7A3FF0120FFF7CAFFA2
:100850004120FFF785FF04460120FFF7C3FF092C65
:1008600024D14220C021FFF793FF0120FFF7BAFFF8
:100870004220FFF775FF04460120FFF7B3FFC02CAD
:1008800018D10A200B21FFF783FF0120FFF7AAFFF1
:100890000A20FFF765FF04460120FFF7A3FF0B2C9A
:1008A00004BF0020B0BD0935A878B0BD0335A878D5
:1008B000B0BD00BF0635A878B0BD00009FED4C1A52
:1008C0000020B4EE410AF1EE10FAB8BF012007DBB8
:1008D0009FED482AB4EE420AF1EE10FA40F386800A
:1008E0009FED442A30EE023A33EE023AC00718BFB9
:1008F000B0EE430A30EE013AB4EE420A33EE013A6A
:10090000F1EE10FAC8BFB0EE430AB4EE410AF1EEC0
:1009100010FA04DBB4EE420AF1EE10FA66DD30EEB6
:10092000023A33EE023AB4EE410AF1EE10FAB8BFE1
:10093000B0EE430A30EE013AB4EE420A33EE013A29
:10094000F1EE10FAC8BFB0EE430AB4EE410AF1EE80
:1009500010FA04DBB4EE420AF1EE10FA46DD30EE96
:10096000023A33EE023AB4EE410AF1EE10FAB8BFA1
:10097000B0EE430A30EE013AB4EE420A33EE013AE9
:10098000F1EE10FAC8BFB0EE430AB4EE410AF1EE40
:1009900010FA05DBB4EE420AF1EE10FAD8BF704748
:1009A00030EE023A33EE023AB4EE410AF1EE10FABA
:1009B000B8BFB0EE430A30EE013AB4EE420A33EE6D
:1009C000013AF1EE10FAC8BFB0EE430AB4EE410AA4
:1009D000F1EE10FA4FF00000B8BF0120FFF682AF31
:1009E000B4EE420AF1EE10FA3FF77CAF704700BF59
:1009F000DB0F49C0DB0F4940F3F77AFEFAF794FDAD
:100A0000F7F7A0FEF7F754FDF7F78EFCF7F7C2FCF7
:100A1000F7F7F6FCF7F716FDF7F770FFF7F790FF1B
:100A2000F8F7C6F8F8F760F9F7F7B4FFF8F70EFA39
:100A3000F8F72AFAF8F748FAF7F726FDF8F742F838
:100A4000F8F77AF843F65C04C2F20004204600216D
:100A5000F6F712F920460421F6F70EF92046082190
:100A6000F6F70AF900F042FEFEF766FFFFF71CFA00
:100A700043F23C70C2F200000021F6F7FDF800F0EE
:100A8000A3FF43F67C10C2F20000012180F8381069
:100A9000F7F764FD00F026F9FEE7000040F2D840C9
:100AA000C2F200000025457040F6C400C2F200000A
:100AB0004FF48071EFF724FD41F26420C2F2000090
:100AC00000F580714FF4807200F0E2FEC82001F062
:100AD00097F9FBF7A1FA40F2B007C2F20007388895
:100AE00040F6B83188424BF26D1141F26444CFF6C2
:100AF000FF71C2F2000401D13D8004E0414389B29C
:100B0000B1F5227F2FD840F2D845A520C2F20005CA
:100B100005F8060FE87804210130E8706020A5F898
:100B200001002846F0F7A6F8296828712071216095
:100B300040F2076040F6C411A4F80500E01DC2F2BF
:100B400000016022EFF75DFC20466721F0F734F8E2
:100B5000A4F8670043F6A400C2F20000214669220F
:100B6000F6F784FD38884CF6CD41CFF6FF7141434E
:100B700089B243F2333949452CD840F2D845A520F3
:100B8000C2F2000505F8060FE87804210130E8708C
:100B90002D20A5F801002846F0F76CF82968287187
:100BA000207140F206602160A4F8050005F14A01B9
:100BB000E01D2D22EFF725FC20463421EFF7FCFF46
:100BC000A08643F6A400C2F2000021463622F6F7C2
:100BD0004DFD388843F6A40A40F6B83B4FF0A5080F
:100BE000E51DC2F2000A00BF013038800A2001F082
:100BF00007F9FBF711FA3888584503D100203880EF
:100C000009E000BF4BF26D11CFF6FF71414389B28D
:100C1000B1F5227F2BD840F2D846C2F2000606F882
:100C2000068FF07804210130F0706020A6F80100F2
:100C30003046F0F71FF8316830712071216040F2C2
:100C4000076040F6C411A4F805002846C2F200016E
:100C50006022EFF7D6FB20466721EFF7ADFFA4F83F
:100C60006700504621466922F6F700FD38884CF6A9
:100C7000CD41CFF6FF71414389B24945B4D840F226
:100C8000D846C2F2000606F8068FF078042101303B
:100C9000F0702D20A6F801003046EFF7EBFF316829
:100CA0003071207140F206602160A4F8050006F161
:100CB0004A0128462D22EFF7A4FB20463421EFF706
:100CC0007BFFA086504621463622F6F7CFFC3888B7
:100CD0008AE7000080B5012898BF012001F090F854
:100CE000002080BD80B501F0BDF9002080BD00006E
:100CF000B0B584B043698E4693B1846984B10589E7
:100D0000D0E9001C026928B2843D18BFC51CCDE99A
:100D1000005360467346029401F09AFE04B0B0BDE1
:100D20000589D0E90013028A28B2843D18BFC51C8A
:100D300003AC18467346CDE9005401F059FE0399FF
:100D4000012818BF0021084604B0B0BD28B940F200
:100D50006420C2F20000006810B13430704700BF58
:100D60004FF0500080F31188BFF36F8FBFF34F8FA8
:100D7000FEE70000F0B581B040F26424C2F2000446
:100D80000D46E7692168002281F852202168064655
:100D9000081D00F037FE18B1701C0CD016E000BF23
:100DA00020680121C06A626801FA00F022EA0000AE
:100DB0006060701C0AD14DB154F8500B011D2046E3
:100DC00001B0BDE8F04000F0B7BE00BF2068BD191B
:100DD000456007D3606A2168043101B0BDE8F04086
:100DE00000F078BE206A2168043100F073FEE06AEA
:100DF000854238BFE56201B0F0BD00002DE9F04149
:100E0000044600F0B1FE40F26426C2F200063069EA
:100E100043F68035013030613068C2F2000548B1D8
:100E20007069002840D13068E16AC06A884298BF82
:100E3000346039E034603069012835D1284600F04B
:100E400039FE05F1140000F035FE05F1280000F030
:100E500031FE05F13C0000F02DFE05F1500000F0E0
:100E600029FE05F1640000F025FE05F1780000F090
:100E700021FE40F28068C2F20008404600F01AFEEF
:100E800008F11407384600F015FE06F1640000F082
:100E900011FE06F13C0000F00DFE06F1500000F0DE
:100EA00009FEC6F8208077627068B16801220131BE
:100EB000B160E16A8A401043706001EB810005EB8C
:100EC0008000211D00F038FE00F072FE706988B1CC
:100ED0003068E16AC06A884228BFBDE8F0814EF6FA
:100EE0000450CEF200004FF080510160BFF34F8FED
:100EF000BFF36F8FBDE8F08140F2642543F6803682
:100F00004EF60458C2F20005C2F20006CEF2000806
:100F10004FF0805703E000BF204600F061FEE86814
:100F2000D0B100F021FEA86CC468201D00F06AFD5D
:100F3000286901382861E8680138E86000F038FE67
:100F400094F851000228EAD00128E5D070B9206B4E
:100F500000F046FEE0E700BF30680228DFD3C8F8A3
:100F60000070BFF34F8FBFF36F8FD8E74FF0500083
:100F700080F31188BFF36F8FBFF34F8FFEE7000040
:100F80002DE9F0470A9C8246206B16460F46DDE9A4
:100F900008599100A5229846EFF7AAFA206B002F76
:100FA00000EB8600A0F1040020F0070644D038785A
:100FB00084F83400D8B3787884F83500B8B3B878BA
:100FC00084F8360098B3F87884F8370078B3387925
:100FD00084F8380058B3787984F8390038B3B87990
:100FE00084F83A0018B3F87984F83B00F8B1387AFD
:100FF00084F83C00D8B1787A84F83D00B8B1B87A6A
:1010000084F83E0098B1F87A84F83F0078B1387BD4
:1010100084F8400058B1787B84F8410038B1B87B3F
:1010200084F8420000281CBFF87B84F843000020AD
:1010300084F8430003E000BF002084F83400002758
:10104000201D062D28BF0625E562C4E9115700F0D2
:101050003DFD04F1180000F039FD85F00700A061A6
:1010600030465146424624616462E76484F8507019
:1010700084F8527000F028FBB9F1000F206018BF0F
:10108000C9F80040BDE8F08708480068006880F3B0
:1010900008884FF0000080F3148862B661B6BFF391
:1010A0004F8FBFF36F8F00DF00BF000008ED00E03F
:1010B00081B00020009040F2D810C2F20000006819
:1010C0004FF0500181F31188BFF36F8FBFF34F8F43
:1010D000013007D0FEE700BF009830B9009820B972
:1010E000009810B900980028F6D001B070470000B1
:1010F00088B040F2DC2AC2F2000A0DF11009EB467A
:10110000DAF8080005681DB1C068046801E000BF96
:10111000002401F01FF802F075FCDAF81010064602
:10112000884220D3002DCAF8106051D0B4424FD865
:1011300002F084FDDAF80800C068C7683D1D284643
:1011400000F060FC97F82400410745D400F0FA0055
:1011500087F8240082E000BF7860DAF808002946AA
:101160003F6100F0B7FCDAF80800016831B3C068ED
:10117000C76804683D1D284600F044FC396A3846BB
:10118000884797F824004007EDD5B8692044A0426D
:10119000E2D8DAF80000002800F04081002004A91D
:1011A00091C102F01FFCDAF800004946002200233A
:1011B00001F04EF90028D6D130E100BFDAF80C106A
:1011C000CAF81060CAE9021002F038FD4FE000BF13
:1011D00065B1002210E000BFB8693F610119B1425A
:1011E00079601DD90AF108001FE000BFDAF80C0091
:1011F0000068B0FA80F04209DAF80000A11B00F0A4
:10120000D5FD02F01BFD90BB4EF60450CEF200005F
:101210004FF080510160BFF34F8FBFF36F8F26E017
:10122000311B814206D20AF10C000068294600F009
:1012300051FC13E0DAF80000002800F00D810020D6
:1012400004A991C102F0CEFBDAF800004946002261
:10125000002301F0FDF8002800F0FE80396A3846CE
:10126000884704E00AF10C02106800F033FCDAF859
:1012700000005946002201F04BFA00283FF440AF2D
:101280000098B0F1FF3F06DCDDE9012003999047AB
:1012900000980028EBD4029E706910B1301D00F058
:1012A000B1FB02F0AFFBDAF81010074688420CD30E
:1012B0000098CAF8107009283DD9D8E76860DAF8B4
:1012C000080021462D6100F005FCDAF808000168ED
:1012D00041B3C068C568D0F800802C1D204600F0DE
:1012E00091FB296A2846884795F824004007ECD5E9
:1012F000A86940444045E1D8DAF80000002800F031
:1013000083800020CDE90408069502F06BFBDAF833
:10131000000049460022002301F09AF80028D4D1A9
:1013200072E000BFDAF80C10CAE902100098CAF89F
:10133000107009289BD8DFE800F005050557415FCC
:101340000505574196F82400B26940F00101019863
:1013500086F824101318314641F8043FBB42366129
:1013600008D987420AF10802BFF47EAF834205D252
:101370007AE700BF381A9042FFF474AF316A304602
:10138000884796F8240040077FF571AFDAF800002F
:1013900000284DD00198B169069608440021CDE996
:1013A000041002F01FFBDAF8000049460022002377
:1013B00001F04EF800287FF45AAF39E096F8240087
:1013C00040F00101019886F824100028B06139D05E
:1013D000384431460AF10C0241F8040F3661B84234
:1013E00088BF0AF108023FE796F8240000F0FE00EB
:1013F00086F824003BE700BF96F824008107F5D467
:10140000304600F0EDFB32E74FF0500080F31188DA
:10141000BFF36F8FBFF34F8FFEE700BF4FF0500059
:1014200080F31188BFF36F8FBFF34F8FFEE700BFCC
:101430004FF0500080F31188BFF36F8FBFF34F8FD1
:10144000FEE700BF4FF0500080F31188BFF36F8FAD
:10145000BFF34F8FFEE700BF4FF0500080F31188BD
:10146000BFF36F8FBFF34F8FFEE70000F0B581B081
:10147000044600F079FB94F94560012E0FDB04F17E
:10148000240500BF286850B1284602F09DFB0028C3
:1014900018BF00F013FDF0B2013E0128F2D8FF267C
:1014A00084F8456000F084FB00F05EFB94F9447022
:1014B000012F0EDB04F11005286850B1284602F018
:1014C00083FB002818BF00F0F9FCF8B2013F0128A7
:1014D000F2D884F8446001B0BDE8F04000F068BB89
:1014E00070B5044600F036FE40F2183CC2F2000C23
:1014F000DCF8042012B19CF8000020E043F61C50F8
:10150000C2F20000420700F5C04200F1070122F0DC
:10151000070218BF21F007000021A2F10803CCE95F
:101520000601CCF8043042E90211DCF80420191A53
:10153000C0E900210120CCE902118CF8000000254F
:10154000002C4FF0000148BF01215AD0084058D16B
:1015500024F0070000F11003600708BF04F108033E
:10156000DCF80800591E81424BD2604650F818EF53
:10157000DEF804509D422CD2DEF80010C1B1744652
:101580004D689D4218D20E68B6B175689D4217D25B
:101590003068A8B145689D4216D20468A4B1656858
:1015A0009D4215D22168A6460029E9D111E000BF6D
:1015B0000CF118000DE000BF8E46204609E000BF88
:1015C000B646084605E000BF8646304601E000BF4B
:1015D000A646964514D00268DEF80040E91A1129A3
:1015E00004604FD30EEB0305680719D04FF050008D
:1015F00080F31188BFF36F8FBFF34F8FFEE700BFFB
:10160000002502F01BFB68075CD04FF0500080F310
:101610001188BFF36F8FBFF34F8F00BFFEE700BF8E
:101620000CF118006960CEF8043000BF0168A942CF
:101630000AD20868A8420BD20168A94204D20868FD
:101640000B46A842F2D304E00346084601E000BF7F
:101650000B465C6869681E19AE4202D121441D46E2
:1016600059606C18844201D0044607E0DCF804405D
:10167000A04203D0D0E9004008446860AB422C602F
:1016800018BF1D60DEF80400DCE9021302F1080552
:10169000091A9942CCF8081038BFCCF80C109CF805
:1016A000001000294FF0000118BF40F00040CEE9C3
:1016B0000010DCF810000130CCF8100002F0BEFA87
:1016C0006807A2D1284670BD034641F2B10021F05F
:1016D0000101C0F601004FF0807C03E903106FF0B8
:1016E0000201A3F1440043E90912704740F2BC3102
:1016F000C2F2000101F116003A312422F7F7F2BFDD
:1017000070B50D46044600F02FFA40F26426C2F28E
:1017100000063068C06C90B93068012180F8501024
:101720006DB12846FFF726FB4EF60450CEF20000BE
:101730004FF080510160BFF34F8FBFF36F8F00F008
:1017400037FA00F011FA3068C56C2DB1316800200D
:10175000002C08BF681EC8643068002180F8501053
:1017600000F026FA284670BD86B040F2D84A40F212
:10177000F24842F66C6B42F20856C2F2000AC2F21C
:101780000008C2F2000B4FF00009C2F200060EE0A2
:10179000D8F80670584640F2033100220023009723
:1017A000EFF71EF98AF800900A2000F029FB9AF85A
:1017B00000000228ECD00128F6D130887188030A95
:1017C0000C0AC0B23279B579C9B2CDE9000402A8D9
:1017D000777986C058464FF4417101220595EFF79D
:1017E0002DF9022000F00CFB307AF379717AB27A8D
:1017F000357B747BF77A8DE8870058464FF441714A
:10180000022204950594EFF719F9022000F0F8FA86
:10181000F07BB37B317C727CF57C347DB77C8DE8CA
:10182000870058464FF44171032204950594EFF761
:1018300005F9022000F0E4FAB07D737DF17D327E7F
:10184000B57EF47E777E8DE8870058464FF441716F
:10185000042204950594EFF7F1F8022000F0D0FA85
:10186000707F337FB17FF27F96F8215096F8207019
:101870008DE8870058464FF4417105220495CDF854
:101880001490EFF7DBF8022000F0BAFA8AE70000C4
:1018900010B543F6A403C2F20003D3F800C0DCF88D
:1018A000143043F04003CCF81430DCF8143043F02B
:1018B0008003CCF81430DCF80C3043F01003CCF883
:1018C0000C3042F68473C2F200031C68D4F800C0E6
:1018D0002CF0010313E000BF236823F00103236011
:1018E0002368DB071FBF236823F0010323602368FD
:1018F00018BF5FEAC3730FD0236823F0010323608E
:101900002368DB071FBF236823F0010323602368DC
:1019100018BF5FEAC373DFD146F20C4EC4F2020E69
:101920000EF14C039C4211D846F2080EC4F2020E8E
:101930000EF1B0039C4203D90EF5806E06E000BFA5
:101940000EF150039C4288BF0EF1040E41F2040CCC
:10195000C4F2010C4FF40063CEF80030C4F808C0A4
:10196000E06021616260206840F48020206020688F
:1019700040F00100206042F6E470C2F2000000680E
:10198000016821F0010101600168C90716D00168F2
:1019900021F0010101600168C9071FBF016821F042
:1019A00001010160016818BF5FEAC17106D00168DA
:1019B00021F0010101600168C907E1D1C0F808C048
:1019C00010BD0000EFF7DCB849F61C50C2F2000071
:1019D0000021A0F8401080F84210F7F793BA0000F9
:1019E000FEF7B4F9142040F24B31FEF73BFA0A201F
:1019F00000F006FAF7F774FCFEF7B0F9012000F0EA
:101A0000FFF9F7E70169D0E90132D1F804C09A6023
:101A10008445536008BF4A600022026108680138AB
:101A2000086008687047000020B940F26420C2F2E4
:101A300000000068016B0878A5281CBF00207047D3
:101A4000022000BF0A1812F8013CA52B0ED10B5C36
:101A5000A52B0CD15378A52B0CD192780430A52A54
:101A6000F0D00238C0F38F00704700BF0138C0F3D8
:101A70008F0070470130C0F38F00704749F6A473A0
:101A8000C2F20003036049F6A450C2F200000860ED
:101A900080201060704700004AF23843C2F2000311
:101AA00003604AF23800C2F2000008604FF4807010
:101AB000106070474FF0FF31024642F8081F0021C6
:101AC0004260C0E90322016070470000002101610B
:101AD0007047000010B5D1F800C01CF1010213D00E
:101AE00000F1080462681368634511D853681C68E4
:101AF000644511D85A68146864450FD8546823683F
:101B0000A6466345EED90BE00269D2F804E007E08F
:101B10009646224604E000BF9E4601E096461A46DD
:101B2000C1F804E0CEF808108A60516008610168CD
:101B30000131016010BD0000D0F800C043680861A9
:101B40009A68C1E90132516099600CF101010160AC
:101B500070470000DFF80C00016841F4700101607B
:101B60007047000088ED00E04FF0500080F31188CE
:101B7000BFF36F8FBFF34F8F40F2D810C2F2000057
:101B800001684A1C026009B1704700BF4EF604505C
:101B9000CEF200000068000608BF70474FF050000A
:101BA00080F31188BFF36F8FBFF34F8FFEE7000004
:101BB00040F2D810C2F20000016839B10139016069
:101BC00018BF7047002080F3118870474FF0500015
:101BD00080F31188BFF36F8FBFF34F8FFEE70000D4
:101BE00070B5002808BF70BD40F21834C2F200047E
:101BF000217850F8042C002918BF4FF00041114201
:101C00000ED0A0F108052B68A3B14FF0500080F36F
:101C10001188BFF36F8FBFF34F8F00BFFEE700BF88
:101C20004FF0500080F31188BFF36F8FBFF34F8FD9
:101C3000FEE700BF22EA010140F8041C064600F05E
:101C400089FA56F8040CA1680144A16004F1180156
:101C50000B68AB420AD21968A94213D20B68AB4297
:101C600004D219681A46A942F2D301E00A4619467D
:101C70005368D618AE420AD02B188B420DD00B46B3
:101C800012E000BF1A465368D618AE42F4D1184489
:101C9000154650602B188B42F1D16368994203D0EE
:101CA000D1E9003108446860AA422B6018BF156072
:101CB000606901306061BDE8704001F0BFBF0000A5
:101CC0004EF21000CEF2000000210160816040F26F
:101CD000B401C2F20001096844F6D352C1F26202B3
:101CE000A1FB02124FF0FF3101EB9211416007217D
:101CF0000160704740F23830EFF305811029C2F2DD
:101D0000000011D34EF2F032CEF20002895C02786C
:101D1000914209D24FF0500080F31188BFF36F8FCA
:101D2000BFF34F8FFEE700BF4EF60C51CEF200011D
:101D30000968406801F4E061814298BF70474FF044
:101D4000500080F31188BFF36F8FBFF34F8F00BF38
:101D5000FEE7000049F6F87CC2F2000CDCF8003027
:101D600003B3634653F8082FEAB1634653F8102FC4
:101D7000CAB1634653F8182FAAB1634653F8202F0F
:101D80008AB1634653F8282F6AB1634653F8302F5F
:101D90004AB15CF8382F002A634608BFC3E9001037
:101DA000704700BF6346C3E90010704770B5154621
:101DB0000E460446FFF7D8FE94F84400FF2804BFFF
:101DC000002084F8440094F84500FF2804BF002058
:101DD00084F84500FFF7ECFEA06B28B12046BDE873
:101DE0007040FFF743BB00BF04F1240031462A4690
:101DF00000F0ECF82046BDE87040FFF737BB00006C
:101E000070B5002843D040F26424C2F20004A169F6
:101E100051B14FF0500080F31188BFF36F8FBFF3C3
:101E20004F8F00BFFEE700BF0546A06900210130CB
:101E3000A061E669206880F8521020680430FFF73E
:101E4000E1FD48B12068AD19456012D3606A216890
:101E50000431FFF73FFE15E020680121C06A626887
:101E600001FA00F022EA000060602068AD194560C8
:101E7000ECD2206A21680431FFF72CFEE06A85422B
:101E800038BFE56201F0DAFE002818BF70BD4EF6DB
:101E90000450CEF200004FF080510160BFF34F8F2D
:101EA000BFF36F8F70BD000040F26421C2F20001E9
:101EB0008A6B0260C96941607047000040F264208B
:101EC000C2F2000001210163704700002DE9F041DA
:101ED00020B304460F46FFF70DFFEFF311864FF0D6
:101EE000500080F31188BFF36F8FBFF34F8F022133
:101EF00094F8500084F85010E16C012801F10101C0
:101F0000E16442D1A06A98B14FF0500080F311888B
:101F1000BFF36F8FBFF34F8FFEE700BF4FF050004E
:101F200080F31188BFF36F8FBFF34F8FFEE700BFC1
:101F300040F26425C2F20005A86928B104F1180135
:101F400005F1640014E000BF04F104084046FFF707
:101F500059FDE06A01216A6881401143696043F6D6
:101F6000803100EB8000C2F2000101EB80004146AD
:101F7000FFF7E2FDE06A2968C96A884205D9002FA7
:101F80001CBF012038600120286386F31188BDE85A
:101F9000F081000080B110B50C4640F26421C2F21D
:101FA000000109681831FFF795FD20460121BDE8C1
:101FB0001040FEF7DFBE00BF4FF0500080F31188E5
:101FC000BFF36F8FBFF34F8FFEE7000070B588B18E
:101FD00040F26426C2F200060C46316815461831FC
:101FE000FFF7AAFD85B14FF0FF302946BDE87040EC
:101FF000FEF7C0BE4FF0500080F31188BFF36F8F23
:10200000BFF34F8FFEE700BFF5693068002180F80D
:10201000521030680430FFF7F5FC58B1306864198D
:10202000446014D3706A31680431BDE87040FFF732
:1020300051BD00BF30680121C06A726801FA00F02A
:1020400022EA00007060306864194460EAD2306AA5
:1020500031680431FFF73EFDF06A844238BFF46214
:1020600070BD000010B588B00020CDE9050006A8BD
:1020700005A904AAFFF702FD059800283ED0069C9A
:10208000002C45D05421049A07910799542949D12D
:1020900007992063022084F8510007A80021CDE9A8
:1020A000001040F6F960C0F6010028A10023029458
:1020B000FEF766FF2046FEF7A1FE079840F2642473
:1020C000C2F20004A062B0B101F02EFE411C33D078
:1020D000012810D14FF0500080F31188BFF36F8FAB
:1020E000BFF34F8F4FF0FF30E062012060610020AE
:1020F000E06100F07DF808B010BD00BF4FF0500067
:1021000080F31188BFF36F8FBFF34F8FFEE700BFDF
:102110004FF0500080F31188BFF36F8FBFF34F8FE4
:10212000FEE700BF4FF0500080F31188BFF36F8FC0
:10213000BFF34F8FFEE700BF4FF0500080F31188D0
:10214000BFF36F8FBFF34F8FFEE700BF49444C458D
:102150000000000040F26420C2F2000081690131F9
:102160008161704740F26420C2F200008169002959
:102170001EBF012101637047002101634168B1FA6C
:1021800081F1C9B2C1F11F0143F6803201EB810137
:10219000C2F2000252F8213063B102EB81025168B1
:1021A00002F108034968994251600DD0C968016085
:1021B000704700BF4FF0500080F31188BFF36F8F5E
:1021C000BFF34F8FFEE700BF49685160C9680160E7
:1021D000704700000022C0E90622C0E90022C0E9E1
:1021E0000222027480ED050A80F82010704700007A
:1021F000B0B584B04EF2004CCEF2000C4CF270211F
:10220000C4F20F11DCF800294B1C9A420AD14FF09E
:10221000500080F31188BFF36F8FBFF34F8F00BF63
:10222000FEE700BFDCF800298A4209D14FF05000D8
:1022300080F31188BFF36F8FBFF34F8FFEE700BFAE
:102240009CF800100291FF218CF800109CF80010FF
:102250008DF807109DF8071001F0500240F2383158
:10226000C2F200010A7007224A609DF90720B2F10C
:10227000FF3F6BDC032200BFD31C4B609DF80700BF
:1022800040008DF807009DF90700B0F1FF3F24DC06
:10229000931C4B609DF8070040008DF807009DF9E6
:1022A0000700B0F1FF3F18DC531C4B609DF807009E
:1022B00040008DF807009DF90700B0F1FF3F0CDCEE
:1022C0004A609DF80700043A40008DF807009DF928
:1022D0000700B0F1FF3FCFDD131D032B36D14FF4C4
:1022E0004070486002988CF80000DCF8200940F447
:1022F0007000CCF82009DCF8200940F07040CCF8E0
:102300002009FFF7DDFC40F2D814C2F200040025DA
:102310002560FFF71FFC4EF63470CEF20000016816
:1023200041F040410160FEF7AFFEFFF71BFF039550
:1023300020684FF0500181F31188BFF36F8FBFF316
:102340004F8F013012D000BFFEE700BF4FF05000AA
:1023500080F31188BFF36F8FBFF34F8FFEE700BF8D
:10236000039830B9039820B9039810B9039800284E
:10237000F6D0002004B0B0BD10B582B060B1ABB1F2
:10238000F1B9EAB14FF0500080F31188BFF36F8FBD
:10239000BFF34F8FFEE700BF4FF0500080F311886E
:1023A000BFF36F8FBFF34F8FFEE700BF4FF05000BA
:1023B00080F31188BFF36F8FBFF34F8FFEE700BF2D
:1023C00051B14AB94FF0500080F31188BFF36F8FBD
:1023D000BFF34F8FFEE700BF48240194019C482CB7
:1023E0002CD1019C012483F84640002908BF1A46DD
:1023F0001A60C3E90F011C46FFF7B6FB2068D4E959
:102400000F12002302FB010C013901FB0201A3633F
:10241000C4E9010CFF20E16084F8440084F8450021
:1024200004F11000FFF746FB04F12400FFF742FB24
:10243000FFF7BEFB204602B010BD00BF4FF05000BA
:1024400080F31188BFF36F8FBFF34F8FFEE700005B
:102450002DE9F04F83B00292C0B11D460446F9B198
:10246000022D02D1E06B01285CD116460F4601F027
:10247000B9FA18BB16B34FF0500080F31188BFF3C0
:102480006F8FBFF34F8F00BFFEE700BF4FF05000CC
:1024900080F31188BFF36F8FBFF34F8FFEE700BF4C
:1024A000206C0028DCD04FF0500080F31188BFF37F
:1024B0006F8FBFF34F8F00BFFEE700BFFFF754FBE6
:1024C000A06B022D65D0E16B884262D30298002890
:1024D00000F018816846FFF7E7FCFFF769FBFFF79C
:1024E00039FEFFF741FB94F84400FF2804BF0020A9
:1024F00084F8440094F84500FF2804BF002084F8C5
:102500004500FFF755FB684602A900F021FA98B193
:102510002046FEF7ABFF01F091FB002003B0BDE8C1
:10252000F08F00BF4FF0500080F31188BFF36F8F22
:10253000BFF34F8FFEE700BF04F11008FFF714FB55
:10254000D4F83890E66BFFF733FBB14516D102990A
:102550004046FFF71FFD2046FEF788FF01F06EFBA7
:1025600088B94EF60450CEF200004FF08051016061
:10257000BFF34F8FBFF36F8F05E000BF2046FEF71C
:1025800075FF01F05BFBFFF7EFFAA06BE16B884290
:1025900066D2A66B226CDAB139462DB3E068EDF74E
:1025A00030FFE168206C2268091A9142E16003D291
:1025B000A16840420844E060A81EB0FA80F04009DB
:1025C0003146002E18BF01210840361A18E000BF1E
:1025D0002068A8B9A06801F09FFA0021B0FA80F045
:1025E000A16040090DE000BF6068EDF70AFFD4E983
:1025F0000101226C10448842606001D32068606051
:102600000120711CA16354F8241FA9B1204601F0D8
:10261000DBFA50B14EF60450CEF200004FF080517C
:102620000160BFF34F8FBFF36F8FFFF7C1FA012037
:1026300003B0BDE8F08F00BF0028F6D14EF604507D
:10264000CEF200004FF080510160BFF34F8FBFF317
:102650006F8FFFF7ADFA012003B0BDE8F08F00BF28
:10266000E94602AE0CE000BF2046FEF7FFFE01F097
:10267000E5FAFFF779FAA06BE16B8842FFF489AFC6
:10268000029800283ED0FFF793FAFFF763FDFFF7AB
:102690006BFA94F84400FF2804BF002084F844003B
:1026A00094F84500FF2804BF002084F84500FFF798
:1026B0007FFA4846314600F04BF900287FF428AFF6
:1026C000FFF752FAD4F838A0D4F83CB0FFF770FA0C
:1026D000DA45C9D102994046FFF75CFC2046FEF777
:1026E000C5FE01F0ABFA0028C3D14EF60450CEF27D
:1026F00000004FF080510160BFF34F8FBFF36F8F29
:10270000B7E700BFFFF754FA002003B0BDE8F08F31
:102710002DE9F04F83B0029290B11546044600298E
:1027200048D00E4601F05EF9A0B99DB14FF05000BF
:1027300080F31188BFF36F8FBFF34F8FFEE700BFA9
:102740004FF0500080F31188BFF36F8FBFF34F8FAE
:10275000FEE700BFFFF708FAD4F838A0BAF1000F7F
:1027600036D0226C52B1D4E9023130461144E160D6
:10277000994224BF2168E160EDF743FEAAF1010010
:10278000A06354F8100F70B1204601F01DFA50B14B
:102790004EF60450CEF200004FF080510160BFF3BE
:1027A0004F8FBFF36F8F0124FFF702FA204603B06B
:1027B000BDE8F08F206C0028B3D04FF0500080F3BC
:1027C0001188BFF36F8FBFF34F8F00BFFEE700BFCD
:1027D0000298002800F0B4806846FFF765FBFFF719
:1027E000E7F9FFF7B7FCFFF7BFF994F8440004F1ED
:1027F0002408FF2804BF002084F8440094F8450012
:10280000FF2804BF002084F84500FFF7D1F968468F
:1028100002A900F09DF878B12046FEF727FE01F0EE
:102820000DFAFFF7A1F9A56BFFF7C2F92DBB002444
:10283000204603B0BDE8F08FFFF796F9A56BFFF7D0
:10284000B7F92DB12046FEF711FE01F0F7F914E0BB
:1028500002994046FFF79EFB2046FEF707FE01F077
:10286000EDF950B94EF60450CEF200004FF0805111
:102870000160BFF34F8FBFF36F8FFFF775F9D4F887
:1028800038A0BAF1000F7FF46CAF4FF00009EB46AF
:1028900002AF13E02046FEF7E9FD01F0CFF9FFF7A4
:1028A00063F9A56BFFF784F9002DC0D0FFF75CF941
:1028B000D4F838A0BAF1000F7FF453AF0298002883
:1028C0003ED0FFF775F9FFF745FCFFF74DF994F897
:1028D0004400FF2808BF84F8449094F84500FF287E
:1028E00008BF84F84590FFF763F95846394600F071
:1028F0002FF80028CED1FFF737F9A56BFFF758F96D
:1029000035B12046FEF7B2FD01F098F9CEE700BFE1
:1029100002994046FFF73EFB2046FEF7A7FD01F077
:102920008DF90028C2D14EF60450CEF200004FF0CF
:1029300080510160BFF34F8FBFF36F8FB6E700BFC9
:102940000024FFF735F9204603B0BDE8F08F000002
:10295000C0B109B3B0B504460D46FFF705F940F222
:102960006420C2F20000C2696368016891F85210E5
:10297000E1B10068002180F852100124FFF718F936
:102980002046B0BD4FF0500080F31188BFF36F8F29
:10299000BFF34F8FFEE700BF4FF0500080F3118868
:1029A000BFF36F8FBFF34F8FFEE700BF2968AC46C0
:1029B0004D1C10D0D0F838E02568AE4501D09A42C1
:1029C000DBD2D21A91420BD9891ACCF80010816B54
:1029D0002160C06960600024FFF7EAF82046B0BDBE
:1029E0000020CCF800000124FFF7E2F82046B0BD3B
:1029F0002DE9F04184B007469000984615460E46F2
:102A0000FEF76EFDF8B104465420FEF769FDB8B13B
:102A1000DDE90A210023046380F85130CDE900216B
:102A20000446384631462A4643460294FEF7A8FA41
:102A30002046FEF7E3F9012004B0BDE8F08100BFB5
:102A40002046FFF7CDF84FF0FF3004B0BDE8F0812D
:102A500070B586B00B9CCCB10C9E0EB3542504957A
:102A6000049D542D26D1049DDDF828C0022586F84A
:102A7000515005AD3463CDE900C50296FEF780FAEA
:102A80003046FEF7BBF9059806B070BD4FF0500018
:102A900080F31188BFF36F8FBFF34F8FFEE700BF46
:102AA0004FF0500080F31188BFF36F8FBFF34F8F4B
:102AB000FEE700BF4FF0500080F31188BFF36F8F27
:102AC000BFF34F8FFEE700002DE9F04381B0814650
:102AD000EDF778FC102809D34FF0500080F31188EF
:102AE000BFF36F8FBFF34F8FFEE700BF40F2642C40
:102AF000C2F2000CDCF8180043F680380130CCF844
:102B00001800C2F20008D8F87800002800F0A7806A
:102B1000D8F87C1008F180034A68D8F884009A42FB
:102B200008BF0246D16800BF52689A4208BF0246F9
:102B3000C8F87C20D56899F8006095F83470B742E1
:102B400040F08680002F2C4600F0838095F8357089
:102B500099F80160B7427BD1002F2C4679D095F8C7
:102B6000367099F80260B74272D1002F2C4670D0AF
:102B700095F8377099F80360B74269D1002F2C4659
:102B800067D095F8387099F80460B74260D1002F8B
:102B90002C465ED095F8397099F80560B74257D148
:102BA000002F2C4655D095F83A7099F80660B74238
:102BB0004ED1002F2C464CD095F83B7099F8076009
:102BC000B74245D1002F2C4643D095F83C7099F878
:102BD0000860B7423CD12C46DFB395F83D7099F8B8
:102BE0000960B74234D12C469FB395F83E7099F8EE
:102BF0000A60B7422CD12C465FB395F83F7099F824
:102C00000B60B74224D12C461FB395F8407099F859
:102C10000C60B7421CD12C46DFB195F8417099F891
:102C20000D60B74214D12C469FB195F8427099F8C7
:102C30000E60B7420CD12C465FB195F8437099F8FD
:102C40000F60B74204D12C46002F18BF002400E0CB
:102C50000024002C40F0BF868D427FF465AFD8F889
:102C60006400002800F0A780D8F8681008F16C0311
:102C70004A68D8F870009A4208BF0246D16800BF7F
:102C800052689A4208BF0246C8F86820D76899F887
:102C9000005097F83460AE4240F08680002E3C46EB
:102CA00000F0838097F8356099F80150AE427BD1EF
:102CB000002E3C4679D097F8366099F80250AE4223
:102CC00072D1002E3C4670D097F8376099F80350C7
:102CD000AE4269D1002E3C4667D097F8386099F82B
:102CE0000450AE4260D1002E3C465ED097F8396069
:102CF00099F80550AE4257D1002E3C4655D097F872
:102D00003A6099F80650AE424ED1002E3C464CD067
:102D100097F83B6099F80750AE4245D1002E3C46EB
:102D200043D097F83C6099F80850AE423CD13C46FD
:102D3000DEB397F83D6099F80950AE4234D13C4675
:102D40009EB397F83E6099F80A50AE422CD13C46AB
:102D50005EB397F83F6099F80B50AE4224D13C46E1
:102D60001EB397F8406099F80C50AE421CD13C4617
:102D7000DEB197F8416099F80D50AE4214D13C464F
:102D80009EB197F8426099F80E50AE420CD13C4685
:102D90005EB197F8436099F80F50AE4204D13C46BB
:102DA000002E18BF002400E00024002C40F0138601
:102DB0008F427FF465AFD8F85000002800F0A7805C
:102DC000D8F8541008F158034A68D8F85C009A42C1
:102DD00008BF0246D16800BF52689A4208BF024647
:102DE000C8F85420D66899F8005096F83470AF426D
:102DF00040F08680002F344600F0838096F83570CE
:102E000099F80150AF427BD1002F344679D096F823
:102E1000367099F80250AF4272D1002F344670D00C
:102E200096F8377099F80350AF4269D1002F3446B5
:102E300067D096F8387099F80450AF4260D1002FEF
:102E400034465ED096F8397099F80550AF4257D1A4
:102E5000002F344655D096F83A7099F80650AF4294
:102E60004ED1002F34464CD096F83B7099F807505D
:102E7000AF4245D1002F344643D096F83C7099F8C4
:102E80000850AF423CD13446DFB396F83D7099F814
:102E90000950AF4234D134469FB396F83E7099F84A
:102EA0000A50AF422CD134465FB396F83F7099F880
:102EB0000B50AF4224D134461FB396F8407099F8B6
:102EC0000C50AF421CD13446DFB196F8417099F8EE
:102ED0000D50AF4214D134469FB196F8427099F824
:102EE0000E50AF420CD134465FB196F8437099F85A
:102EF0000F50AF4204D13446002F18BF002400E029
:102F00000024002C40F067858E427FF465AFD8F82E
:102F10003C00002800F0A780D8F8401008F14403D6
:102F20004A68D8F848009A4208BF0246D16800BFF4
:102F300052689A4208BF0246C8F84020D76899F8FC
:102F4000005097F83460AE4240F08680002E3C4638
:102F500000F0838097F8356099F80150AE427BD13C
:102F6000002E3C4679D097F8366099F80250AE4270
:102F700072D1002E3C4670D097F8376099F8035014
:102F8000AE4269D1002E3C4667D097F8386099F878
:102F90000450AE4260D1002E3C465ED097F83960B6
:102FA00099F80550AE4257D1002E3C4655D097F8BF
:102FB0003A6099F80650AE424ED1002E3C464CD0B5
:102FC00097F83B6099F80750AE4245D1002E3C4639
:102FD00043D097F83C6099F80850AE423CD13C464B
:102FE000DEB397F83D6099F80950AE4234D13C46C3
:102FF0009EB397F83E6099F80A50AE422CD13C46F9
:103000005EB397F83F6099F80B50AE4224D13C462E
:103010001EB397F8406099F80C50AE421CD13C4664
:10302000DEB197F8416099F80D50AE4214D13C469C
:103030009EB197F8426099F80E50AE420CD13C46D2
:103040005EB197F8436099F80F50AE4204D13C4608
:10305000002E18BF002400E00024002C40F0BB84A8
:103060008F427FF465AFD8F82800002800F0A780D1
:10307000D8F82C1008F130034A68D8F834009A4286
:1030800008BF0246D16800BF52689A4208BF024694
:10309000C8F82C20D76899F8005097F83460AE42F1
:1030A00040F08680002E3C4600F0838097F8356023
:1030B00099F80150AE427BD1002E3C4679D097F86A
:1030C000366099F80250AE4272D1002E3C4670D064
:1030D00097F8376099F80350AE4269D1002E3C460C
:1030E00067D097F8386099F80450AE4260D1002E4E
:1030F0003C465ED097F8396099F80550AE4257D1FA
:10310000002E3C4655D097F83A6099F80650AE42EA
:103110004ED1002E3C464CD097F83B6099F80750B2
:10312000AE4245D1002E3C4643D097F83C6099F81A
:103130000850AE423CD13C46DEB397F83D6099F86A
:103140000950AE4234D13C469EB397F83E6099F8A0
:103150000A50AE422CD13C465EB397F83F6099F8D6
:103160000B50AE4224D13C461EB397F8406099F80C
:103170000C50AE421CD13C46DEB197F8416099F844
:103180000D50AE4214D13C469EB197F8426099F87A
:103190000E50AE420CD13C465EB197F8436099F8B0
:1031A0000F50AE4204D13C46002E18BF002400E070
:1031B0000024002C40F00F848F427FF465AFD8F8D4
:1031C0001400002800F0A780D8F8181008F11C039C
:1031D0004A68D8F820009A4208BF0246D16800BF6A
:1031E00052689A4208BF0246C8F81820D76899F872
:1031F000005097F83460AE4240F08680002E3C4686
:1032000000F0838097F8356099F80150AE427BD189
:10321000002E3C4679D097F8366099F80250AE42BD
:1032200072D1002E3C4670D097F8376099F8035061
:10323000AE4269D1002E3C4667D097F8386099F8C5
:103240000450AE4260D1002E3C465ED097F8396003
:1032500099F80550AE4257D1002E3C4655D097F80C
:103260003A6099F80650AE424ED1002E3C464CD002
:1032700097F83B6099F80750AE4245D1002E3C4686
:1032800043D097F83C6099F80850AE423CD13C4698
:10329000DEB397F83D6099F80950AE4234D13C4610
:1032A0009EB397F83E6099F80A50AE422CD13C4646
:1032B0005EB397F83F6099F80B50AE4224D13C467C
:1032C0001EB397F8406099F80C50AE421CD13C46B2
:1032D000DEB197F8416099F80D50AE4214D13C46EA
:1032E0009EB197F8426099F80E50AE420CD13C4620
:1032F0005EB197F8436099F80F50AE4204D13C4656
:10330000002E18BF002400E00024002C40F063834E
:103310008F427FF465AFD8F80000002800F0B1803C
:10332000D8F8040008F108034068D8F80C20984247
:1033300008BF1046D0F80CE04068984208BF10461D
:10334000C168C8F8040091F8344099F80050AC42C4
:1033500040F09080002C0C4600F08D8091F83540B4
:1033600099F80150AC4240F08580002C0C4600F0EA
:10337000828091F8364099F80250AC427AD1002C04
:103380000C4678D091F8374099F80350AC4271D18F
:10339000002C0C466FD091F8384099F80450AC429C
:1033A00068D1002C0C4666D091F8394099F8055048
:1033B000AC425FD1002C0C465DD091F83A4099F8B0
:1033C0000650AC4256D1002C0C4654D091F83B40EC
:1033D00099F80750AC424DD1002C0C464BD091F8D7
:1033E0003C4099F80850AC4244D1002C0C4642D0E5
:1033F00091F83D4099F80950AC423BD1002C0C4665
:1034000039D091F83E4099F80A50AC4232D1002CA4
:103410000C4630D091F83F4099F80B50AC4229D17E
:10342000002C0C4627D091F8404099F80C50AC4243
:1034300020D1002C0C461ED091F8414099F80D5037
:10344000AC4217D1002C0C4615D091F8424099F8A7
:103450000E50AC420ED1002C0C460CD091F84340DB
:1034600099F80F50AC4205D1002C0C4618BF00242F
:1034700001E000BF0024002C40F0AD8271457FF4D4
:103480005BAFDCF820100868002800F0A4804868D2
:1034900001F1080342689A4208BF5268D06800BF31
:1034A00052689A424A6001D152684A60D76899F8D6
:1034B000005097F83460AE4240F08680002E3C46C3
:1034C00000F0838097F8356099F80150AE427BD1C7
:1034D000002E3C4679D097F8366099F80250AE42FB
:1034E00072D1002E3C4670D097F8376099F803509F
:1034F000AE4269D1002E3C4667D097F8386099F803
:103500000450AE4260D1002E3C465ED097F8396040
:1035100099F80550AE4257D1002E3C4655D097F849
:103520003A6099F80650AE424ED1002E3C464CD03F
:1035300097F83B6099F80750AE4245D1002E3C46C3
:1035400043D097F83C6099F80850AE423CD13C46D5
:10355000DEB397F83D6099F80950AE4234D13C464D
:103560009EB397F83E6099F80A50AE422CD13C4683
:103570005EB397F83F6099F80B50AE4224D13C46B9
:103580001EB397F8406099F80C50AE421CD13C46EF
:10359000DEB197F8416099F80D50AE4214D13C4627
:1035A0009EB197F8426099F80E50AE420CD13C465D
:1035B0005EB197F8436099F80F50AE4204D13C4693
:1035C000002E18BF002400E00024002C40F00382ED
:1035D00087427FF465AFDCF824100868002800F00B
:1035E000A480486801F1080342689A4208BF526803
:1035F000D06800BF52689A424A6001D152684A605E
:10360000D76899F8005097F83460AE4240F0868051
:10361000002E3C4600F0838097F8356099F8015001
:10362000AE427BD1002E3C4679D097F8366099F8AF
:103630000250AE4272D1002E3C4670D097F83760EF
:1036400099F80350AE4269D1002E3C4667D097F8F6
:10365000386099F80450AE4260D1002E3C465ED0EE
:1036600097F8396099F80550AE4257D1002E3C4684
:1036700055D097F83A6099F80650AE424ED1002ED8
:103680003C464CD097F83B6099F80750AE4245D184
:10369000002E3C4643D097F83C6099F80850AE4263
:1036A0003CD13C46DEB397F83D6099F80950AE42F4
:1036B00034D13C469EB397F83E6099F80A50AE422A
:1036C0002CD13C465EB397F83F6099F80B50AE4260
:1036D00024D13C461EB397F8406099F80C50AE4296
:1036E0001CD13C46DEB197F8416099F80D50AE42CE
:1036F00014D13C469EB197F8426099F80E50AE4204
:103700000CD13C465EB197F8436099F80F50AE4239
:1037100004D13C46002E18BF002400E00024002CF9
:1037200040F0598187427FF465AFDCF850000028F3
:1037300000F0A780DCF854100CF158024968DCF85E
:103740005C00914208BF0146CB684968914208BFBE
:103750000146CCF85410CF6899F8005097F83460BF
:10376000AE4240F08780002E3C4600F0848097F8FF
:10377000356099F80150AE427CD1002E3C467AD09B
:1037800097F8366099F80250AE4273D1002E3C464D
:1037900071D097F8376099F80350AE426AD1002E85
:1037A0003C4668D097F8386099F80450AE4261D131
:1037B000002E3C465FD097F8396099F80550AE422C
:1037C00058D1002E3C4656D097F83A6099F80650EA
:1037D000AE424FD1002E3C464DD097F83B6099F851
:1037E0000750AE4246D1002E3C4644D097F83C608C
:1037F00099F80850AE423DD13C46E6B397F83D609B
:1038000099F80950AE4235D13C46A6B397F83E60D0
:1038100099F80A50AE422DD13C4666B397F83F6006
:1038200099F80B50AE4225D13C4626B397F840603C
:1038300099F80C50AE421DD13C46E6B197F8416074
:1038400099F80D50AE4215D13C46A6B197F84260AA
:1038500099F80E50AE420DD13C4666B197F84360E0
:1038600099F80F50AE4205D13C46002E18BF0024F7
:1038700001E000BF0024002C40F0AD809F427FF4A7
:1038800064AFDCF83C000024002800F0A480DCF8E1
:1038900040100CF144024968DCF84800914208BF2E
:1038A0000146CB684968914208BF0146CCF84010F8
:1038B000CF6899F8005097F83460AE4240F08680A7
:1038C000002E3C4600F0838097F8356099F801504F
:1038D000AE427BD1002E3C4679D097F8366099F8FD
:1038E0000250AE4272D1002E3C4670D097F837603D
:1038F00099F80350AE4269D1002E3C4667D097F844
:10390000386099F80450AE4260D1002E3C465ED03B
:1039100097F8396099F80550AE4257D1002E3C46D1
:1039200055D097F83A6099F80650AE424ED1002E25
:103930003C464CD097F83B6099F80750AE4245D1D1
:10394000002E3C4643D097F83C6099F80850AE42B0
:103950003CD13C46DEB397F83D6099F80950AE4241
:1039600034D13C469EB397F83E6099F80A50AE4277
:103970002CD13C465EB397F83F6099F80B50AE42AD
:1039800024D13C461EB397F8406099F80C50AE42E3
:103990001CD13C46DEB197F8416099F80D50AE421B
:1039A00014D13C469EB197F8426099F80E50AE4251
:1039B0000CD13C465EB197F8436099F80F50AE4287
:1039C00004D10024002E08BF3C4600E0002414B9B6
:1039D0009F427FF467AF00F031F9204601B0BDE8A7
:1039E000F083000040F26420C2F200004169002927
:1039F0000FBF01208069B0FA80F0400918BF400075
:103A00007047000040F26420C2F20000C0697047B5
:103A10002DE9F04740F26426C2F20006B06928B1F1
:103A2000706B013070630020BDE8F087F06910F121
:103A3000010AC6F81CA020D3306A006850B14FF0CC
:103A4000500080F31188BFF36F8FBFF34F8F00BF1B
:103A5000FEE700BF306A716A31627062B06B01309C
:103A6000B063306A006828B1306AC068C0684068D6
:103A700002E000BF4FF0FF30F062F06A43F680389A
:103A80008245C2F2000801D2002434E0306A0024EA
:103A9000006868B34FF0010916E000BFF86A71686A
:103AA00009FA00F2114300EB8000716008EB80001E
:103AB0002946FEF741F8F86A3168C96A326A8842D5
:103AC000106828BF4C4698B1306AC068C7683D4648
:103AD00055F8040F82450DD32846FDF793FFB86AC9
:103AE0000028DBD007F11800FDF78CFFD6E700BFF8
:103AF0004FF0FF30F0623068C06A00EB800058F889
:103B00002000012888BF0124306B002818BF012441
:103B10002046BDE8F087000070B588B140F264250A
:103B2000C2F20005296888420CD04FF0500080F3A3
:103B30001188BFF36F8FBFF34F8F00BFFEE700BF49
:103B4000002070BD816CA9B3013981644FF0000180
:103B50002ED1C26A436C9A422AD0041D06462046E2
:103B6000FDF750FF002843F680303146C2F20000D6
:103B70000CD1CA6A02EB820350F8233033B9012317
:103B80006E6803FA02F226EA02026A604A6CC2F127
:103B90000703CA628B6101216B6891401943696018
:103BA00002EB820100EB81002146FDF7C5FF0121F8
:103BB000084670BD4FF0500080F31188BFF36F8F3F
:103BC000BFF34F8FFEE7000070B5C068C5686DB1E8
:103BD00005F118042046FDF715FF40F26426C2F2F5
:103BE0000006B06960B106F164001BE04FF05000C0
:103BF00080F31188BFF36F8FBFF34F8FFEE700BFD5
:103C00002C1D2046FDF7FEFEE86A01217268814006
:103C10001143716043F6803100EB8000C2F2000175
:103C200001EB80002146FDF787FFE86A3168C96A29
:103C3000884292BF00200120306370BD2DE9F04121
:103C400040F26425C2F20005A86968B1FDF78CFF57
:103C5000A8690138A861A86980B10024FDF7A8FF10
:103C60002046BDE8F08100BF4FF0500080F311887E
:103C7000BFF36F8FBFF34F8FFEE700BF28690028A7
:103C8000EBD0686E78B343F680380126C2F20008A4
:103C9000286FC76807F11800FDF7B4FE3C1D2046E9
:103CA000FDF7B0FEF86A696806FA00F2114300EB0E
:103CB0008000696008EB80002146FDF73DFFF86A4F
:103CC0002968C96A884228BF2E63686E0028DFD140
:103CD000286A006820B1286AC068C068406801E0AE
:103CE0004FF0FF30E8626C6B4CB10126FFF790FE9D
:103CF000002818BF2E63013CF8D100206863286BB0
:103D00000028AAD04EF60450CEF200004FF08051A9
:103D10000160BFF34F8F0124BFF36F8FFDF748FFA2
:103D20002046BDE8F081000070B586B0FDF71CFFAD
:103D300040F2DC26C2F20006306808BB06F114042B
:103D40002046FDF7B7FE06F128052846FDF7B2FE2E
:103D500043F6982243F63833C6E902450025C2F2FD
:103D60000002C2F200030A2010210095FEF704FBB6
:103D7000306028B146F63D41C0F60101FDF7EAFF8B
:103D8000FDF716FF3068D8B10020CDE9040005A882
:103D900004A903AAFDF780FEDDE903200221059DA9
:103DA000CDE9001041F2F100C0F6010009A10023A5
:103DB0000295FEF74DFE706010B1012006B070BD97
:103DC0004FF0500080F31188BFF36F8FBFF34F8F18
:103DD000FEE700BF546D722053766300F0EE400A98
:103DE000F5EEC00AF1EE10FA02DDB0EE600A70479F
:103DF000B1EE600AFBE7000070B52DED0C8B84B0CE
:103E000006460C4615469FED990AF0EE408A9FED56
:103E1000970AB0EE409A9FED950AF0EE40BA9FEDFA
:103E2000930AF0EE409A9FED910AB0EE40AA0EB1CF
:103E300004B11DB904B0BDEC0C8B70BD8C48ECF71F
:103E4000D9FB8C48ECF7DCFB8A48D0ED000A9FEDEB
:103E50008A1A60EE810AB0EE600AECF7E1FBF0EE40
:103E6000408A28EEA80AF0EE408A8248D0ED000A87
:103E7000B0EE001A60EE810A9FED7F1A60EE810AB3
:103E8000B0EE600AECF7CCFBB0EE409A29EE090ADE
:103E9000B0EE409ADFED790AB7EE000A00EEA80A0C
:103EA000DFED770A00EEC90ADFED760A20EE200A80
:103EB000754880ED000A6E4890ED000ADFED730A48
:103EC00080EE201AB7EE000A31EE000A20EE000A5A
:103ED0006D48D0ED000A80EE801A6D4880ED001A22
:103EE00094ED000AB5EEC00AF1EE10FA0DD194ED92
:103EF000010AB5EEC00AF1EE10FA06D194ED020AFD
:103F0000B5EEC00AF1EE10FA46D09FED580AB0EEB9
:103F1000408A0020019002900390D4ED000A60EEE8
:103F2000A00A94ED011AD4ED011A41EE210A94ED94
:103F3000021AD4ED021A41EE210AB0EE600AECF743
:103F400067FBB0EE408A94ED000A20EE080A8DED82
:103F5000010A94ED010A20EE080A8DED020A94EDA3
:103F6000020A20EE080A8DED030ADDED010AF1EEEA
:103F7000600AB0EE600AECF737FBF0EE409A9DED78
:103F8000031AF0EE410A9DED021AB0EE410AECF779
:103F90002DFBB0EE40AA07E09FED340AF0EE409A08
:103FA0009FED320AB0EE40AA95ED000AB5EEC00AC8
:103FB000F1EE10FA0DD195ED010AB5EEC00AF1EE61
:103FC00010FA06D195ED020AB5EEC00AF1EE10FA2C
:103FD0003CD0B0EE690AECF723FBB0EE408AB0EEBD
:103FE000690AECF705FBB0EE40DAB0EE4A0AECF7EE
:103FF00017FBF0EE40AAB0EE4A0AECF7F9FAB0EE81
:1040000040BA28EE2A0AD5ED010A20EE200AD5EDA5
:10401000000A0DEE200A68EE0B0A95ED021A00EE7A
:10402000810AB0EE40CA95ED010A20EE0B0AD5EDEB
:10403000020A0AEEE00AF0EE40CAF0EE6C0AB0EEB8
:104040004C0AECF7D3FAF0EE40BA03E09FED070A12
:10405000F0EE40BAB0EE4A1AF0EE690AB0EE6B0A22
:10406000304600F0BBFF00BFE4E6000000000000A7
:10407000000000200400002035FA8E3CC1BFAD3B9B
:104080009DF8C5362F7C1C4108000020506CC24AA8
:104090000C0000202DE9F0412DED028B9AB0054671
:1040A000B0EE408A0E4617469846002017901890AA
:1040B00019901490159016904DB146B13FB1B8F1DA
:1040C000000F04D0B5EEC08AF1EE10FA05D1002041
:1040D0001AB0BDEC028BBDE8F08196ED000A8DEDC3
:1040E000170A96ED010A8DED180A96ED020A8DED7C
:1040F000190A97ED000A8DED140A97ED010A8DED6E
:10410000150A97ED020A8DED160A17AA14A928467A
:1041100000F0B6FD402104A8ECF7F2F90020009071
:10412000019002900390002417A904A801F0E1F87F
:1041300000BF30E004A800EB041090ED000AD5EDBC
:10414000000A20EE200A04A800EB0410D0ED010ABA
:1041500095ED011A00EE810A04A800EB0410D0EDE1
:10416000020A95ED021A00EE810A04A800EB041081
:10417000D0ED030A95ED031A00EE810A20EE080A3D
:10418000F0EE000A80EE201A684600EB840080ED15
:10419000001A601CC4B2042CCCDB002410E005EB38
:1041A000840090ED000A684600EB8400D0ED000A20
:1041B00030EE200A05EB840080ED000A601CC4B2DA
:1041C000042CECDB284601F033F8012080E74100A5
:1041D000080218BF04200A0E18BF40F001004FF07B
:1041E0007F4232EA010108BF40F00200012808BF07
:1041F0000520704710B54FF00E402DED028BB0EE4C
:10420000408A18EE104A00EB4400B0F1506F4AD8D3
:104210004FF0FC40B0EB440F22D2B0EEC80AF7EEEC
:10422000000A30EEC00AF6EE000A60EE208A18EEB0
:10423000900A01F03FF801EE100A14F0004F1DBF84
:10424000DFED2D0A9FED2D0AB1EE411ADFED2C0AAC
:1042500008BF9FED2C0AF8EE001A21EE218A05E036
:10426000DFED290A68EE088AB0EE600A9FED271A92
:10427000DFED271A30EE080A48EE811A9FED251A65
:1042800008EEA11ADFED241A48EE811A9FED231AD9
:1042900008EEA11A68EE281ABDEC028B01EE810A25
:1042A00030EE200A10BD4FF0E440B0EB440F0CD9C3
:1042B00018EE100AFFF78BFF042808BF00F0D8FCA7
:1042C000B0EE480ABDEC028B10BD4FF07F40B0EB62
:1042D000440F07D2B0EE480ABDEC028BBDE8104097
:1042E00000F0B0BC0120ECF73AF9BDEC028BBDE860
:1042F000104000F0ADBC00000000C9BF22AAFDB90B
:104300000000C93F22AAFD390000000024FE1C3D28
:10431000C78AD83C1E67383D1B93993DAFAA2A3EF9
:1043200070B54FF068422DED048BF0EE408A18EE28
:10433000900AB0EE608A18EE101A02EB4003B3F157
:10434000654F3CBF02EB4102B2F1654F7DD200BF29
:10435000C0F3C753C1F3C7529A1A1B2A09DD10F0E4
:10436000004F14BF9FED830A9FED830ABDEC048BC1
:1043700070BD12F11A0F36DA11F0004F09D010F0AB
:10438000004F0CBF9FED7D0A9FED7D0ABDEC048BB5
:1043900070BD88EE889A19EE100AFFF718FF0428FE
:1043A00008BF00F065FC18EE900AFFF710FF054605
:1043B00018EE100AFFF70BFF044619EE100AFFF77C
:1043C00006FF042D18BF052D08D1042C18BF052C9D
:1043D00004D1002804BF0220ECF7C1F8B0EE490A6E
:1043E000BDEC048B70BD4200B2EB410F3AD910F026
:1043F000004F19BFDFED630A9FED630ADFED630A2B
:104400009FED630AB0EE481A0A46B1EE688A80F062
:104410000041F0EE418A10460A1A5200B2F1807F44
:1044200034D2484010F0004FDFED5A1A9FED5A2A5F
:104430001DBFBEEE001A70EEE10A30EE420AB6EE83
:10444000001A08BF70EEA10A00E040E008BF30EE9D
:10445000020AB0EE682A01EE482A08EE818AC2EE0E
:10446000081A15E011F0004F04BF9FED4C0AF0EE62
:10447000400AD1D010F0004F19BFDFED490A9FED7F
:10448000490ADFED490A9FED490AC5E7C8EE881AD7
:1044900021EEA11A9FED462ADFED462A41EE022ABF
:1044A0009FED452A01EE222ADFED442A41EE022A41
:1044B0009FED432ABDEC048B01EE222A21EE811AE6
:1044C00001EE020A30EE210A30EE200A70BD4FF0F4
:1044D0007F42B2EB400F28BFB2EB410F09D2F0EEA2
:1044E000480AB0EE680ABDEC048BBDE8704000F0ED
:1044F000ACBB40EA01035B0008BF41F0FF410BD0B9
:10450000B2EB400F08BFB2EB410F08D120F0804062
:1045100008EE900A21F0804108EE101A18E7B2EB7D
:10452000400F12BF5FEA410340F0FF4001F000413D
:104530003FF40EAFB2EB410F12BF5FEA400200F052
:10454000004041F0FF413FF403AF4A0092EA4003CC
:104550003FF5FEAE002AACBF9FED1A0A9FED1A0A86
:1045600068EE808A28EE008A18EE900A18EE101A7B
:10457000EEE60000DB0FC9BFDB0FC93FDB0F494090
:10458000DB0F49C00000C9BF22AAFDB90000C93F26
:1045900022AAFD390060ED3EC30ACE3700000000BC
:1045A000000049C022AA7DBA0000494022AA7D3AF3
:1045B0002DAD65BD8FB8D53D0FB511BE61C84C3E60
:1045C000A8AAAABE0000804F0000802F10B510EEF0
:1045D000100A2DED068BB7EE001A10EE901AB0EE11
:1045E000418A0022A0F5000CDFEDFE9A4FF0007327
:1045F000BCF1FE4F4FF07F4403EB410C80F0B481DF
:10460000BCF1804FC0F02082F74901449FEDF73A9A
:10461000B1F5005F40F2D48200F58021CB0C03F0AD
:104620000F0101EE901AC3F307137F3BA0EBC350B9
:10463000B8EEE12A00EE100A1A44DFEDED2AF0EEA2
:10464000411A42EE221AF0EE613A70EE232A30EE61
:10465000632A12EE900A00F500606FF30B0001EE82
:10466000900A73EEE13A33EE804AC1EE223A22EE2E
:10467000230A10EE100A00F500606FF30B0000EE45
:10468000100A00EE612A00EE442A62EE232A70EE40
:10469000221A21EEA12ADFEDD73A02EE233A23EEC9
:1046A000023A20EE012A22EE811A03EE211A32EE9E
:1046B000010A10EE100A00F500606FF30B0000EE27
:1046C000100A72EE401A31EE812A9FEDCB1A60EE8D
:1046D000011A9FEDCA1A20EE011A9FEDC90A02EED7
:1046E000001A31EE810A10EE100A00F500606FF337
:1046F0000B0000EE100AC34871EEC01A31EE812A99
:10470000784400EBC10090ED003AD0ED011A1001A1
:1047100001EE100AF8EEC12A32EE211A31EE001A2B
:1047200031EE031A31EE221A11EE100A00F5006084
:104730006FF30B0009EE100A39EE621A31EE431ADC
:1047400031EE400A30EE610A32EE40AA10EE900AD5
:10475000002100F500606FF30B0008EE900A084698
:1047600070EEE8AA4FF0000029EE280A00F00C01D4
:10477000F0EEC00A10EE900AB0F18B4F0DDD10EE96
:10478000900AB4EB400F08D310EE100A4FF08B42A2
:1047900062F31E0008EE900A13E069EE2A0A38EE72
:1047A000AA1A4AEE010A30EE201A11EE100A00F59C
:1047B00000606FF30B0008EE900A30EE680A70EEAE
:1047C000209A0C204FF0000038EEA90AB5EEC00A7E
:1047D000F1EE10FA34BFFEEE000AF6EE000A30EEFB
:1047E000800ABDEEC00A10EE100A011100EE101A88
:1047F000F8EEC00A00EE100AB8EEC00A38EEC00AA1
:1048000030EE290ADFED801A9FED801A00EE211AA2
:10481000DFED7F1A7F4900F00F0040EE011A21EE14
:10482000800A794401EB800191ED001A7A497944BC
:1048300001EB8001D1ED001A784901EE801A79442C
:1048400001EB8000764990ED000A31EE001AB0EEDF
:10485000E00A10EE100A884215DA10EE100AB4EBE6
:10486000400F10D39FED6F0A30EE800ADFED6E0A25
:1048700020EE200A68EE010ABDEC068BBCEEC00AF1
:1048800020EE200A10BD10EE100A6849884243DA73
:1048900010EE100AB4EB400F3ED3BDEEE00A68EE16
:1048A000010A10EE100A00EBD0725110C90501F197
:1048B0007E5100EE101AA0EB6200C00560EE200AE7
:1048C00000F17E5000EE100A60EE808A18EE900A29
:1048D000B4EB400F0FD10220EBF741FE00F0C0F91E
:1048E00010EE101A18EE100ABDEC068B61F31E00D4
:1048F00000EE100A10BD18EE900A400011D018EE1C
:10490000900AFFF764FC042808BF00F0B1F9B0EE8C
:10491000680ABDEC068B10BDF5EEC00AF1EE10FA88
:104920000FD20220EBF71BFE00F0A2F910EE101AD6
:1049300018EE100ABDEC068B61F31E0000EE100AA3
:1049400010BD0220EBF70BFE00F08AF910EE101AF2
:10495000B0EE480A10EE100ABDEC068B61F31E00A3
:1049600000EE100A10BD00BFBCF1804F6CD300BF39
:1049700000F1FF43B3F1FE4F24D200BFB0EEC00AF6
:1049800010EE100AC1F3C7537F2B0DDB972BBFF638
:104990003BAEC3F196034FF0010C0CFA03F3A3F105
:1049A000010C1CEA010F08D00120EBF7D8FDBDEC8B
:1049B000068BBDE8104000F04BB90B4218BFBFEEAC
:1049C000008A21E643001CBF4FF08073B3EB400F19
:1049D00034D96FF01A02DFED161A20EE210A10EE1C
:1049E000100A27E000000000001080C0ABAAAA3E19
:1049F0000000803D7EE24C3E00B03842D49AB8BB05
:104A00003BAA3842C4170000FC596337C9FF753A06
:104A10001872313D6217000096170000061700005B
:104A20000000FC420000FE420000004B000040433A
:104A30000000004D10F0004FA0D1E5E5A0F5000307
:104A4000B3F1FE4F21D2DFE503EB4103B3F1007F69
:104A500011D3F5EEC00AF1EE10FA05D1430018BFEC
:104A6000B4EB400F76D883E701F0004141F0FC51F0
:104A700000EE901A7CE7B3F1807F06D210EE903AF8
:104A8000A3F5000300EE903A72E720F000426FF0C9
:104A9000FF4C604C02EB0C03A34210D321F0004307
:104AA0009C44A4450BD3B0F17E5F18BF5FEA410C74
:104AB00050D0B2F1FF4F98BFB3F1FF4F05D9BDEC15
:104AC000068BBDE8104000F0C0B8B0F1FF4F0FD02A
:104AD000C1F3C7527F2A09DB972A11DAC2F1960285
:104AE000012303FA02F2531E0B4205D0002208E014
:104AF00011F0004F55D128E00A4218BF012200D121
:104B0000022210F5000F13D028B3B0F1004F26D0C9
:104B100010F1814F4FD04FF0FE42B2EB400F94BFE7
:104B200001200020012202EBE171884239D10CE022
:104B300011F0004F02D0012A38D032E0012A02BF22
:104B40009FED350ABDEC068B10BD9FED340ABDEC20
:104B5000068B10BD2FE011F0004F0CD121E0B1F118
:104B6000FF4F1ED011F5000F05D011F0004F15D0EA
:104B70000AB1012A08D00220EBF7F1FCBDEC068B4C
:104B8000BDE8104000F054B80220EBF7E8FC00F05C
:104B90004FF8BDEC068BB1EE400A10BD0AB1012AF8
:104BA00004D0B0EE690ABDEC068B10BDBDEC068BDF
:104BB0009FED1B0A10BDBDEC068BB7EE000A10BDC1
:104BC00030EE410AB5EE001A9FED172A00EE413A89
:104BD000B6EE001A60EE001A00EE431A61EEC11A3A
:104BE0009FED101A20EE011A20EE020A9FED0F2A07
:104BF00001EE820A71EE001A11EE900A00F50060D3
:104C00006FF30B0009EE100A31EE491A31EE00AADB
:104C10009CE50000FFFF3F00000080FF0000807F58
:104C20000000008000B0B841D49A38BB3BAAB8411C
:104C3000DFED030AB7EE001A81EE200A704700008C
:104C40000000000030EE000A704730EE200A704786
:104C5000DFED020A80EEA00A7047000000000000AD
:104C60009FED020A20EE000A70470000000000706D
:104C70009FED020A20EE000A7047000000000010BD
:104C800070B52DED028B8AB005460C4616460DB167
:104C900004B11EB90AB0BDEC028B70BD94ED000AE0
:104CA000B5EEC00AF1EE10FA0DD194ED010AB5EEA1
:104CB000C00AF1EE10FA06D194ED020AB5EEC00A70
:104CC000F1EE10FA7DD09FED600AB0EE408A002030
:104CD0000790089009900490059006905B4A07CAD7
:104CE00001AB07C395ED010AD5ED030A20EE200ABA
:104CF000D5ED000A95ED021A00EEC10AF0EE000AA9
:104D000020EE200A8DED070A95ED000AD5ED010A87
:104D100020EE200AD5ED020A95ED031A00EE810A75
:104D2000F0EE000A20EE200A8DED080A95ED000A4B
:104D300020EE000AD5ED030A95ED031A00EE810A74
:104D4000F7EE000AB0EE001A51EE000ACDED090AA6
:104D500001AB22463146284600F07AF8D4ED000A2D
:104D600060EEA00A94ED011AD4ED011A41EE210A79
:104D700094ED021AD4ED021A41EE210AB0EE600A57
:104D8000EBF746FCB0EE408A94ED000A20EE080AEC
:104D900084ED000A94ED010A20EE080A84ED010A70
:104DA00094ED020A20EE080A84ED020A94ED010A4D
:104DB000DDED090A20EE200AD4ED020A9DED081A65
:104DC00000E03EE000EEC10A8DED040A94ED020A17
:104DD000DDED070A20EE200AD4ED000A9DED091A48
:104DE00000EEC10A8DED050A94ED000ADDED080A1A
:104DF00020EE200AD4ED010A9DED071A00EEC10A4B
:104E00008DED060A96ED000ADDED010A9DED041A0E
:104E100000EE810A86ED000A96ED010ADDED020A38
:104E20009DED051A00EE810A86ED010A96ED020A53
:104E3000DDED030A9DED061A00EE810A86ED020AF9
:104E400000BF00BF26E7000000000000BC5E0108B4
:104E50002DE9F0412DED048B07460D4614461E4604
:104E60009FED580AB0EE409A9FED560AB0EE408A88
:104E70009FED540AF0EE408AD4ED000A60EEA00ADD
:104E800094ED011AD4ED011A41EE210A94ED021AB3
:104E9000D4ED021A41EE210AB0EE600AEBF7B8FB3E
:104EA000F7EE000A80EE801AB0EE419AD5ED000AC6
:104EB000B0EE600AFEF792FFF0EE409AD5ED010ADF
:104EC000B0EE600AFEF78AFF79EE809AD5ED020A0D
:104ED000B0EE600AFEF782FF39EE800AF0EE408AFB
:104EE0003948D0ED000A79EE600AB0EE600AFEF7AC
:104EF00075FFB0EE408A9FED350AB4EEC08AF1EE40
:104F000010FA06DC9FED320AF4EEC08AF1EE10FAD8
:104F100053DD9FED2C2AB0EE420A9FED2A2AF0EED7
:104F2000421AB7EE002AF0EE420A9FED262AB0EEB2
:104F3000421AB5EEC08AF1EE10FA05DD9FED232A84
:104F4000C2EE082AB0EE620A9FED222AB4EEC20A2F
:104F5000F1EE10FA03D29FED1B2AB0EE420AF5EEF5
:104F6000C08AF1EE10FA05DD9FED192AC2EE282A5B
:104F7000F0EE621AB7EE002AB4EEC20AF1EE10FAB1
:104F800003D220EE802AF0EE420AB7EE002AF4EEB9
:104F9000C21AF1EE10FA03D220EEA12AF0EE420A74
:104FA0009FED0D2A20EE822AB0EE421A86ED001AFD
:104FB00086ED011A86ED021A00BFBDEC048BBDE838
:104FC000F0810000000000000C000020CDCCCC3DA2
:104FD0008FC2F53D9A99993ECDCC4C3E10B52DED42
:104FE000048B86B00446B0EE408AF0EE608AB0EEE4
:104FF000419A002003900490059000900190029047
:10500000B0EE000AC8EE000AF0EE609AB0EE690A4F
:10501000EBF7EEFA8DED030AB0EE000AC8EE800A57
:10502000F0EE609AB0EE690AEBF7E2FA8DED040A51
:10503000B0EE000AC9EE000AF0EE609AB0EE690A1E
:10504000EBF7D6FA8DED050AB0EE000AC8EE000ABD
:10505000F0EE609AB0EE690AEBF7E2FA8DED000A25
:10506000B0EE000AC8EE800AF0EE609AB0EE690A6F
:10507000EBF7D6FA8DED010AB0EE000AC9EE000A90
:10508000F0EE609AB0EE690AEBF7CAFA8DED020A0B
:105090009DED050ADDED040A20EE200ADDED030A90
:1050A00020EE200ADDED020A9DED011A60EE810A74
:1050B0009DED001A00EE810A84ED000A9DED020AC2
:1050C000DDED040A20EE200ADDED030A20EE200AC1
:1050D000DDED050A9DED011A60EE810A9DED001AD5
:1050E00000EEC10A84ED010A9DED050ADDED010A1D
:1050F00020EE200ADDED030A20EE200ADDED020A93
:105100009DED041A60EE810A9DED001A00EE810A01
:1051100084ED020A9DED050ADDED040A20EE200A69
:10512000DDED000A20EE200ADDED020A9DED011AF8
:1051300060EE810A9DED031A00EEC10A84ED030AB8
:1051400006B0BDEC048B10BD2DE9F04104460D46C0
:1051500016461F4614B10DB106B10FB9BDE8F08176
:10516000D4ED010A94ED031A60EE810A94ED001A61
:10517000D4ED021A41EE610AB8EE001A60EE810A1F
:10518000B0EE600AEBF730FA86ED000A94ED001AF3
:1051900021EE011AD4ED011A94ED012A01EE821AD2
:1051A000F7EE001AB0EE002A52EE011AF0EE610A94
:1051B00094ED001AD4ED031A21EE211AD4ED011A50
:1051C00094ED022A01EE821AF0EE001A21EE211A65
:1051D000B0EE410AEBF70AFA85ED000A94ED001AE9
:1051E00021EE011AD4ED031A94ED032A01EE821A7E
:1051F000F7EE001AB0EE002A52EE011AF0EE610A44
:1052000094ED001AD4ED011A21EE211AD4ED021A00
:1052100094ED032A01EE821AF0EE001A21EE211A13
:10522000B0EE410AEBF7E2F987ED000A00BF95E71F
:1052300010B52DED028B04469FED1D0AB0EE408A9D
:10524000D4ED000A60EEA00A94ED011AD4ED011A23
:1052500041EE210A94ED021AD4ED021A41EE210A20
:1052600094ED031AD4ED031A41EE210AB0EE600A60
:10527000EBF7CEF9B0EE408A94ED000A20EE080A72
:1052800084ED000A94ED010A20EE080A84ED010A7B
:1052900094ED020A20EE080A84ED020A94ED030A56
:1052A00020EE080A84ED030ABDEC028B10BD00005D
:1052B0000000000010B500EE100A2DED028BB1EEDB
:1052C000C08A18EE100A20F00040C0F1FF40C00F65
:1052D0000AD010EE100A20F00040C0F1FF40C00FCD
:1052E00004BF0120EBF73BF918EE100ABDEC028B6E
:1052F00010BD91ED000AB1EE400A80ED010A91ED7A
:10530000010AB1EE400A80ED020A91ED020AB1EE07
:10531000400A80ED030A91ED000A80ED040A91ED48
:10532000020A80ED060A91ED010AB1EE400A80ED15
:10533000070A91ED010A80ED080A91ED020AB1EE2B
:10534000400A80ED090A91ED000A80ED0B0A91ED0B
:10535000020A80ED0C0A91ED010A80ED0D0A91ED33
:10536000000AB1EE400A80ED0E0A704721F00042BB
:1053700001F00043A2F16052B2F5801F28BFD2F1C4
:105380007F6C0BD95FEA001C43EAC20242EB50700B
:1053900018BF704728BF20F001007047B2F5801F8A
:1053A000BCBF184670474FEA410C1CF5001F02D2E3
:1053B000084600F07DBD70B500F090FB000000894C
:1053C000FFF7F6BF4FF00040A0F5800070470000E7
:1053D00010B591EA030F48BF83F0004300F1DA8370
:1053E000841A71EB030C05D2121943EB0C03001B5A
:1053F00061EB0C014FEA1154A4EB135CDFF81CE1E4
:105400001EEA430F18BF9EEA445F00F0748021EA51
:10541000045123EA0E0343F48013DCF1200E32D34F
:1054200022FA0CFE10EB0E0023FA0CFE41EB0E01EB
:10543000CCF1200E03FA0EFE10EB0E00CCF1200E84
:1054400051F10001B1F5801F32D201EB045112FA83
:105450000EF2BDE8104058BF7047401C38BF5FEAED
:10546000420218BF7047002814BF20F0010041F12C
:1054700000014FEA410313F5001F38BF7047A1F147
:10548000C04100F079BB012A43EB0302ACF1200CD0
:10549000DCF11F0E32BF4FF0000E23FA0CF310EBBD
:1054A000030041EB0451B4EB115FD0D0A1EB0451E8
:1054B00001F58011490801EB04515FEA30000ED379
:1054C00050F1000038BF12FA0EFE08D1BDE81040BE
:1054D000C9E7401C38BF5FEA4202CAD1C3E7BDE852
:1054E00010404FEA410313F5001F38BF7047A1F188
:1054F000C04100F041BB9EEA445F08D011EA5E0F54
:10550000BDE8104004BF01F0004100207047BDE835
:10551000104070B500F0E2FA64FBBE3E0000E0FF10
:10552000491058BFC1F140415B1058BFC3F140431F
:105530008B42EFF3008070472DE9C04130B4DFF8B3
:10554000A8C23CEA111418BF3CEA131400F0F08022
:105550001CEA111481EA030544EAD57418BF1CEA59
:10556000131500F0CB80A4EB050404F17F7404F55F
:1055700000344FF0004545EAC12145EAC32341EA22
:10558000505143EA52534FEAC0204FEAC222994297
:1055900008BF904200F0A0804FEA13650FF2481652
:1055A000765D4FEA134506FB05F7C7F1807706FBEA
:1055B00007F74FEAD737A7FB03687642A7FB06CE6B
:1055C000C8F5803838BFA8F1010807FB08E6A6FB3C
:1055D000028C4FF0000EE6FB03CED8F100086FEA14
:1055E0000C0C5CF1000C6FEA0E0E4EF1004EA6FBA7
:1055F0000C584FF00007E6FB0E87A1FB08C6A0FB86
:1056000007CE16EB0E064FF0000545F10005E1FB55
:10561000076515F1E04E7EBFA4F580345FEA4606CB
:105620006D4116F1800745F100054FEA172747EA5B
:1056300005674FEA15254FEA0666A6F1DE46B6F184
:10564000805F20D9384605EBC47124F0010C01EBD2
:105650000C11BCF1FE6F02D8F0BCBDE80081244201
:105660005CBF01F5801E9EEAC47F02D4F0BCBDE899
:105670000081244200F13980A1F1C041F0BCBDE8B5
:10568000004100F079BA4FEAD02040EA41504FEA99
:10569000D1214FEAD22242EA43524FEAD323A7FB59
:1056A000028607FB036605FB02661EEA0E0F58BF63
:1056B000A6EB0056B6EB00564FEA520E4EEAC37EFA
:1056C00018EB0E0E56EB530EBCD518EB02085E41DC
:1056D0007F1C55F10005B5E74FF480154FF000072A
:1056E0004FF000064FF00008ACE701F1C04101F0B7
:1056F00000414FF00000F0BCBDE800810CEA13153A
:1057000011EA0C1F00D00CE013EA0C1F00F02580FA
:105710004FF0000081EA030101F00041F0BCBDE858
:105720000081F0BCBDE8004181EA030100F024BA29
:10573000F0BCBDE8004170B500F0D0F9097EFC3E38
:1057400000F007B84FF0000081EA030101F00041CA
:10575000704781EA030100F00FBAF0BCBDE80041D8
:1057600022494FF000007047FFFDFBF9F7F5F4F216
:10577000F0EEEDEBE9E8E6E4E3E1E0DEDDDBDAD8EC
:10578000D7D5D4D3D1D0CFCDCCCBCAC8C7C6C5C44A
:10579000C2C1C0BFBEBDBCBBBAB9B8B7B6B5B4B361
:1057A000B2B1B0AFAEADACABAAA9A8A8A7A6A5A44C
:1057B000A3A3A2A1A09F9F9E9D9C9C9B9A99999810
:1057C0009797969595949393929191908F8F8E8EB3
:1057D0008D8C8C8B8B8A8989888887878685858440
:1057E00084838382828181800000FF070000F87F2C
:1057F00051EA030C17D41CF5801F58BFBCF5801F5D
:1058000000F10680994218BF704708BF9042704768
:1058100007D711F5801F58BF13F5801F19D499427F
:105820007047894270471CF5801F08D5BCF5801F62
:10583000F7D58B4218BF704708BF824270474FF4BC
:10584000001C1CEB410F38BF1CEB430F01D28B42F5
:10585000704770B500F042F9922449004FF00051B2
:105860004FF08053FFF75CBE10F0004248BF40424B
:10587000B0FA80F310FA03F10AD0C3F11D0303F567
:10588000806302EB03524FEA415002EBD121704793
:105890004FF000007047000051EA030C17D41CF5CC
:1058A000801F58BFBCF5801F00F10680994218BFC9
:1058B000704708BF9042704707D711F5801F58BF47
:1058C00013F5801F19D499427047894270471CF51F
:1058D000801F08D5BCF5801FF7D58B4218BF7047D5
:1058E00008BF824270474FF4001C1CEB410F38BFC9
:1058F0001CEB430F01D28B42704770B500F0EEF8FD
:10590000922449004FF080514FF00053FFF708BE3A
:1059100051EA030C17D41CF5801F58BFBCF5801F3B
:1059200000F10680994218BF704708BF9042704747
:1059300007D711F5801F58BF13F5801F19D499425E
:105940007047894270471CF5801F08D5BCF5801F41
:10595000F7D58B4218BF704708BF824270474FF49B
:10596000001C1CEB410F38BF1CEB430F01D28B42D4
:10597000704770B500F0B2F8922449004FF0005122
:105980004FF08053FFF7CCBD70B5DFF848C11CEA7B
:10599000111E1EBF1CEA13159EEA0C0F95EA0C0F90
:1059A00000F06F8081EA03044EEAD47EAE4421EA1F
:1059B0004C1123EA4C1341F4801143F48013AEF1EF
:1059C0007F7EA1FB024CA0FB0365361955EB0C054D
:1059D000A1FB034C4CF10003A0FB021C16EB0C06D0
:1059E000654153F10003094218BF46F0010613F464
:1059F000007F0BD14FEA03314FEA053041EA1551E0
:105A000040EA165034036FF003020AE04FEAC32164
:105A10004FEAC52041EA555140EA5650F4026FF072
:105A2000020202EB2E4201EB025585EACE710AD04A
:105A30005FEA440C18BF24F0004450F1000041F12B
:105A4000000120EAD47040F2FE7C624500D270BDB5
:105A5000A84214BF4FF080444FF04044002E08BFCE
:105A60000024BEF1806FA8BFA1F1C041BDE8704025
:105A700080F2828001F1C04101F000414FF000004E
:105A800070470CEA13159EEA0C0F18BF95EA0C0F2D
:105A900006D081EA030E4FF000000EF0004170BD09
:105AA00000F01CF88900013E00F007B800F009B8CA
:105AB0004FEA430C5FEA5C5C08D081EA030100F026
:105AC0005BB84FEA410C5FEA5C5CF6D102494FF0EB
:105AD000000070470000FF070000F87F0EF1020E83
:105AE0002EF0030E5EF8046B364205D4012A43EB18
:105AF000030515F5001F12D8012841EB010C1CF518
:105B0000001F0CD80ED14FEAD17C0CEB4C0C0CF1E1
:105B1000020C15F5001F08BF4CEBD37C04E04FF0DE
:105B2000080C01E04FEAD37C0CEB4C0526FA05F695
:105B300006F00706B6F1040C06D20EEB860CBDE8A3
:105B400070404CF0010C6047DFE80CF0090B0202DA
:105B50004FF00041A1F500214FF0000070BD194643
:105B60001046012851EB010418BFD4F5001484BF7E
:105B7000002001F0004170BD0808A0F500114FEAB7
:105B80003101704710B591EA030F48BF83F000431D
:105B90003FF526AC841A71EB030C07D28CF0004C55
:105BA000121943EB0C03001B61EB0C014FEA11547B
:105BB000A4EB135CDFF8A4E11EEA430F18BF9EEAD2
:105BC000445F00F0B48021EA045123EA6E0352429C
:105BD000C3EB6E0338BF5B1EDCF1200E25D322FA27
:105BE0000CFE10EB0E0043FA0CFE41EB0E01CCF163
:105BF000200E03FA0EFE10EB0E00CCF1200E51F138
:105C0000000129D401EB045112FA0EF2BDE8104054
:105C100058BF7047401C1CBFB2F1004F70470028AE
:105C20000CBF491C20F00100704712EB020E43EB41
:105C3000030218BF4FF0010E4EEA4202ACF1200CF5
:105C4000DCF11E0E56D943FA0CFE10EB0E00CCF11F
:105C50001E0E51F1FF31D5D50EF1010E12FA0EFED6
:105C6000404141EB010101EB445C5FEA5C5C10D90F
:105C700001EB045110EBDE7038BFBEF1004FBDE800
:105C8000104018BF704700280CBF491C20F00100CD
:105C9000704734D24FEAD42C24F4006411F500117B
:105CA0001BD0B1FA81F20B3AA41AA41ED2F1200340
:105CB000914030FA03F31943904001EBCC7101EBB2
:105CC0000451002CBDE81040A8BF704701F1C0414D
:105CD00001F000414FF000007047B0FA80F310FA75
:105CE00003F102D1BDE810407047E41A173C4805A3
:105CF000C90AE2E701EB0451BDE8104070474910C2
:105D00004FEA300001EB0451BDE8104002E04FF0D3
:105D1000000170474A0008BF0042F8D0B2F5001FEA
:105D200028BF704701F000414FF0000070479EEA25
:105D3000445F07D011EA5E0FBDE8104004BF0021A8
:105D400000207047BDE8104070B5FFF7C7FE00BFE8
:105D500040DFF63E104683F0004170470000E0FF50
:105D600043004FEAD30C4FEA3C0C43401FBF4007AF
:105D70000CF1605113F0FE4F70471CF0006F03D11F
:105D80000CF00041002070470CF0004343EA5070D3
:105D900040EACC0010B500F038F800BF00000092D7
:105DA0004FEA0001FFF7E8BE4FF00041A1F50021E6
:105DB0004FF00000704710B5FFF71AFD0CBF01202F
:105DC000002010BD10B5FFF713FD14BF0120002007
:105DD00010BD10B5FFF760FD8CBF0120002010BD85
:105DE00010B5FFF759FD2CBF0120002010BD10B5E4
:105DF000FFF78EFD94BF0120002010BD10B5FFF706
:105E000087FD34BF0120002010BD0EF1020E2EF0E0
:105E1000030E5EF8044B244204D44FEA4102B2F16F
:105E20007F4F11D84FEA4003B3F17F4F0CD80ED10A
:105E30004FEAD07C0CEB4C0C0CF1020CB2F17F4F12
:105E400008BF4CEBD17C04E04FF0080C01E04FEAB6
:105E5000D17C0CEB4C0324FA03F404F00704B4F1F6
:105E6000040C06D20EEB840CBDE810404CF0010C83
:105E70006047DFE80CF0070802024FF00040A0F591
:105E8000800010BD0846420018BFD2F1807288BF62
:105E900000F0004010BDF1EE100A4FF6FF71C0F2A5
:105EA000C03120EA010040F04070E1EE100A704776
:105EB000FF2141EAD050C00570470000CDCC4C3ED8
:105EC000CDCC4C3ECDCC4C3E00000000000000008C
:105ED0000000B33FB2BE7D3A00002E40DFCF513804
:105EE00000007E40BF51FABA00E0A44019DAC3BAFC
:105EF00000E0C840C2ED8AB90040EB40CD1F2CBA8B
:105F0000001006412AFFFABA00C01541DFCFD13791
:105F100000D024419A97703A0050334189478E3619
:105F200000404141E75B9D3800B04E41C00A98B93E
:105F300000A05B41558F943A00306841DA92C0BAB4
:105F40000040744162B3C63A0000803F00A0853F24
:105F500000908B3F00C0913F0030983F00F09E3F83
:105F600000F0A53F0050AD3F0000B53F0000BD3F31
:105F70000060C53F0020CE3F0040D73F00C0E03F5B
:105F800000C0EA3F0020F53F000000007D36AC393C
:105F90007D3C3839EBDCF438320A7E39124C263934
:105FA0009B6AED39A4EE83397F661E39F6398A394A
:105FB0002B426539A48211395B991F39C3EECD3963
:105FC000DDE7C637A5A22F390000803FC3AA853F71
:105FD000C2958B3FD3C3913FF037983F32F59E3F38
:105FE000D7FEA53F3F58AD3FF304B53FA408BD3FE2
:105FF0002A67C53F8C24CE3FFD44D73FDFCCE03F2E
:10600000C7C0EA3F7D25F53FF76B01082926000848
:10601000FDFF000000000000800000000000000004
:1060200000000000EE6B0108257E00080300000060
:1060300000000000800000000000000000000000E0
:10604000126C010801B1000800000000000000000F
:10605000800000000000000000000000036C010848
:1060600075A80008FDFF000000000000800000008F
:106070000000000000000000000000000000000020
:1060800001020304060708090000000001020304DE
:10609000005EBCE2613FDD83C29C7E20A3FD1F4108
:1060A0009DC3217FFCA2401E5F01E3BD3E6082DCF8
:1060B000237D9FC1421CFEA0E1BF5D0380DE3C62E8
:1060C000BEE0025CDF81633D7C22C09E1D43A1FFD8
:1060D0004618FAA427799BC584DA3866E5BB5907C8
:1060E000DB856739BAE406581947A5FB7826C49AB8
:1060F000653BD987045AB8E6A7F91B45C6987A24A8
:10610000F8A6441A99C7257B3A6486D85B05E7B997
:106110008CD2306EEDB3510F4E10F2AC2F7193CD87
:10612000114FADF3702ECC92D38D6F31B2EC0E5077
:10613000AFF1134DCE90722C6D33D18F0C52B0EE67
:10614000326C8ED0530DEFB1F0AE4C1291CF2D7357
:10615000CA947628ABF517490856B4EA6937D58B47
:106160005709EBB536688AD495CB2977F4AA481637
:10617000E9B7550B88D6346A2B7597C94A14F6A827
:10618000742AC896154BA9F7B6E80A54D7896B3517
:106190000000891112239B322446AD573665BF7427
:1061A000488CC19D5AAFD3BE6CCAE5DB7EE9F7F8D7
:1061B0008110080193331A22A5562C47B7753E6407
:1061C000C99C408DDBBF52AEEDDA64CBFFF976E8B7
:1061D00002218B30100299132667AF763444BD55E7
:1061E0004AADC3BC588ED19F6EEBE7FA7CC8F5D997
:1061F00083310A2091121803A7772E66B5543C45C7
:10620000CBBD42ACD99E508FEFFB66EAFDD874C976
:1062100004428D5316619F702004A9153227BB36A6
:106220004CCEC5DF5EEDD7FC6888E1997AABF3BA56
:1062300085520C4397711E60A1142805B3373A2686
:10624000CDDE44CFDFFD56ECE9986089FBBB72AA36
:1062500006638F7214409D512225AB343006B91766
:106260004EEFC7FE5CCCD5DD6AA9E3B8788AF19B16
:1062700087730E6295501C41A3352A24B116380746
:10628000CFFF46EEDDDC54CDEBB962A8F99A708BF6
:10629000088481951AA793B62CC2A5D33EE1B7F026
:1062A0004008C919522BDB3A644EED5F766DFF7CD6
:1062B000899400859BB712A6ADD224C3BFF136E006
:1062C000C1184809D33B5A2AE55E6C4FF77D7E6CB6
:1062D0000AA583B4188691972EE3A7F23CC0B5D1E6
:1062E0004229CB38500AD91B666FEF7E744CFD5D96
:1062F0008BB502A499961087AFF326E2BDD034C1C6
:10630000C3394A28D11A580BE77F6E6EF55C7C4D75
:106310000CC685D71EE597F42880A1913AA3B3B2A5
:10632000444ACD5B5669DF78600CE91D722FFB3E55
:106330008DD604C79FF516E4A9902081BBB332A285
:10634000C55A4C4BD7795E68E11C680DF33F7A2E35
:106350000EE787F61CC495D52AA1A3B03882B19365
:10636000466BCF7A5448DD59622DEB3C700EF91F15
:106370008FF706E69DD414C5ABB122A0B992308345
:10638000C77B4E6AD5585C49E33D6A2CF11E780FF5
:1063900000009040000000009A99993F0000B8402A
:1063A0000AD7233CCDCC4C3E40AC037D04014103D5
:1063B000057C00026D0D026D090200061016000634
:1063C000101600000000C844CDCC4C3E0000000078
:1063D0000B080141090242C0030A0B04000000003F
:1063E000920E493CB10AC93C2BC3163D2EFB483DD9
:1063F000752B7B3D04A9963D80B6AF3D36BDC83DAB
:106400002FBCE13D73B2FA3D87CF093E8340163E73
:10641000B5AB223EA2102F3ECF6E3B3EC2C5473EDB
:106420000115543E135C603E7F9A6C3ECCCF783EA3
:10643000C07D823E938E883E229A8E3E32A0943E4C
:1064400086A09A3EE59AA03E128FA63ED47CAC3E32
:10645000EF63B23E2A44B83E491DBE3E15EFC33E2F
:1064600053B9C93ECA7BCF3E4136D53E80E8DA3EBD
:106470004F92E03E7533E63EBBCBEB3EEA5AF13E2F
:10648000CBE0F63E275DFC3EE4E7003F3D9C033F4A
:10649000824B063F9BF5083F6B9A0B3FDA390E3F64
:1064A000CDD3103F2A68133FD9F6153FC07F183F60
:1064B000C6021B3FD17F1D3FCBF61F3F9967223F8E
:1064C00025D2243F5636273F1594293F4AEB2B3FD0
:1064D000DE3B2E3FBB85303FC9C8323FF304353F1A
:1064E000233A373F4268393F3B8F3B3FF9AE3D3F50
:1064F00067C73F3F70D8413F01E2433F03E4453F58
:1065000065DE473F12D1493FF8BB4B3F029F4D3FED
:10651000207A4F3F3D4D513F4918533F31DB543FA7
:10652000E595563F5348583F6AF2593F1A945B3FEE
:10653000532D5D3F05BE5E3F2146603F97C5613FDD
:106540005A3C633F59AA643F880F663FD86B673F48
:106550003CBF683FA7096A3F0C4B6B3F5E836C3FB3
:1065600093B26D3F9ED86E3F73F56F3F0809713F40
:106570005213723F4714733FDD0B743F0BFA743FA5
:10658000C6DE753F07BA763FC58B773FF853783F35
:106590009812793F9DC7793F02737A3FBE147B3FC3
:1065A000CDAC7B3F283B7C3FC9BF7C3FAC3A7D3FB5
:1065B000CCAB7D3F23137E3FB0707E3F6DC47E3FEA
:1065C000580E7F3F6D4E7F3FAB847F3F0FB17F3FC3
:1065D00097D37F3F43EC7F3F11FB7F3F0000803F1D
:1065E00011FB7F3F43EC7F3F97D37F3F0FB17F3F4E
:1065F000AB847F3F6D4E7F3F580E7F3F6DC47E3F23
:10660000B0707E3F23137E3FCCAB7D3FAC3A7D3FE5
:10661000C9BF7C3F283B7C3FCDAC7B3FBE147B3F5A
:1066200002737A3F9DC7793F9812793FF853783FBC
:10663000C58B773F07BA763FC6DE753F0BFA743FCE
:10664000DD0B743F4714733F5213723F0809713FCB
:1066500073F56F3F9ED86E3F93B26D3F5E836C3F84
:106660000C4B6B3FA7096A3F3CBF683FD86B673F45
:10667000880F663F59AA643F5A3C633F97C5613F04
:106680002146603F05BE5E3F532D5D3F1A945B3F40
:106690006AF2593F5348583FE595563F31DB543F26
:1066A0004918533F3D4D513F207A4F3F029F4D3F88
:1066B000F8BB4B3F12D1493F65DE473F03E4453FFE
:1066C00001E2433F70D8413F67C73F3FF9AE3D3FCE
:1066D0003B8F3B3F4268393F233A373FF304353F16
:1066E000C9C8323FBB85303FDE3B2E3F4AEB2B3FD4
:1066F0001594293F5636273F25D2243F9967223FDC
:10670000CBF61F3FD17F1D3FC6021B3FC07F183F06
:10671000D9F6153F2A68133FCDD3103FDA390E3F23
:106720006B9A0B3F9BF5083F824B063F3D9C033F16
:10673000E4E7003F275DFC3ECBE0F63EEA5AF13E3F
:10674000BBCBEB3E7533E63E4F92E03E80E8DA3E4F
:106750004136D53ECA7BCF3E53B9C93E15EFC33E45
:10676000491DBE3E2A44B83EEF63B23ED47CAC3EE7
:10677000128FA63EE59AA03E86A09A3E32A0943E95
:10678000229A8E3E938E883EC07D823ECCCF783E4C
:106790007F9A6C3E135C603E0115543EC2C5473E75
:1067A000CF6E3B3EA2102F3EB5AB223E8340163E3D
:1067B00087CF093E73B2FA3D2FBCE13D36BDC83DDF
:1067C00080B6AF3D04A9963D752B7B3D2EFB483D21
:1067D0002BC3163DB10AC93C920E493C0000000093
:1067E000920E49BCB10AC9BC2BC316BD2EFB48BDD5
:1067F000752B7BBD04A996BD80B6AFBD36BDC8BDA7
:106800002FBCE1BD73B2FABD87CF09BE834016BE6F
:10681000B5AB22BEA2102FBECF6E3BBEC2C547BED7
:10682000011554BE135C60BE7F9A6CBECCCF78BE9F
:10683000C07D82BE938E88BE229A8EBE32A094BE48
:1068400086A09ABEE59AA0BE128FA6BED47CACBE2E
:10685000EF63B2BE2A44B8BE491DBEBE15EFC3BE2B
:1068600053B9C9BECA7BCFBE4136D5BE80E8DABEB9
:106870004F92E0BE7533E6BEBBCBEBBEEA5AF1BE2B
:10688000CBE0F6BE275DFCBEE4E700BF3D9C03BF46
:10689000824B06BF9BF508BF6B9A0BBFDA390EBF60
:1068A000CDD310BF2A6813BFD9F615BFC07F18BF5C
:1068B000C6021BBFD17F1DBFCBF61FBF996722BF8A
:1068C00025D224BF563627BF159429BF4AEB2BBFCC
:1068D000DE3B2EBFBB8530BFC9C832BFF30435BF16
:1068E000233A37BF426839BF3B8F3BBFF9AE3DBF4C
:1068F00067C73FBF70D841BF01E243BF03E445BF54
:1069000065DE47BF12D149BFF8BB4BBF029F4DBFE9
:10691000207A4FBF3D4D51BF491853BF31DB54BFA3
:10692000E59556BF534858BF6AF259BF1A945BBFEA
:10693000532D5DBF05BE5EBF214660BF97C561BFD9
:106940005A3C63BF59AA64BF880F66BFD86B67BF44
:106950003CBF68BFA7096ABF0C4B6BBF5E836CBFAF
:1069600093B26DBF9ED86EBF73F56FBF080971BF3C
:10697000521372BF471473BFDD0B74BF0BFA74BFA1
:10698000C6DE75BF07BA76BFC58B77BFF85378BF31
:10699000981279BF9DC779BF02737ABFBE147BBFBF
:1069A000CDAC7BBF283B7CBFC9BF7CBFAC3A7DBFB1
:1069B000CCAB7DBF23137EBFB0707EBF6DC47EBFE6
:1069C000580E7FBF6D4E7FBFAB847FBF0FB17FBFBF
:1069D00097D37FBF43EC7FBF11FB7FBF000080BF19
:1069E00011FB7FBF43EC7FBF97D37FBF0FB17FBF4A
:1069F000AB847FBF6D4E7FBF580E7FBF6DC47EBF1F
:106A0000B0707EBF23137EBFCCAB7DBFAC3A7DBFE1
:106A1000C9BF7CBF283B7CBFCDAC7BBFBE147BBF56
:106A200002737ABF9DC779BF981279BFF85378BFB8
:106A3000C58B77BF07BA76BFC6DE75BF0BFA74BFCA
:106A4000DD0B74BF471473BF521372BF080971BFC7
:106A500073F56FBF9ED86EBF93B26DBF5E836CBF80
:106A60000C4B6BBFA7096ABF3CBF68BFD86B67BF41
:106A7000880F66BF59AA64BF5A3C63BF97C561BF00
:106A8000214660BF05BE5EBF532D5DBF1A945BBF3C
:106A90006AF259BF534858BFE59556BF31DB54BF22
:106AA000491853BF3D4D51BF207A4FBF029F4DBF84
:106AB000F8BB4BBF12D149BF65DE47BF03E445BFFA
:106AC00001E243BF70D841BF67C73FBFF9AE3DBFCA
:106AD0003B8F3BBF426839BF233A37BFF30435BF12
:106AE000C9C832BFBB8530BFDE3B2EBF4AEB2BBFD0
:106AF000159429BF563627BF25D224BF996722BFD8
:106B0000CBF61FBFD17F1DBFC6021BBFC07F18BF02
:106B1000D9F615BF2A6813BFCDD310BFDA390EBF1F
:106B20006B9A0BBF9BF508BF824B06BF3D9C03BF12
:106B3000E4E700BF275DFCBECBE0F6BEEA5AF1BE3B
:106B4000BBCBEBBE7533E6BE4F92E0BE80E8DABE4B
:106B50004136D5BECA7BCFBE53B9C9BE15EFC3BE41
:106B6000491DBEBE2A44B8BEEF63B2BED47CACBEE3
:106B7000128FA6BEE59AA0BE86A09ABE32A094BE91
:106B8000229A8EBE938E88BEC07D82BECCCF78BE48
:106B90007F9A6CBE135C60BE011554BEC2C547BE71
:106BA000CF6E3BBEA2102FBEB5AB22BE834016BE39
:106BB00087CF09BE73B2FABD2FBCE1BD36BDC8BDDB
:106BC00080B6AFBD04A996BD752B7BBD2EFB48BD1D
:106BD0002BC316BDB10AC9BC920E49BC000000808F
:106BE0005749545F444154415F5441534B00494E0F
:106BF000535F5441534B0047696D62616C5F544170
:106C0000534B0053686F6F745F5441534B0075735F
:106C100062005357495443485F5461736B00757069
:106C2000746F646F776E00646574656374006D6182
:106C30006E69666C6F645F757361727400546D7217
:106C400051007D04017C000240AB03410005530864
:106C5000065804070F000810820911000A15800B5E
:106C600016000C18010D0000886C010800000020BF
:106C7000E0010000EC010008886D0108E00100203F
:106C8000B0A800004C020008812DCDCC1C4104327C
:106C90000132102009E7416B3A58A08B3A4B803FF4
:106CA0000411190423C8C218082043A2FFFFFF8261
:106CB0000429015A920852FF3928B10912100920FB
:106CC00024136DC81B08A5041AB5041AE104131196
:106CD000C91B0849081A7D0429A0111324F4130DB7
:106CE000C5140865C314085DC642081AC50C13B163
:106CF000C21B082908C11361C41B080D041AB9047A
:106D00001AFD1C1409024313020125C03209041B99
:106D100001020B13052416100105240110090104BA
:106D2000240202052406170107058203081510092D
:106D3000040133020A2E0705010240072A810711C8
:106D4000130A0632022A408C1A12231302021E4032
:106D500083044057591B020315131D0B1B0819040C
:106D60001A15041A49041A7D04073C040309041A7D
:106D7000033B807FFC11DB803F18F91014F4010AFB
:086D80001AAA01410000000005
:040000050800018965
:00000001FF
